ID_Producto,Nombre_Producto,Categoria,Precio_MXN,Stock_Disponible
PROD-UNI-00001,Duvalin Bubulubu Originales 185g,Snacks y Sabritas,17.84,294
PROD-UNI-00002,Sabritas Totis Crujientes 315g,Snacks y Sabritas,25.95,178
PROD-UNI-00003,Boing Té Verde Vidrio 400ml,Bebidas y Refrescos,37.45,148
PROD-UNI-00004,Bimbo Paleta Payaso Flaming Hot 401g,Snacks y Sabritas,12.1,87
PROD-UNI-00005,PepsiCo Néctar de Durazno Vidrio 400ml,Bebidas y Refrescos,29.36,237
PROD-UNI-00006,Boing Jugo de Manzana 600ml,Bebidas y Refrescos,19.47,98
PROD-UNI-00007,Jumex Bebida Energética Vidrio 400ml,Bebidas y Refrescos,15.7,117
PROD-UNI-00008,Ciel Té Verde Botella 1L,Bebidas y Refrescos,14.94,231
PROD-UNI-00009,Marinela Chokis Sal Marina 114g,Snacks y Sabritas,47.2,20
PROD-UNI-00010,Ciel Refresco de Manzana Lata 473ml,Bebidas y Refrescos,41.57,237
PROD-UNI-00011,Gamesa Paleta Payaso Con Limón 316g,Snacks y Sabritas,47.8,107
PROD-UNI-00012,Nestlé Salsa Valentina Pouch 200g,Abarrotes y Despensa,57.18,265
PROD-UNI-00013,Ricolino Papas Fuego 32g,Snacks y Sabritas,43.21,95
PROD-UNI-00014,Barcel Bubulubu Queso y Chile 242g,Snacks y Sabritas,38.86,162
PROD-UNI-00015,Herdez Salsa Valentina Botella 370ml,Abarrotes y Despensa,37.62,119
PROD-UNI-00016,Totis Gansito Queso y Chile 144g,Snacks y Sabritas,16.27,157
PROD-UNI-00017,Coca-Cola Company Bebida Energética Lata 473ml,Bebidas y Refrescos,36.22,129
PROD-UNI-00018,Sabritas Papas Adobadas 335g,Snacks y Sabritas,17.67,196
PROD-UNI-00019,Bimex Chocolate en Polvo 1L,Abarrotes y Despensa,70.3,221
PROD-UNI-00020,PepsiCo Refresco de Toronja No Retornable 500ml,Bebidas y Refrescos,32.57,296
PROD-UNI-00021,Grupo Modelo Néctar de Durazno Familia 2L,Bebidas y Refrescos,40.65,108
PROD-UNI-00022,Jumex Bebida Isotónica 600ml,Bebidas y Refrescos,43.12,192
PROD-UNI-00023,Herdez Frijoles Bayos Pouch 200g,Abarrotes y Despensa,51.69,276
PROD-UNI-00024,Peñafiel Refresco de Manzana Pak 4x500ml,Bebidas y Refrescos,23.69,145
PROD-UNI-00025,Duvalin Chokis Flaming Hot 442g,Snacks y Sabritas,34.56,29
PROD-UNI-00026,Barcel Donas Sal Marina 237g,Snacks y Sabritas,42.28,72
PROD-UNI-00027,La Corona Papas Habanero 301g,Snacks y Sabritas,19.97,78
PROD-UNI-00028,Del Valle Agua Purificada Familia 2L,Bebidas y Refrescos,37.37,203
PROD-UNI-00029,Marinela Bubulubu Crema y Especias 153g,Snacks y Sabritas,52.79,250
PROD-UNI-00030,Ricolino Saladitas Sal Marina 444g,Snacks y Sabritas,48.68,256
PROD-UNI-00031,Jumex Néctar de Mango 600ml,Bebidas y Refrescos,28.29,27
PROD-UNI-00032,Sabritas Chokis Queso Nacho 109g,Snacks y Sabritas,54.13,247
PROD-UNI-00033,Grupo Modelo Refresco de Toronja Vidrio 400ml,Bebidas y Refrescos,26.44,65
PROD-UNI-00034,San Marcos Chocolate en Polvo Frasco 400g,Abarrotes y Despensa,23.42,184
PROD-UNI-00035,Bimex Cereal de Maíz Lata 220g,Abarrotes y Despensa,34.5,86
PROD-UNI-00036,Ciel Refresco de Manzana Vidrio 400ml,Bebidas y Refrescos,19.49,102
PROD-UNI-00037,Duvalin Fritos Adobadas 51g,Snacks y Sabritas,12.24,21
PROD-UNI-00038,Ricolino Donas Sal y Limón 83g,Snacks y Sabritas,54.1,138
PROD-UNI-00039,Ricolino Totis Flaming Hot 304g,Snacks y Sabritas,12.2,183
PROD-UNI-00040,Ciel Bebida Energética Vidrio 400ml,Bebidas y Refrescos,29.32,131
PROD-UNI-00041,Sidral Mundet Té Negro Lata 473ml,Bebidas y Refrescos,20.33,80
PROD-UNI-00042,Duvalin Emperador Sal y Limón 224g,Snacks y Sabritas,30.44,254
PROD-UNI-00043,Marinela Totis Queso y Chile 129g,Snacks y Sabritas,13.1,254
PROD-UNI-00044,Totis Donas Flaming Hot 57g,Snacks y Sabritas,30.66,295
PROD-UNI-00045,Ricolino Donas Originales 73g,Snacks y Sabritas,53.11,234
PROD-UNI-00046,Lala Mayonesa Pouch 200g,Abarrotes y Despensa,43.5,69
PROD-UNI-00047,Fuze Tea Refrescos de Cola Lata 473ml,Bebidas y Refrescos,16.41,116
PROD-UNI-00048,Gamesa Papas Sal Marina 354g,Snacks y Sabritas,35.65,208
PROD-UNI-00049,La Corona Gansito Habanero 421g,Snacks y Sabritas,37.85,139
PROD-UNI-00050,Clamato Té Verde Lata 355ml,Bebidas y Refrescos,37.33,193
PROD-UNI-00051,Krilin Saladitas Habanero 129g,Snacks y Sabritas,30.23,151
PROD-UNI-00052,Nestlé Chiles Jalapeños Pouch 200g,Abarrotes y Despensa,26.99,195
PROD-UNI-00053,Barcel cacahuates Sal Marina 333g,Snacks y Sabritas,52.47,87
PROD-UNI-00054,Bonafont Agua Mineral Lata 355ml,Bebidas y Refrescos,27.39,131
PROD-UNI-00055,Bimbo Donas Adobadas 229g,Snacks y Sabritas,52.03,249
PROD-UNI-00056,Churrumais Chips Originales 447g,Snacks y Sabritas,16.45,24
PROD-UNI-00057,Bimex Cereal de Maíz Caja 500g,Abarrotes y Despensa,76.67,179
PROD-UNI-00058,Marinela Chips Con Limón 258g,Snacks y Sabritas,37.1,99
PROD-UNI-00059,Lala Cereal de Maíz Botella 370ml,Abarrotes y Despensa,60.67,91
PROD-UNI-00060,Gamesa cacahuates Fuego 351g,Snacks y Sabritas,12.19,217
PROD-UNI-00061,Totis Totis Sal Marina 179g,Snacks y Sabritas,45.5,288
PROD-UNI-00062,Gamesa Takis Extreme 212g,Snacks y Sabritas,43.39,76
PROD-UNI-00063,Nestlé Salsa Valentina Caja 500g,Abarrotes y Despensa,20.63,193
PROD-UNI-00064,Sabritas Chips Crema y Especias 120g,Snacks y Sabritas,47.07,262
PROD-UNI-00065,Clamato Néctar de Mango Pak 4x500ml,Bebidas y Refrescos,24.23,101
PROD-UNI-00066,Fuze Tea Té Negro Botella 1L,Bebidas y Refrescos,41.58,68
PROD-UNI-00067,Ricolino Totis Sal Marina 208g,Snacks y Sabritas,16.95,157
PROD-UNI-00068,Totis Saladitas Sal Marina 327g,Snacks y Sabritas,15.39,68
PROD-UNI-00069,Barcel Emperador Originales 416g,Snacks y Sabritas,52.35,90
PROD-UNI-00070,La Corona Saladitas Crema y Especias 65g,Snacks y Sabritas,30.43,275
PROD-UNI-00071,Marinela Papas Queso y Chile 228g,Snacks y Sabritas,46.78,186
PROD-UNI-00072,Herdez Atún en Aceite 1L,Abarrotes y Despensa,71.41,291
PROD-UNI-00073,Ciel Bebida Isotónica Vidrio 400ml,Bebidas y Refrescos,18.02,279
PROD-UNI-00074,Alpura Mayonesa Caja 500g,Abarrotes y Despensa,71.1,191
PROD-UNI-00075,Totis Bubulubu Sal y Limón 178g,Snacks y Sabritas,16.76,183
PROD-UNI-00076,Coca-Cola Company Néctar de Durazno Lata 355ml,Bebidas y Refrescos,25.88,202
PROD-UNI-00077,Jarritos Té Negro Lata 355ml,Bebidas y Refrescos,25.16,268
PROD-UNI-00078,Sidral Mundet Néctar de Mango No Retornable 500ml,Bebidas y Refrescos,47.81,229
PROD-UNI-00079,La Costeña Leche Deslactosada Botella 370ml,Abarrotes y Despensa,56.38,121
PROD-UNI-00080,Bimbo Gansito Originales 69g,Snacks y Sabritas,30.39,272
PROD-UNI-00081,Duvalin Emperador Crema y Especias 262g,Snacks y Sabritas,41.04,86
PROD-UNI-00082,Coca-Cola Company Agua Purificada Botella 1L,Bebidas y Refrescos,30.92,30
PROD-UNI-00083,Duvalin Chokis Crema y Especias 337g,Snacks y Sabritas,22.19,230
PROD-UNI-00084,Barcel Fritos Originales 327g,Snacks y Sabritas,40.4,167
PROD-UNI-00085,San Marcos Salsa Valentina Botella 370ml,Abarrotes y Despensa,69.22,254
PROD-UNI-00086,Sonrics Papas Fuego 69g,Snacks y Sabritas,30.4,87
PROD-UNI-00087,Del Valle Agua Purificada Botella 1L,Bebidas y Refrescos,22.11,51
PROD-UNI-00088,La Corona Donas Sal y Limón 316g,Snacks y Sabritas,13.83,25
PROD-UNI-00089,Totis Papas Extreme 328g,Snacks y Sabritas,26.39,46
PROD-UNI-00090,Bonafont Refresco de Manzana 600ml,Bebidas y Refrescos,23.69,245
PROD-UNI-00091,La Costeña Mayonesa Pouch 200g,Abarrotes y Despensa,63.22,78
PROD-UNI-00092,Jumex Té Verde Vidrio 400ml,Bebidas y Refrescos,35.65,81
PROD-UNI-00093,Sonrics Gansito Con Limón 179g,Snacks y Sabritas,36.84,124
PROD-UNI-00094,Barcel Emperador Con Limón 131g,Snacks y Sabritas,31.15,300
PROD-UNI-00095,La Corona Papas Fuego 411g,Snacks y Sabritas,36.63,209
PROD-UNI-00096,Churrumais Kranky Adobadas 177g,Snacks y Sabritas,48.34,56
PROD-UNI-00097,Lala Atún en Aceite Caja 500g,Abarrotes y Despensa,51.06,35
PROD-UNI-00098,Sonrics Takis Crema y Especias 33g,Snacks y Sabritas,38.92,266
PROD-UNI-00099,Totis Donas Sal Marina 79g,Snacks y Sabritas,37.38,234
PROD-UNI-00100,Marinela Paleta Payaso Crema y Especias 413g,Snacks y Sabritas,27.97,149
PROD-UNI-00101,Mafer Donas Con Limón 252g,Snacks y Sabritas,14,245
PROD-UNI-00102,Churrumais Totis Queso Nacho 197g,Snacks y Sabritas,40.26,179
PROD-UNI-00103,Ciel Néctar de Mango Vidrio 400ml,Bebidas y Refrescos,42.51,275
PROD-UNI-00104,Clamato Agua Purificada Vidrio 400ml,Bebidas y Refrescos,44.19,210
PROD-UNI-00105,Del Valle Agua Mineral No Retornable 500ml,Bebidas y Refrescos,29.7,281
PROD-UNI-00106,Duvalin Papas Fuego 417g,Snacks y Sabritas,29.05,140
PROD-UNI-00107,Barcel Emperador Sal Marina 153g,Snacks y Sabritas,18.19,95
PROD-UNI-00108,Gamesa Takis Queso Nacho 35g,Snacks y Sabritas,51.89,161
PROD-UNI-00109,Bimex Cereal de Maíz Botella 370ml,Abarrotes y Despensa,35.89,177
PROD-UNI-00110,Krilin Cheetos Originales 228g,Snacks y Sabritas,50.65,265
PROD-UNI-00111,Boing Jugo de Manzana Vidrio 400ml,Bebidas y Refrescos,21.78,29
PROD-UNI-00112,Sonrics Cheetos Queso Nacho 332g,Snacks y Sabritas,41.9,101
PROD-UNI-00113,Bimbo Donas Queso y Chile 305g,Snacks y Sabritas,24.53,252
PROD-UNI-00114,Bonafont Jugo de Manzana Lata 355ml,Bebidas y Refrescos,32.9,183
PROD-UNI-00115,Jumex Agua Mineral 600ml,Bebidas y Refrescos,15.79,289
PROD-UNI-00116,La Corona cacahuates Queso Nacho 430g,Snacks y Sabritas,22.81,300
PROD-UNI-00117,Duvalin Cheetos Queso Nacho 329g,Snacks y Sabritas,15.78,86
PROD-UNI-00118,Gamesa Kranky Extreme 400g,Snacks y Sabritas,39.36,77
PROD-UNI-00119,La Corona Crujitos Originales 70g,Snacks y Sabritas,17.41,182
PROD-UNI-00120,Sabritas Kranky Adobadas 417g,Snacks y Sabritas,47.09,131
PROD-UNI-00121,Jumex Jugo de Manzana Lata 473ml,Bebidas y Refrescos,44.27,77
PROD-UNI-00122,Clamato Agua Purificada 600ml,Bebidas y Refrescos,27.42,189
PROD-UNI-00123,Knorr Cereal de Maíz Frasco 400g,Abarrotes y Despensa,70.99,207
PROD-UNI-00124,Churrumais Emperador Extreme 119g,Snacks y Sabritas,22.87,147
PROD-UNI-00125,Clamato Bebida Isotónica No Retornable 500ml,Bebidas y Refrescos,19.3,90
PROD-UNI-00126,La Corona Paleta Payaso Adobadas 243g,Snacks y Sabritas,46.71,250
PROD-UNI-00127,La Corona Kranky Habanero 160g,Snacks y Sabritas,53.33,208
PROD-UNI-00128,Duvalin Emperador Extreme 113g,Snacks y Sabritas,12.34,190
PROD-UNI-00129,La Corona Saladitas Extreme 171g,Snacks y Sabritas,34.8,34
PROD-UNI-00130,Del Valle Refresco de Naranja Pak 4x500ml,Bebidas y Refrescos,34.65,60
PROD-UNI-00131,Totis Saladitas Fuego 70g,Snacks y Sabritas,49.29,25
PROD-UNI-00132,Marinela Paleta Payaso Sal Marina 355g,Snacks y Sabritas,36.49,175
PROD-UNI-00133,Sabritas Chips Originales 84g,Snacks y Sabritas,31.85,110
PROD-UNI-00134,Ricolino Chips Fuego 158g,Snacks y Sabritas,28.68,72
PROD-UNI-00135,PepsiCo Agua Purificada Lata 355ml,Bebidas y Refrescos,26.08,152
PROD-UNI-00136,Bonafont Refresco de Naranja 600ml,Bebidas y Refrescos,33.81,149
PROD-UNI-00137,Churrumais Saladitas Extreme 440g,Snacks y Sabritas,29.28,196
PROD-UNI-00138,San Marcos Atún en Aceite Caja 500g,Abarrotes y Despensa,78.92,115
PROD-UNI-00139,Gamesa Crujitos Crema y Especias 445g,Snacks y Sabritas,31.67,17
PROD-UNI-00140,Gamesa Totis Adobadas 322g,Snacks y Sabritas,17.64,154
PROD-UNI-00141,Grupo Modelo Refresco de Naranja Lata 473ml,Bebidas y Refrescos,22.43,298
PROD-UNI-00142,Barcel Saladitas Queso y Chile 412g,Snacks y Sabritas,51.49,63
PROD-UNI-00143,La Corona Paleta Payaso Crujientes 382g,Snacks y Sabritas,30.65,180
PROD-UNI-00144,Sidral Mundet Refresco de Toronja Lata 473ml,Bebidas y Refrescos,41.39,153
PROD-UNI-00145,Coca-Cola Company Té Verde No Retornable 500ml,Bebidas y Refrescos,23.13,240
PROD-UNI-00146,Clamato Refresco de Toronja Familia 2L,Bebidas y Refrescos,23.89,100
PROD-UNI-00147,Boing Refresco de Toronja Lata 473ml,Bebidas y Refrescos,31.54,154
PROD-UNI-00148,Del Valle Refresco de Toronja No Retornable 500ml,Bebidas y Refrescos,44.68,296
PROD-UNI-00149,Lala Leche Deslactosada Botella 370ml,Abarrotes y Despensa,84.18,198
PROD-UNI-00150,Ricolino Totis Con Limón 160g,Snacks y Sabritas,22.95,262
PROD-UNI-00151,La Costeña Mayonesa 1L,Abarrotes y Despensa,23.29,59
PROD-UNI-00152,Barcel Cheetos Habanero 334g,Snacks y Sabritas,16.05,290
PROD-UNI-00153,PepsiCo Agua Purificada Lata 473ml,Bebidas y Refrescos,26.49,40
PROD-UNI-00154,Bimex Chiles Jalapeños Pouch 200g,Abarrotes y Despensa,55.82,189
PROD-UNI-00155,Marinela Chokis Crujientes 432g,Snacks y Sabritas,17.29,231
PROD-UNI-00156,Sabritas cacahuates Extreme 42g,Snacks y Sabritas,44.5,187
PROD-UNI-00157,Sonrics Papas Habanero 375g,Snacks y Sabritas,54.07,217
PROD-UNI-00158,Sonrics Papas Queso y Chile 54g,Snacks y Sabritas,50.07,189
PROD-UNI-00159,Marinela Donas Extreme 166g,Snacks y Sabritas,49.31,70
PROD-UNI-00160,Gamesa Cheetos Originales 439g,Snacks y Sabritas,15.73,255
PROD-UNI-00161,Churrumais Fritos Con Limón 374g,Snacks y Sabritas,38.97,19
PROD-UNI-00162,Fuze Tea Néctar de Durazno Lata 355ml,Bebidas y Refrescos,25.16,44
PROD-UNI-00163,Lala Leche Entera Frasco 400g,Abarrotes y Despensa,62.26,62
PROD-UNI-00164,Barcel Bubulubu Crema y Especias 293g,Snacks y Sabritas,18.83,129
PROD-UNI-00165,Sonrics cacahuates Flaming Hot 306g,Snacks y Sabritas,54.68,77
PROD-UNI-00166,Del Valle Refresco de Naranja Vidrio 400ml,Bebidas y Refrescos,33.72,181
PROD-UNI-00167,Totis Bubulubu Habanero 378g,Snacks y Sabritas,23.09,160
PROD-UNI-00168,Bimbo Fritos Crujientes 271g,Snacks y Sabritas,31.19,248
PROD-UNI-00169,Sonrics Fritos Sal Marina 375g,Snacks y Sabritas,45.3,49
PROD-UNI-00170,Krilin Chokis Habanero 122g,Snacks y Sabritas,16.03,258
PROD-UNI-00171,San Marcos Leche Entera Caja 500g,Abarrotes y Despensa,58.41,76
PROD-UNI-00172,Churrumais cacahuates Crujientes 76g,Snacks y Sabritas,35.65,261
PROD-UNI-00173,Knorr Mayonesa Botella 370ml,Abarrotes y Despensa,22.35,87
PROD-UNI-00174,Ricolino Bubulubu Adobadas 177g,Snacks y Sabritas,32.81,33
PROD-UNI-00175,Coca-Cola Company Jugo de Manzana Botella 1L,Bebidas y Refrescos,21.71,171
PROD-UNI-00176,Marinela Takis Extreme 250g,Snacks y Sabritas,33.97,23
PROD-UNI-00177,Sabritas Cheetos Queso y Chile 75g,Snacks y Sabritas,16.44,234
PROD-UNI-00178,Nestlé Cereal de Maíz Botella 370ml,Abarrotes y Despensa,62.25,117
PROD-UNI-00179,Coca-Cola Company Bebida Energética Pak 4x500ml,Bebidas y Refrescos,21.19,171
PROD-UNI-00180,San Marcos Chiles Jalapeños 1L,Abarrotes y Despensa,21.64,140
PROD-UNI-00181,Ricolino Takis Sal y Limón 199g,Snacks y Sabritas,22.31,214
PROD-UNI-00182,Lala Salsa Valentina 1L,Abarrotes y Despensa,22.87,25
PROD-UNI-00183,Jarritos Néctar de Durazno No Retornable 500ml,Bebidas y Refrescos,45.91,149
PROD-UNI-00184,Mafer Fritos Fuego 32g,Snacks y Sabritas,42.45,213
PROD-UNI-00185,Barcel Bubulubu Fuego 381g,Snacks y Sabritas,39.76,139
PROD-UNI-00186,Sabritas Emperador Queso y Chile 202g,Snacks y Sabritas,22.27,113
PROD-UNI-00187,La Corona Emperador Extreme 54g,Snacks y Sabritas,16.91,16
PROD-UNI-00188,Sidral Mundet Refrescos de Cola Lata 473ml,Bebidas y Refrescos,22.64,188
PROD-UNI-00189,Alpura Frijoles Bayos Pouch 200g,Abarrotes y Despensa,44.03,241
PROD-UNI-00190,Coca-Cola Company Refresco de Naranja Vidrio 400ml,Bebidas y Refrescos,31.79,194
PROD-UNI-00191,Ciel Agua Mineral Lata 473ml,Bebidas y Refrescos,33.44,199
PROD-UNI-00192,Peñafiel Néctar de Mango 600ml,Bebidas y Refrescos,39.63,255
PROD-UNI-00193,Herdez Chocolate en Polvo 1L,Abarrotes y Despensa,45.29,184
PROD-UNI-00194,Peñafiel Té Negro Pak 4x500ml,Bebidas y Refrescos,22.95,202
PROD-UNI-00195,Marinela Gansito Queso y Chile 140g,Snacks y Sabritas,16.56,198
PROD-UNI-00196,Boing Néctar de Durazno Lata 355ml,Bebidas y Refrescos,41.57,87
PROD-UNI-00197,Barcel Chips Fuego 338g,Snacks y Sabritas,48.85,125
PROD-UNI-00198,Mafer Bubulubu Sal Marina 267g,Snacks y Sabritas,20.8,101
PROD-UNI-00199,Marinela cacahuates Sal y Limón 118g,Snacks y Sabritas,19.22,71
PROD-UNI-00200,McCormick Chiles Jalapeños Botella 370ml,Abarrotes y Despensa,23.28,84
PROD-UNI-00201,Totis Emperador Habanero 145g,Snacks y Sabritas,54.99,154
PROD-UNI-00202,Grupo Modelo Bebida Energética Familia 2L,Bebidas y Refrescos,34.08,106
PROD-UNI-00203,Sidral Mundet Refresco de Toronja Familia 2L,Bebidas y Refrescos,27.45,154
PROD-UNI-00204,La Corona Bubulubu Originales 334g,Snacks y Sabritas,43.86,267
PROD-UNI-00205,Churrumais Cheetos Originales 126g,Snacks y Sabritas,52.89,147
PROD-UNI-00206,Krilin Cheetos Sal Marina 237g,Snacks y Sabritas,43.67,53
PROD-UNI-00207,Krilin Fritos Flaming Hot 386g,Snacks y Sabritas,30.91,133
PROD-UNI-00208,Marinela Takis Fuego 447g,Snacks y Sabritas,13.81,150
PROD-UNI-00209,PepsiCo Jugo de Manzana Pak 4x500ml,Bebidas y Refrescos,34.25,163
PROD-UNI-00210,Sidral Mundet Refrescos de Cola Botella 1L,Bebidas y Refrescos,39.41,237
PROD-UNI-00211,San Marcos Salsa Valentina Frasco 400g,Abarrotes y Despensa,50.38,213
PROD-UNI-00212,Boing Té Verde Familia 2L,Bebidas y Refrescos,40.8,247
PROD-UNI-00213,La Corona Emperador Queso y Chile 445g,Snacks y Sabritas,44.3,80
PROD-UNI-00214,Ciel Néctar de Mango Lata 473ml,Bebidas y Refrescos,29.84,242
PROD-UNI-00215,La Costeña Atún en Aceite Frasco 400g,Abarrotes y Despensa,48.58,267
PROD-UNI-00216,Sabritas Gansito Sal Marina 276g,Snacks y Sabritas,24.94,296
PROD-UNI-00217,Duvalin Kranky Habanero 142g,Snacks y Sabritas,44.28,27
PROD-UNI-00218,Clamato Néctar de Mango 600ml,Bebidas y Refrescos,44.99,221
PROD-UNI-00219,Krilin cacahuates Originales 103g,Snacks y Sabritas,48.13,256
PROD-UNI-00220,Marinela Kranky Adobadas 74g,Snacks y Sabritas,12.86,184
PROD-UNI-00221,Sonrics cacahuates Queso y Chile 359g,Snacks y Sabritas,31.14,256
PROD-UNI-00222,Marinela Bubulubu Queso y Chile 147g,Snacks y Sabritas,26.34,157
PROD-UNI-00223,Mafer Paleta Payaso Crema y Especias 364g,Snacks y Sabritas,23.26,270
PROD-UNI-00224,Del Valle Jugo de Manzana Lata 473ml,Bebidas y Refrescos,42.36,22
PROD-UNI-00225,Krilin Kranky Queso Nacho 314g,Snacks y Sabritas,22.35,210
PROD-UNI-00226,PepsiCo Agua Purificada Familia 2L,Bebidas y Refrescos,43.99,121
PROD-UNI-00227,Totis Papas Sal Marina 82g,Snacks y Sabritas,36.99,185
PROD-UNI-00228,Bonafont Jugo de Manzana Lata 473ml,Bebidas y Refrescos,23.66,237
PROD-UNI-00229,Knorr Mayonesa Caja 500g,Abarrotes y Despensa,55.57,139
PROD-UNI-00230,Gamesa Donas Sal Marina 111g,Snacks y Sabritas,17.63,142
PROD-UNI-00231,PepsiCo Néctar de Mango No Retornable 500ml,Bebidas y Refrescos,19.39,72
PROD-UNI-00232,Marinela Takis Originales 157g,Snacks y Sabritas,41.12,196
PROD-UNI-00233,Coca-Cola Company Agua Purificada Pak 4x500ml,Bebidas y Refrescos,22.95,286
PROD-UNI-00234,Ciel Refresco de Naranja Lata 355ml,Bebidas y Refrescos,20.58,147
PROD-UNI-00235,Gamesa Saladitas Crema y Especias 327g,Snacks y Sabritas,23.36,207
PROD-UNI-00236,San Marcos Salsa Valentina Pouch 200g,Abarrotes y Despensa,49.28,217
PROD-UNI-00237,Peñafiel Té Verde Vidrio 400ml,Bebidas y Refrescos,32.76,129
PROD-UNI-00238,Bonafont Néctar de Durazno Lata 473ml,Bebidas y Refrescos,35.7,23
PROD-UNI-00239,Bimbo Emperador Extreme 67g,Snacks y Sabritas,26.36,87
PROD-UNI-00240,Ricolino Saladitas Queso Nacho 333g,Snacks y Sabritas,25.34,159
PROD-UNI-00241,Lala Mayonesa Lata 220g,Abarrotes y Despensa,27.51,43
PROD-UNI-00242,Clamato Refresco de Manzana Lata 355ml,Bebidas y Refrescos,36.81,22
PROD-UNI-00243,Boing Néctar de Mango Vidrio 400ml,Bebidas y Refrescos,22.82,212
PROD-UNI-00244,Krilin Crujitos Queso Nacho 246g,Snacks y Sabritas,46.49,186
PROD-UNI-00245,Totis cacahuates Crujientes 112g,Snacks y Sabritas,39.65,143
PROD-UNI-00246,Alpura Leche Deslactosada Botella 370ml,Abarrotes y Despensa,63.8,290
PROD-UNI-00247,Bimex Frijoles Bayos Frasco 400g,Abarrotes y Despensa,83.92,26
PROD-UNI-00248,Barcel Cheetos Queso y Chile 144g,Snacks y Sabritas,39.75,80
PROD-UNI-00249,Krilin Fritos Con Limón 431g,Snacks y Sabritas,28.5,153
PROD-UNI-00250,Jumex Bebida Isotónica Pak 4x500ml,Bebidas y Refrescos,28.15,172
PROD-UNI-00251,Boing Agua Purificada Pak 4x500ml,Bebidas y Refrescos,32,19
PROD-UNI-00252,Sonrics Takis Queso Nacho 88g,Snacks y Sabritas,43.17,280
PROD-UNI-00253,Lala Cereal de Maíz Lata 140g,Abarrotes y Despensa,47.16,112
PROD-UNI-00254,Clamato Agua Mineral Lata 473ml,Bebidas y Refrescos,37.58,264
PROD-UNI-00255,Clamato Agua Purificada No Retornable 500ml,Bebidas y Refrescos,22.73,33
PROD-UNI-00256,La Corona Fritos Con Limón 140g,Snacks y Sabritas,38.93,283
PROD-UNI-00257,Bimbo Papas Extreme 375g,Snacks y Sabritas,48.5,58
PROD-UNI-00258,Knorr Leche Entera Botella 370ml,Abarrotes y Despensa,45.67,158
PROD-UNI-00259,Sonrics Papas Sal y Limón 205g,Snacks y Sabritas,48.25,19
PROD-UNI-00260,Bimex Leche Entera Frasco 400g,Abarrotes y Despensa,49.63,221
PROD-UNI-00261,Sonrics Takis Flaming Hot 173g,Snacks y Sabritas,53.62,216
PROD-UNI-00262,Knorr Sopa de Tomate Frasco 400g,Abarrotes y Despensa,53.28,174
PROD-UNI-00263,Coca-Cola Company Refresco de Naranja Familia 2L,Bebidas y Refrescos,18.04,211
PROD-UNI-00264,Bimbo Crujitos Crujientes 434g,Snacks y Sabritas,21.89,17
PROD-UNI-00265,Barcel Totis Habanero 254g,Snacks y Sabritas,21.44,244
PROD-UNI-00266,San Marcos Leche Deslactosada Caja 500g,Abarrotes y Despensa,70.72,300
PROD-UNI-00267,Krilin Papas Flaming Hot 422g,Snacks y Sabritas,24.02,272
PROD-UNI-00268,Barcel Bubulubu Queso Nacho 135g,Snacks y Sabritas,29.99,110
PROD-UNI-00269,Jumex Agua Mineral Botella 1L,Bebidas y Refrescos,35.54,232
PROD-UNI-00270,Alpura Salsa Valentina 1L,Abarrotes y Despensa,82.12,241
PROD-UNI-00271,Krilin Donas Habanero 53g,Snacks y Sabritas,43.09,200
PROD-UNI-00272,Barcel Papas Crema y Especias 112g,Snacks y Sabritas,13.19,211
PROD-UNI-00273,Gamesa Cheetos Crema y Especias 375g,Snacks y Sabritas,35.8,278
PROD-UNI-00274,Clamato Agua Mineral Lata 355ml,Bebidas y Refrescos,24.3,211
PROD-UNI-00275,Churrumais Saladitas Flaming Hot 95g,Snacks y Sabritas,15.51,261
PROD-UNI-00276,Peñafiel Jugo de Manzana Familia 2L,Bebidas y Refrescos,42.97,74
PROD-UNI-00277,Krilin Cheetos Con Limón 357g,Snacks y Sabritas,33.28,293
PROD-UNI-00278,Sabritas Chips Sal y Limón 443g,Snacks y Sabritas,20.85,208
PROD-UNI-00279,Krilin Fritos Queso y Chile 378g,Snacks y Sabritas,40.49,222
PROD-UNI-00280,Churrumais Kranky Flaming Hot 185g,Snacks y Sabritas,30.65,244
PROD-UNI-00281,Barcel Saladitas Fuego 77g,Snacks y Sabritas,48.68,208
PROD-UNI-00282,Duvalin Cheetos Fuego 279g,Snacks y Sabritas,39.72,111
PROD-UNI-00283,Clamato Refresco de Toronja No Retornable 500ml,Bebidas y Refrescos,43.9,225
PROD-UNI-00284,Duvalin Paleta Payaso Adobadas 56g,Snacks y Sabritas,20.92,114
PROD-UNI-00285,Barcel Bubulubu Originales 245g,Snacks y Sabritas,34.06,74
PROD-UNI-00286,La Corona Gansito Con Limón 76g,Snacks y Sabritas,49.39,280
PROD-UNI-00287,Totis Paleta Payaso Fuego 316g,Snacks y Sabritas,40.43,18
PROD-UNI-00288,Fuze Tea Refresco de Toronja Botella 1L,Bebidas y Refrescos,45.63,186
PROD-UNI-00289,Mafer Totis Extreme 75g,Snacks y Sabritas,22,46
PROD-UNI-00290,Bimbo Paleta Payaso Queso y Chile 46g,Snacks y Sabritas,27.32,114
PROD-UNI-00291,Gamesa Bubulubu Flaming Hot 276g,Snacks y Sabritas,28.01,193
PROD-UNI-00292,Mafer Crujitos Extreme 314g,Snacks y Sabritas,21,46
PROD-UNI-00293,Grupo Modelo Néctar de Mango Lata 473ml,Bebidas y Refrescos,30.05,236
PROD-UNI-00294,Sonrics Emperador Crujientes 255g,Snacks y Sabritas,21.56,246
PROD-UNI-00295,Churrumais Kranky Crema y Especias 389g,Snacks y Sabritas,49.49,44
PROD-UNI-00296,Gamesa Paleta Payaso Crujientes 432g,Snacks y Sabritas,33.29,83
PROD-UNI-00297,PepsiCo Néctar de Durazno Botella 1L,Bebidas y Refrescos,30.56,229
PROD-UNI-00298,Duvalin Kranky Fuego 45g,Snacks y Sabritas,13.68,58
PROD-UNI-00299,Churrumais cacahuates Flaming Hot 239g,Snacks y Sabritas,27.07,180
PROD-UNI-00300,Bimbo Bubulubu Fuego 329g,Snacks y Sabritas,53.64,126
PROD-UNI-00301,McCormick Mayonesa Lata 140g,Abarrotes y Despensa,58.46,38
PROD-UNI-00302,Barcel Donas Con Limón 426g,Snacks y Sabritas,54.19,209
PROD-UNI-00303,Fuze Tea Jugo de Manzana Lata 473ml,Bebidas y Refrescos,30.68,73
PROD-UNI-00304,La Corona Chips Sal Marina 201g,Snacks y Sabritas,41.28,20
PROD-UNI-00305,Totis Fritos Habanero 276g,Snacks y Sabritas,39.52,242
PROD-UNI-00306,Coca-Cola Company Agua Mineral Vidrio 400ml,Bebidas y Refrescos,35.04,49
PROD-UNI-00307,Clamato Néctar de Durazno Botella 1L,Bebidas y Refrescos,27.64,139
PROD-UNI-00308,Knorr Frijoles Bayos Botella 370ml,Abarrotes y Despensa,81.94,98
PROD-UNI-00309,Boing Jugo de Manzana Pak 4x500ml,Bebidas y Refrescos,27.72,228
PROD-UNI-00310,Mafer Papas Con Limón 352g,Snacks y Sabritas,31.89,168
PROD-UNI-00311,Mafer Emperador Queso Nacho 429g,Snacks y Sabritas,51.86,149
PROD-UNI-00312,Totis Takis Flaming Hot 422g,Snacks y Sabritas,35.46,126
PROD-UNI-00313,Sabritas Bubulubu Sal Marina 148g,Snacks y Sabritas,32.54,57
PROD-UNI-00314,Sidral Mundet Refrescos de Cola Pak 4x500ml,Bebidas y Refrescos,17.57,37
PROD-UNI-00315,Ciel Refresco de Manzana Botella 1L,Bebidas y Refrescos,31.11,205
PROD-UNI-00316,Marinela Fritos Con Limón 417g,Snacks y Sabritas,45.35,83
PROD-UNI-00317,Totis Cheetos Fuego 59g,Snacks y Sabritas,36.74,184
PROD-UNI-00318,Krilin Cheetos Habanero 111g,Snacks y Sabritas,36.4,50
PROD-UNI-00319,Sabritas Kranky Queso Nacho 448g,Snacks y Sabritas,16.61,200
PROD-UNI-00320,Bimbo Crujitos Fuego 182g,Snacks y Sabritas,22.23,20
PROD-UNI-00321,San Marcos Cereal de Maíz Caja 500g,Abarrotes y Despensa,63.03,294
PROD-UNI-00322,Churrumais Takis Sal Marina 387g,Snacks y Sabritas,44.27,28
PROD-UNI-00323,Lala Chiles Jalapeños Lata 140g,Abarrotes y Despensa,24.8,124
PROD-UNI-00324,Del Valle Refrescos de Cola Lata 473ml,Bebidas y Refrescos,18.62,273
PROD-UNI-00325,San Marcos Cereal de Maíz Lata 140g,Abarrotes y Despensa,67.07,201
PROD-UNI-00326,Clamato Té Verde 600ml,Bebidas y Refrescos,29.8,247
PROD-UNI-00327,Coca-Cola Company Té Negro Vidrio 400ml,Bebidas y Refrescos,25.12,282
PROD-UNI-00328,Sabritas Papas Fuego 416g,Snacks y Sabritas,13.37,94
PROD-UNI-00329,Sonrics Totis Queso y Chile 329g,Snacks y Sabritas,24.69,284
PROD-UNI-00330,Bimbo Fritos Extreme 284g,Snacks y Sabritas,19.29,19
PROD-UNI-00331,Totis cacahuates Queso y Chile 358g,Snacks y Sabritas,12.19,296
PROD-UNI-00332,San Marcos Atún en Aceite Frasco 400g,Abarrotes y Despensa,65.23,163
PROD-UNI-00333,Marinela Bubulubu Originales 152g,Snacks y Sabritas,15,158
PROD-UNI-00334,Clamato Néctar de Mango No Retornable 500ml,Bebidas y Refrescos,20.49,180
PROD-UNI-00335,Bimbo Bubulubu Adobadas 240g,Snacks y Sabritas,43.57,248
PROD-UNI-00336,La Costeña Chiles Jalapeños Lata 220g,Abarrotes y Despensa,49.83,161
PROD-UNI-00337,Sidral Mundet Néctar de Durazno Pak 4x500ml,Bebidas y Refrescos,14.55,123
PROD-UNI-00338,Coca-Cola Company Bebida Isotónica Botella 1L,Bebidas y Refrescos,29.93,89
PROD-UNI-00339,Marinela Gansito Crujientes 198g,Snacks y Sabritas,43.53,35
PROD-UNI-00340,McCormick Mayonesa Botella 370ml,Abarrotes y Despensa,76.28,68
PROD-UNI-00341,Ricolino Donas Fuego 33g,Snacks y Sabritas,32.13,151
PROD-UNI-00342,Totis Chokis Crujientes 351g,Snacks y Sabritas,25.36,34
PROD-UNI-00343,Nestlé Sopa de Tomate Lata 220g,Abarrotes y Despensa,66.14,16
PROD-UNI-00344,Boing Té Negro 600ml,Bebidas y Refrescos,44.75,72
PROD-UNI-00345,Churrumais Donas Queso y Chile 121g,Snacks y Sabritas,23.38,257
PROD-UNI-00346,Mafer Paleta Payaso Flaming Hot 384g,Snacks y Sabritas,51.35,232
PROD-UNI-00347,San Marcos Cereal de Maíz Lata 220g,Abarrotes y Despensa,64,132
PROD-UNI-00348,Clamato Bebida Energética Vidrio 400ml,Bebidas y Refrescos,21.56,156
PROD-UNI-00349,Krilin Bubulubu Fuego 351g,Snacks y Sabritas,15.42,121
PROD-UNI-00350,Krilin Bubulubu Con Limón 273g,Snacks y Sabritas,23.36,285
PROD-UNI-00351,Bimex Chiles Jalapeños Lata 220g,Abarrotes y Despensa,81.55,215
PROD-UNI-00352,McCormick Salsa Valentina Lata 220g,Abarrotes y Despensa,70.51,191
PROD-UNI-00353,Duvalin Crujitos Con Limón 65g,Snacks y Sabritas,26.26,159
PROD-UNI-00354,Herdez Chocolate en Polvo Lata 140g,Abarrotes y Despensa,63.68,85
PROD-UNI-00355,Bonafont Agua Purificada Botella 1L,Bebidas y Refrescos,23.5,108
PROD-UNI-00356,Boing Agua Mineral 600ml,Bebidas y Refrescos,41.55,298
PROD-UNI-00357,Marinela Chips Queso y Chile 282g,Snacks y Sabritas,35.57,18
PROD-UNI-00358,Clamato Refresco de Manzana Vidrio 400ml,Bebidas y Refrescos,32.1,245
PROD-UNI-00359,Mafer Emperador Sal Marina 39g,Snacks y Sabritas,44.35,69
PROD-UNI-00360,Gamesa Chokis Habanero 243g,Snacks y Sabritas,19.31,280
PROD-UNI-00361,Sonrics Donas Flaming Hot 352g,Snacks y Sabritas,16.32,247
PROD-UNI-00362,Bonafont Refresco de Manzana No Retornable 500ml,Bebidas y Refrescos,15.1,267
PROD-UNI-00363,Sabritas Chokis Flaming Hot 110g,Snacks y Sabritas,29.17,122
PROD-UNI-00364,Coca-Cola Company Bebida Energética Lata 355ml,Bebidas y Refrescos,20.58,62
PROD-UNI-00365,Knorr Cereal de Maíz 1L,Abarrotes y Despensa,27.78,96
PROD-UNI-00366,Bonafont Bebida Energética 600ml,Bebidas y Refrescos,18.2,145
PROD-UNI-00367,Lala Atún en Aceite Botella 370ml,Abarrotes y Despensa,18.2,269
PROD-UNI-00368,Gamesa Emperador Sal y Limón 441g,Snacks y Sabritas,20.46,149
PROD-UNI-00369,Del Valle Néctar de Mango 600ml,Bebidas y Refrescos,31.44,242
PROD-UNI-00370,Jumex Bebida Isotónica Familia 2L,Bebidas y Refrescos,20.26,153
PROD-UNI-00371,Bonafont Té Negro No Retornable 500ml,Bebidas y Refrescos,18.14,238
PROD-UNI-00372,Gamesa cacahuates Sal Marina 199g,Snacks y Sabritas,12.32,54
PROD-UNI-00373,Churrumais Chokis Queso y Chile 44g,Snacks y Sabritas,31.35,48
PROD-UNI-00374,Gamesa Saladitas Crujientes 311g,Snacks y Sabritas,15.59,89
PROD-UNI-00375,Sabritas Kranky Sal y Limón 320g,Snacks y Sabritas,40.58,264
PROD-UNI-00376,Ricolino Crujitos Crujientes 202g,Snacks y Sabritas,18.61,161
PROD-UNI-00377,McCormick Salsa Valentina Botella 370ml,Abarrotes y Despensa,70.61,111
PROD-UNI-00378,Krilin Saladitas Con Limón 391g,Snacks y Sabritas,15.31,237
PROD-UNI-00379,Krilin Donas Queso Nacho 48g,Snacks y Sabritas,48.67,270
PROD-UNI-00380,La Corona Gansito Sal Marina 419g,Snacks y Sabritas,45.57,126
PROD-UNI-00381,Ricolino Papas Habanero 262g,Snacks y Sabritas,16.59,97
PROD-UNI-00382,Coca-Cola Company Agua Mineral Lata 473ml,Bebidas y Refrescos,21.27,18
PROD-UNI-00383,San Marcos Frijoles Bayos Pouch 200g,Abarrotes y Despensa,75.41,143
PROD-UNI-00384,Fuze Tea Agua Mineral Lata 473ml,Bebidas y Refrescos,19.14,213
PROD-UNI-00385,Knorr Chiles Jalapeños Lata 220g,Abarrotes y Despensa,71.33,172
PROD-UNI-00386,Bonafont Refrescos de Cola No Retornable 500ml,Bebidas y Refrescos,45.06,143
PROD-UNI-00387,Bimex Atún en Aceite Frasco 400g,Abarrotes y Despensa,28.46,297
PROD-UNI-00388,Gamesa Emperador Flaming Hot 360g,Snacks y Sabritas,28.67,200
PROD-UNI-00389,Knorr Atún en Aceite Botella 370ml,Abarrotes y Despensa,28.42,36
PROD-UNI-00390,Churrumais Chips Sal y Limón 162g,Snacks y Sabritas,31.76,80
PROD-UNI-00391,Mafer Takis Crujientes 187g,Snacks y Sabritas,51.95,99
PROD-UNI-00392,Peñafiel Agua Mineral Lata 473ml,Bebidas y Refrescos,37.58,253
PROD-UNI-00393,PepsiCo Bebida Energética Pak 4x500ml,Bebidas y Refrescos,40.24,270
PROD-UNI-00394,Coca-Cola Company Agua Mineral Familia 2L,Bebidas y Refrescos,23.3,212
PROD-UNI-00395,Fuze Tea Jugo de Manzana 600ml,Bebidas y Refrescos,37.63,60
PROD-UNI-00396,Ricolino Gansito Sal Marina 190g,Snacks y Sabritas,25.41,206
PROD-UNI-00397,Coca-Cola Company Té Verde Botella 1L,Bebidas y Refrescos,29.62,249
PROD-UNI-00398,Mafer Saladitas Adobadas 443g,Snacks y Sabritas,29.4,78
PROD-UNI-00399,Grupo Modelo Néctar de Durazno 600ml,Bebidas y Refrescos,22.91,25
PROD-UNI-00400,Jarritos Néctar de Durazno 600ml,Bebidas y Refrescos,30.99,182
PROD-UNI-00401,Peñafiel Agua Purificada Lata 355ml,Bebidas y Refrescos,17.35,239
PROD-UNI-00402,Jarritos Refrescos de Cola No Retornable 500ml,Bebidas y Refrescos,15.12,69
PROD-UNI-00403,Barcel Cheetos Crujientes 76g,Snacks y Sabritas,17.53,197
PROD-UNI-00404,PepsiCo Té Negro 600ml,Bebidas y Refrescos,34.52,260
PROD-UNI-00405,Bonafont Néctar de Durazno Familia 2L,Bebidas y Refrescos,32.79,39
PROD-UNI-00406,Duvalin Papas Con Limón 204g,Snacks y Sabritas,15.54,58
PROD-UNI-00407,Krilin Crujitos Con Limón 308g,Snacks y Sabritas,45.38,75
PROD-UNI-00408,Barcel Totis Flaming Hot 429g,Snacks y Sabritas,20.77,92
PROD-UNI-00409,Alpura Salsa Valentina Caja 500g,Abarrotes y Despensa,79.16,87
PROD-UNI-00410,Bimbo Emperador Crema y Especias 335g,Snacks y Sabritas,52.57,250
PROD-UNI-00411,Marinela Emperador Sal y Limón 246g,Snacks y Sabritas,44.08,50
PROD-UNI-00412,Barcel Paleta Payaso Fuego 133g,Snacks y Sabritas,31.16,85
PROD-UNI-00413,Alpura Mayonesa 1L,Abarrotes y Despensa,37.56,85
PROD-UNI-00414,Sonrics Paleta Payaso Crujientes 413g,Snacks y Sabritas,12.63,70
PROD-UNI-00415,Totis Takis Fuego 55g,Snacks y Sabritas,52.06,136
PROD-UNI-00416,Peñafiel Té Verde 600ml,Bebidas y Refrescos,39.66,105
PROD-UNI-00417,Churrumais Kranky Originales 42g,Snacks y Sabritas,46.86,167
PROD-UNI-00418,Mafer Takis Originales 206g,Snacks y Sabritas,19.2,280
PROD-UNI-00419,Mafer cacahuates Queso y Chile 30g,Snacks y Sabritas,13.68,114
PROD-UNI-00420,PepsiCo Té Negro No Retornable 500ml,Bebidas y Refrescos,24.55,179
PROD-UNI-00421,Sonrics Saladitas Adobadas 218g,Snacks y Sabritas,20.75,109
PROD-UNI-00422,Totis Cheetos Queso Nacho 384g,Snacks y Sabritas,24.27,198
PROD-UNI-00423,Bimex Frijoles Bayos 1L,Abarrotes y Despensa,61.77,44
PROD-UNI-00424,Bimex Mayonesa Pouch 200g,Abarrotes y Despensa,50.68,142
PROD-UNI-00425,Duvalin Totis Queso y Chile 425g,Snacks y Sabritas,13.96,48
PROD-UNI-00426,Krilin Gansito Adobadas 394g,Snacks y Sabritas,38.72,198
PROD-UNI-00427,Duvalin Fritos Extreme 360g,Snacks y Sabritas,16.47,222
PROD-UNI-00428,Sonrics Chips Sal Marina 94g,Snacks y Sabritas,43.2,116
PROD-UNI-00429,Totis Takis Originales 274g,Snacks y Sabritas,45.48,191
PROD-UNI-00430,Coca-Cola Company Bebida Isotónica Pak 4x500ml,Bebidas y Refrescos,21.08,116
PROD-UNI-00431,Mafer Totis Sal Marina 420g,Snacks y Sabritas,27.58,97
PROD-UNI-00432,Mafer cacahuates Flaming Hot 187g,Snacks y Sabritas,34.91,153
PROD-UNI-00433,Totis Donas Crema y Especias 393g,Snacks y Sabritas,30.49,126
PROD-UNI-00434,Sonrics Kranky Sal Marina 170g,Snacks y Sabritas,15.84,236
PROD-UNI-00435,Sabritas Gansito Habanero 358g,Snacks y Sabritas,34.79,141
PROD-UNI-00436,Alpura Leche Deslactosada Lata 140g,Abarrotes y Despensa,40.83,244
PROD-UNI-00437,Coca-Cola Company Bebida Isotónica No Retornable 500ml,Bebidas y Refrescos,18.93,195
PROD-UNI-00438,Totis Chokis Sal y Limón 293g,Snacks y Sabritas,53.13,219
PROD-UNI-00439,Bimbo Gansito Sal y Limón 444g,Snacks y Sabritas,23.47,59
PROD-UNI-00440,Duvalin Chokis Crujientes 339g,Snacks y Sabritas,35.96,86
PROD-UNI-00441,Sonrics Papas Crema y Especias 336g,Snacks y Sabritas,28.64,59
PROD-UNI-00442,Ricolino Crujitos Crema y Especias 99g,Snacks y Sabritas,29.45,83
PROD-UNI-00443,Bimbo Gansito Flaming Hot 442g,Snacks y Sabritas,39.77,163
PROD-UNI-00444,Ciel Néctar de Durazno Botella 1L,Bebidas y Refrescos,15.22,287
PROD-UNI-00445,Totis cacahuates Adobadas 262g,Snacks y Sabritas,36.59,69
PROD-UNI-00446,Duvalin cacahuates Extreme 129g,Snacks y Sabritas,19.29,111
PROD-UNI-00447,Churrumais Kranky Sal y Limón 387g,Snacks y Sabritas,37.47,243
PROD-UNI-00448,Bimex Cereal de Maíz Pouch 200g,Abarrotes y Despensa,38.24,249
PROD-UNI-00449,Marinela Kranky Crujientes 297g,Snacks y Sabritas,12.64,293
PROD-UNI-00450,Churrumais Chokis Flaming Hot 291g,Snacks y Sabritas,38.17,251
PROD-UNI-00451,Gamesa Cheetos Sal Marina 355g,Snacks y Sabritas,24.17,238
PROD-UNI-00452,Bimbo Bubulubu Crujientes 332g,Snacks y Sabritas,13.22,31
PROD-UNI-00453,Krilin Bubulubu Adobadas 49g,Snacks y Sabritas,53.52,182
PROD-UNI-00454,Barcel Fritos Flaming Hot 167g,Snacks y Sabritas,36.79,167
PROD-UNI-00455,Bimbo Crujitos Sal Marina 356g,Snacks y Sabritas,14.88,128
PROD-UNI-00456,Totis Chips Crujientes 141g,Snacks y Sabritas,51.03,111
PROD-UNI-00457,Knorr Leche Deslactosada Pouch 200g,Abarrotes y Despensa,71.16,257
PROD-UNI-00458,Knorr Leche Entera Frasco 400g,Abarrotes y Despensa,52.45,162
PROD-UNI-00459,Jarritos Agua Purificada No Retornable 500ml,Bebidas y Refrescos,27.88,101
PROD-UNI-00460,Duvalin Donas Fuego 215g,Snacks y Sabritas,19.15,167
PROD-UNI-00461,Peñafiel Bebida Isotónica No Retornable 500ml,Bebidas y Refrescos,39.94,236
PROD-UNI-00462,Jumex Refresco de Toronja 600ml,Bebidas y Refrescos,38.12,272
PROD-UNI-00463,Marinela Papas Crujientes 254g,Snacks y Sabritas,54.94,31
PROD-UNI-00464,Lala Chiles Jalapeños Caja 500g,Abarrotes y Despensa,64.08,177
PROD-UNI-00465,Duvalin Fritos Flaming Hot 164g,Snacks y Sabritas,12.8,54
PROD-UNI-00466,Mafer Chips Extreme 328g,Snacks y Sabritas,42.19,244
PROD-UNI-00467,Nestlé Mayonesa 1L,Abarrotes y Despensa,79.2,216
PROD-UNI-00468,Sonrics Crujitos Sal Marina 323g,Snacks y Sabritas,13.53,115
PROD-UNI-00469,Fuze Tea Bebida Isotónica No Retornable 500ml,Bebidas y Refrescos,44.62,227
PROD-UNI-00470,Peñafiel Bebida Energética Pak 4x500ml,Bebidas y Refrescos,44.72,208
PROD-UNI-00471,Gamesa Chips Queso y Chile 119g,Snacks y Sabritas,36.68,151
PROD-UNI-00472,Krilin Totis Crema y Especias 198g,Snacks y Sabritas,34.49,225
PROD-UNI-00473,Clamato Refrescos de Cola Lata 355ml,Bebidas y Refrescos,45.29,23
PROD-UNI-00474,Mafer Gansito Habanero 265g,Snacks y Sabritas,34.61,45
PROD-UNI-00475,Bimbo Donas Fuego 439g,Snacks y Sabritas,19.05,47
PROD-UNI-00476,Mafer Cheetos Queso Nacho 181g,Snacks y Sabritas,39.77,61
PROD-UNI-00477,Duvalin Chokis Queso y Chile 410g,Snacks y Sabritas,43.38,119
PROD-UNI-00478,Peñafiel Agua Purificada Vidrio 400ml,Bebidas y Refrescos,47.49,101
PROD-UNI-00479,Grupo Modelo Refresco de Naranja No Retornable 500ml,Bebidas y Refrescos,46.36,258
PROD-UNI-00480,Marinela cacahuates Sal Marina 173g,Snacks y Sabritas,40.68,80
PROD-UNI-00481,San Marcos Leche Deslactosada 1L,Abarrotes y Despensa,27.9,169
PROD-UNI-00482,Fuze Tea Refresco de Naranja No Retornable 500ml,Bebidas y Refrescos,18.46,168
PROD-UNI-00483,Ricolino Crujitos Queso y Chile 249g,Snacks y Sabritas,46.58,115
PROD-UNI-00484,Sabritas Paleta Payaso Habanero 378g,Snacks y Sabritas,53.81,153
PROD-UNI-00485,Duvalin Donas Queso y Chile 52g,Snacks y Sabritas,42.31,221
PROD-UNI-00486,La Corona Totis Queso Nacho 95g,Snacks y Sabritas,51.63,197
PROD-UNI-00487,Churrumais Takis Queso Nacho 68g,Snacks y Sabritas,31.48,137
PROD-UNI-00488,Bimbo Kranky Flaming Hot 379g,Snacks y Sabritas,40.43,22
PROD-UNI-00489,Churrumais Emperador Habanero 217g,Snacks y Sabritas,13.23,56
PROD-UNI-00490,Bimbo Fritos Sal Marina 45g,Snacks y Sabritas,33.42,66
PROD-UNI-00491,Totis Takis Con Limón 101g,Snacks y Sabritas,54.45,282
PROD-UNI-00492,Barcel Chips Sal y Limón 286g,Snacks y Sabritas,39.38,230
PROD-UNI-00493,Marinela Chips Sal Marina 182g,Snacks y Sabritas,31.62,120
PROD-UNI-00494,Sonrics Totis Habanero 260g,Snacks y Sabritas,23.97,89
PROD-UNI-00495,Barcel Bubulubu Sal y Limón 53g,Snacks y Sabritas,18.91,131
PROD-UNI-00496,Alpura Mayonesa Botella 370ml,Abarrotes y Despensa,59.73,148
PROD-UNI-00497,Grupo Modelo Refrescos de Cola 600ml,Bebidas y Refrescos,37.54,176
PROD-UNI-00498,Jarritos Bebida Energética Pak 4x500ml,Bebidas y Refrescos,42.64,168
PROD-UNI-00499,Marinela Fritos Fuego 110g,Snacks y Sabritas,42.46,117
PROD-UNI-00500,Sidral Mundet Agua Purificada Pak 4x500ml,Bebidas y Refrescos,21.54,79
PROD-UNI-00501,Mafer Gansito Crema y Especias 162g,Snacks y Sabritas,14.29,241
PROD-UNI-00502,La Costeña Salsa Valentina Caja 500g,Abarrotes y Despensa,84.83,111
PROD-UNI-00503,Bimex Salsa Valentina Botella 370ml,Abarrotes y Despensa,82.35,167
PROD-UNI-00504,Krilin Donas Crema y Especias 40g,Snacks y Sabritas,31.91,43
PROD-UNI-00505,Sonrics Takis Extreme 139g,Snacks y Sabritas,49.16,208
PROD-UNI-00506,Ricolino Paleta Payaso Sal Marina 191g,Snacks y Sabritas,16.91,54
PROD-UNI-00507,Sidral Mundet Néctar de Durazno 600ml,Bebidas y Refrescos,42.9,80
PROD-UNI-00508,Alpura Frijoles Bayos 1L,Abarrotes y Despensa,21.47,128
PROD-UNI-00509,Churrumais Gansito Fuego 449g,Snacks y Sabritas,17.16,268
PROD-UNI-00510,Marinela Saladitas Sal y Limón 91g,Snacks y Sabritas,16.13,85
PROD-UNI-00511,La Costeña Cereal de Maíz Lata 140g,Abarrotes y Despensa,29.45,261
PROD-UNI-00512,La Costeña Sopa de Tomate Lata 140g,Abarrotes y Despensa,61.69,57
PROD-UNI-00513,San Marcos Leche Deslactosada Frasco 400g,Abarrotes y Despensa,82,184
PROD-UNI-00514,Gamesa Papas Habanero 166g,Snacks y Sabritas,30.78,295
PROD-UNI-00515,Sabritas Takis Sal y Limón 217g,Snacks y Sabritas,13.33,101
PROD-UNI-00516,Fuze Tea Refrescos de Cola Botella 1L,Bebidas y Refrescos,15.51,107
PROD-UNI-00517,Duvalin Cheetos Adobadas 268g,Snacks y Sabritas,51.78,101
PROD-UNI-00518,Marinela Paleta Payaso Extreme 361g,Snacks y Sabritas,16.78,246
PROD-UNI-00519,Duvalin Takis Habanero 193g,Snacks y Sabritas,53.4,231
PROD-UNI-00520,Fuze Tea Agua Purificada Botella 1L,Bebidas y Refrescos,39.94,147
PROD-UNI-00521,Jumex Refresco de Manzana Vidrio 400ml,Bebidas y Refrescos,40.34,270
PROD-UNI-00522,Churrumais Cheetos Crujientes 376g,Snacks y Sabritas,37.29,154
PROD-UNI-00523,Totis Bubulubu Adobadas 275g,Snacks y Sabritas,49.36,156
PROD-UNI-00524,Churrumais Takis Sal y Limón 394g,Snacks y Sabritas,31.01,39
PROD-UNI-00525,Bimbo Paleta Payaso Adobadas 116g,Snacks y Sabritas,15.12,44
PROD-UNI-00526,Peñafiel Refresco de Naranja Vidrio 400ml,Bebidas y Refrescos,18.7,148
PROD-UNI-00527,Barcel Bubulubu Flaming Hot 307g,Snacks y Sabritas,12.94,149
PROD-UNI-00528,Ciel Té Negro 600ml,Bebidas y Refrescos,46.4,126
PROD-UNI-00529,Nestlé Chocolate en Polvo Frasco 400g,Abarrotes y Despensa,50.16,104
PROD-UNI-00530,Bimex Leche Deslactosada Frasco 400g,Abarrotes y Despensa,53.51,249
PROD-UNI-00531,Ricolino Saladitas Habanero 37g,Snacks y Sabritas,26.59,240
PROD-UNI-00532,Totis Gansito Sal y Limón 296g,Snacks y Sabritas,17.1,23
PROD-UNI-00533,Mafer Cheetos Sal Marina 446g,Snacks y Sabritas,19.97,191
PROD-UNI-00534,Clamato Refrescos de Cola Pak 4x500ml,Bebidas y Refrescos,27.55,142
PROD-UNI-00535,Marinela cacahuates Crema y Especias 261g,Snacks y Sabritas,50.06,68
PROD-UNI-00536,McCormick Mayonesa Caja 500g,Abarrotes y Despensa,25.61,92
PROD-UNI-00537,Grupo Modelo Bebida Energética Lata 355ml,Bebidas y Refrescos,43.76,235
PROD-UNI-00538,Duvalin Bubulubu Queso Nacho 363g,Snacks y Sabritas,41.16,86
PROD-UNI-00539,Marinela Cheetos Crema y Especias 366g,Snacks y Sabritas,41.77,23
PROD-UNI-00540,La Costeña Salsa Valentina 1L,Abarrotes y Despensa,79.04,234
PROD-UNI-00541,Gamesa Paleta Payaso Queso y Chile 225g,Snacks y Sabritas,39.44,122
PROD-UNI-00542,Gamesa Donas Con Limón 63g,Snacks y Sabritas,48.83,30
PROD-UNI-00543,Sabritas Cheetos Habanero 287g,Snacks y Sabritas,45.07,295
PROD-UNI-00544,Bimbo Chips Queso y Chile 366g,Snacks y Sabritas,39.93,177
PROD-UNI-00545,Bimbo Crujitos Adobadas 228g,Snacks y Sabritas,44.26,70
PROD-UNI-00546,PepsiCo Agua Mineral 600ml,Bebidas y Refrescos,27.54,268
PROD-UNI-00547,Bimbo Chokis Originales 381g,Snacks y Sabritas,33.74,42
PROD-UNI-00548,Duvalin Bubulubu Habanero 32g,Snacks y Sabritas,38.53,164
PROD-UNI-00549,Mafer Crujitos Queso y Chile 81g,Snacks y Sabritas,46.79,169
PROD-UNI-00550,Churrumais Papas Crujientes 429g,Snacks y Sabritas,14.62,261
PROD-UNI-00551,Barcel Paleta Payaso Sal y Limón 414g,Snacks y Sabritas,51.55,216
PROD-UNI-00552,Del Valle Néctar de Durazno Vidrio 400ml,Bebidas y Refrescos,23.63,108
PROD-UNI-00553,Krilin Kranky Sal y Limón 118g,Snacks y Sabritas,15.31,31
PROD-UNI-00554,Ricolino Takis Queso Nacho 316g,Snacks y Sabritas,43.76,244
PROD-UNI-00555,Boing Bebida Isotónica 600ml,Bebidas y Refrescos,24.61,18
PROD-UNI-00556,Sonrics Emperador Flaming Hot 377g,Snacks y Sabritas,35.75,65
PROD-UNI-00557,Churrumais Crujitos Fuego 186g,Snacks y Sabritas,13.93,135
PROD-UNI-00558,Grupo Modelo Jugo de Manzana Lata 473ml,Bebidas y Refrescos,14.94,295
PROD-UNI-00559,Bimbo Crujitos Sal y Limón 192g,Snacks y Sabritas,30.71,274
PROD-UNI-00560,Churrumais Totis Flaming Hot 136g,Snacks y Sabritas,23.22,253
PROD-UNI-00561,La Costeña Leche Deslactosada Frasco 400g,Abarrotes y Despensa,19.66,293
PROD-UNI-00562,Gamesa Saladitas Queso Nacho 376g,Snacks y Sabritas,45.91,246
PROD-UNI-00563,Bimbo cacahuates Queso Nacho 92g,Snacks y Sabritas,33.66,204
PROD-UNI-00564,Knorr Leche Deslactosada Lata 220g,Abarrotes y Despensa,63.98,55
PROD-UNI-00565,Del Valle Refresco de Manzana Botella 1L,Bebidas y Refrescos,27.59,22
PROD-UNI-00566,Churrumais cacahuates Queso y Chile 369g,Snacks y Sabritas,39.94,254
PROD-UNI-00567,Gamesa Donas Adobadas 368g,Snacks y Sabritas,36.28,172
PROD-UNI-00568,Sabritas Emperador Con Limón 306g,Snacks y Sabritas,53.54,110
PROD-UNI-00569,Bimbo Chokis Queso Nacho 47g,Snacks y Sabritas,20.53,44
PROD-UNI-00570,Barcel Crujitos Fuego 233g,Snacks y Sabritas,36.35,37
PROD-UNI-00571,Mafer Paleta Payaso Adobadas 45g,Snacks y Sabritas,40.28,212
PROD-UNI-00572,Krilin Gansito Extreme 87g,Snacks y Sabritas,21.47,204
PROD-UNI-00573,Duvalin Totis Crujientes 398g,Snacks y Sabritas,39.92,31
PROD-UNI-00574,La Corona cacahuates Sal Marina 439g,Snacks y Sabritas,29.08,36
PROD-UNI-00575,Duvalin Chokis Fuego 411g,Snacks y Sabritas,45.86,36
PROD-UNI-00576,Marinela Cheetos Habanero 190g,Snacks y Sabritas,12.6,107
PROD-UNI-00577,San Marcos Leche Entera Botella 370ml,Abarrotes y Despensa,68.27,212
PROD-UNI-00578,Marinela Kranky Sal Marina 94g,Snacks y Sabritas,21.99,279
PROD-UNI-00579,La Costeña Leche Deslactosada 1L,Abarrotes y Despensa,25.84,157
PROD-UNI-00580,Barcel Emperador Flaming Hot 309g,Snacks y Sabritas,17.97,53
PROD-UNI-00581,La Corona Paleta Payaso Habanero 67g,Snacks y Sabritas,25.27,128
PROD-UNI-00582,Mafer Cheetos Con Limón 192g,Snacks y Sabritas,22.12,131
PROD-UNI-00583,La Costeña Cereal de Maíz Botella 370ml,Abarrotes y Despensa,18.79,208
PROD-UNI-00584,Boing Bebida Isotónica Lata 355ml,Bebidas y Refrescos,24.9,208
PROD-UNI-00585,Totis Papas Sal y Limón 80g,Snacks y Sabritas,43.78,229
PROD-UNI-00586,Gamesa Bubulubu Fuego 30g,Snacks y Sabritas,54.68,237
PROD-UNI-00587,La Corona Fritos Adobadas 167g,Snacks y Sabritas,44.72,278
PROD-UNI-00588,PepsiCo Agua Mineral Pak 4x500ml,Bebidas y Refrescos,20.3,84
PROD-UNI-00589,Boing Refresco de Naranja Vidrio 400ml,Bebidas y Refrescos,15.54,156
PROD-UNI-00590,Del Valle Bebida Isotónica 600ml,Bebidas y Refrescos,20.95,97
PROD-UNI-00591,Churrumais Fritos Sal Marina 353g,Snacks y Sabritas,20.12,25
PROD-UNI-00592,PepsiCo Bebida Isotónica Pak 4x500ml,Bebidas y Refrescos,22.44,246
PROD-UNI-00593,Grupo Modelo Refresco de Toronja Pak 4x500ml,Bebidas y Refrescos,27.56,48
PROD-UNI-00594,Bimbo Paleta Payaso Queso Nacho 138g,Snacks y Sabritas,33.51,91
PROD-UNI-00595,Sidral Mundet Refresco de Naranja Lata 355ml,Bebidas y Refrescos,33.6,94
PROD-UNI-00596,Jarritos Agua Mineral Vidrio 400ml,Bebidas y Refrescos,33.69,275
PROD-UNI-00597,Sabritas Crujitos Extreme 206g,Snacks y Sabritas,40.1,234
PROD-UNI-00598,Boing Té Verde Lata 473ml,Bebidas y Refrescos,37.51,125
PROD-UNI-00599,Ricolino Gansito Adobadas 293g,Snacks y Sabritas,31.21,37
PROD-UNI-00600,Jumex Refresco de Naranja Botella 1L,Bebidas y Refrescos,38.98,205
PROD-UNI-00601,Krilin Crujitos Fuego 175g,Snacks y Sabritas,51.3,100
PROD-UNI-00602,Churrumais Crujitos Crujientes 400g,Snacks y Sabritas,35.57,240
PROD-UNI-00603,Fuze Tea Bebida Energética No Retornable 500ml,Bebidas y Refrescos,29.21,23
PROD-UNI-00604,Barcel Emperador Fuego 220g,Snacks y Sabritas,26.02,280
PROD-UNI-00605,Alpura Chocolate en Polvo 1L,Abarrotes y Despensa,63.94,221
PROD-UNI-00606,San Marcos Leche Entera Frasco 400g,Abarrotes y Despensa,48.42,125
PROD-UNI-00607,Del Valle Néctar de Mango Familia 2L,Bebidas y Refrescos,40.88,88
PROD-UNI-00608,Bimbo Emperador Crujientes 424g,Snacks y Sabritas,20.84,266
PROD-UNI-00609,Churrumais Fritos Originales 336g,Snacks y Sabritas,37.66,56
PROD-UNI-00610,Mafer Donas Sal y Limón 41g,Snacks y Sabritas,36.81,63
PROD-UNI-00611,Boing Agua Mineral Pak 4x500ml,Bebidas y Refrescos,27.06,182
PROD-UNI-00612,Ricolino Totis Crema y Especias 264g,Snacks y Sabritas,28.77,136
PROD-UNI-00613,Marinela Donas Con Limón 408g,Snacks y Sabritas,37.17,79
PROD-UNI-00614,Peñafiel Bebida Isotónica Lata 473ml,Bebidas y Refrescos,45.89,72
PROD-UNI-00615,Krilin Saladitas Flaming Hot 295g,Snacks y Sabritas,24.6,112
PROD-UNI-00616,Sabritas Chips Extreme 152g,Snacks y Sabritas,36.93,232
PROD-UNI-00617,Bimex Frijoles Bayos Lata 140g,Abarrotes y Despensa,37.74,229
PROD-UNI-00618,Duvalin Paleta Payaso Sal Marina 375g,Snacks y Sabritas,29.79,125
PROD-UNI-00619,Totis Papas Queso Nacho 87g,Snacks y Sabritas,12.4,79
PROD-UNI-00620,PepsiCo Refresco de Manzana Botella 1L,Bebidas y Refrescos,34.71,228
PROD-UNI-00621,Ricolino Cheetos Fuego 110g,Snacks y Sabritas,27.37,249
PROD-UNI-00622,Ricolino Fritos Fuego 206g,Snacks y Sabritas,48.17,159
PROD-UNI-00623,PepsiCo Néctar de Durazno Lata 473ml,Bebidas y Refrescos,14.52,115
PROD-UNI-00624,Marinela Crujitos Queso Nacho 426g,Snacks y Sabritas,50.86,27
PROD-UNI-00625,Mafer Papas Crujientes 133g,Snacks y Sabritas,45.46,224
PROD-UNI-00626,Sonrics Cheetos Sal Marina 225g,Snacks y Sabritas,13.14,299
PROD-UNI-00627,Bimbo Saladitas Extreme 159g,Snacks y Sabritas,34.15,186
PROD-UNI-00628,Grupo Modelo Refresco de Toronja Lata 355ml,Bebidas y Refrescos,47.83,299
PROD-UNI-00629,Ricolino Bubulubu Flaming Hot 345g,Snacks y Sabritas,32.35,276
PROD-UNI-00630,Duvalin Gansito Adobadas 444g,Snacks y Sabritas,21.01,292
PROD-UNI-00631,Sidral Mundet Refresco de Naranja Familia 2L,Bebidas y Refrescos,44.87,90
PROD-UNI-00632,Mafer Cheetos Adobadas 412g,Snacks y Sabritas,27.49,223
PROD-UNI-00633,Clamato Néctar de Mango Lata 473ml,Bebidas y Refrescos,41.08,219
PROD-UNI-00634,Duvalin Saladitas Sal y Limón 298g,Snacks y Sabritas,41.97,117
PROD-UNI-00635,Ricolino Kranky Sal y Limón 53g,Snacks y Sabritas,12.83,111
PROD-UNI-00636,Gamesa Emperador Sal Marina 267g,Snacks y Sabritas,44.27,15
PROD-UNI-00637,PepsiCo Té Verde 600ml,Bebidas y Refrescos,16.16,94
PROD-UNI-00638,Sabritas Kranky Habanero 130g,Snacks y Sabritas,13.59,23
PROD-UNI-00639,Totis Crujitos Habanero 395g,Snacks y Sabritas,52.2,174
PROD-UNI-00640,Sabritas Takis Queso y Chile 308g,Snacks y Sabritas,42.75,129
PROD-UNI-00641,Del Valle Bebida Energética Pak 4x500ml,Bebidas y Refrescos,46.67,284
PROD-UNI-00642,Totis Takis Extreme 438g,Snacks y Sabritas,33.67,86
PROD-UNI-00643,Del Valle Refresco de Manzana Familia 2L,Bebidas y Refrescos,21.29,203
PROD-UNI-00644,McCormick Frijoles Bayos Botella 370ml,Abarrotes y Despensa,66.22,189
PROD-UNI-00645,Fuze Tea Jugo de Manzana No Retornable 500ml,Bebidas y Refrescos,38.38,21
PROD-UNI-00646,Mafer Chips Flaming Hot 201g,Snacks y Sabritas,13.2,225
PROD-UNI-00647,Churrumais Chokis Extreme 38g,Snacks y Sabritas,47.61,250
PROD-UNI-00648,San Marcos Leche Deslactosada Pouch 200g,Abarrotes y Despensa,47.22,185
PROD-UNI-00649,Peñafiel Bebida Energética Vidrio 400ml,Bebidas y Refrescos,14.13,204
PROD-UNI-00650,Ricolino Donas Crujientes 88g,Snacks y Sabritas,45.12,293
PROD-UNI-00651,Totis Fritos Sal Marina 426g,Snacks y Sabritas,27.5,166
PROD-UNI-00652,Mafer Kranky Con Limón 328g,Snacks y Sabritas,27.17,26
PROD-UNI-00653,Marinela Chokis Habanero 243g,Snacks y Sabritas,40.48,217
PROD-UNI-00654,Ciel Té Negro Lata 473ml,Bebidas y Refrescos,35.33,229
PROD-UNI-00655,Clamato Bebida Energética 600ml,Bebidas y Refrescos,21.2,55
PROD-UNI-00656,La Corona cacahuates Fuego 258g,Snacks y Sabritas,41.62,281
PROD-UNI-00657,Sabritas Crujitos Queso y Chile 234g,Snacks y Sabritas,43.93,225
PROD-UNI-00658,Nestlé Salsa Valentina Lata 140g,Abarrotes y Despensa,26.19,176
PROD-UNI-00659,La Corona Chokis Queso y Chile 336g,Snacks y Sabritas,37.97,38
PROD-UNI-00660,PepsiCo Té Verde No Retornable 500ml,Bebidas y Refrescos,28.04,156
PROD-UNI-00661,Sonrics Saladitas Extreme 82g,Snacks y Sabritas,13.35,72
PROD-UNI-00662,Totis Paleta Payaso Originales 296g,Snacks y Sabritas,29,239
PROD-UNI-00663,Bimbo Bubulubu Crema y Especias 293g,Snacks y Sabritas,51.18,237
PROD-UNI-00664,Gamesa Fritos Sal y Limón 340g,Snacks y Sabritas,44.72,73
PROD-UNI-00665,Bimbo Crujitos Queso y Chile 317g,Snacks y Sabritas,25.48,230
PROD-UNI-00666,McCormick Salsa Valentina 1L,Abarrotes y Despensa,70.17,180
PROD-UNI-00667,Sabritas Takis Crujientes 314g,Snacks y Sabritas,29.3,197
PROD-UNI-00668,Sidral Mundet Bebida Energética Vidrio 400ml,Bebidas y Refrescos,30.49,297
PROD-UNI-00669,La Corona Totis Queso y Chile 255g,Snacks y Sabritas,29.76,222
PROD-UNI-00670,Sonrics Paleta Payaso Queso Nacho 221g,Snacks y Sabritas,51.27,223
PROD-UNI-00671,Herdez Chocolate en Polvo Frasco 400g,Abarrotes y Despensa,52.21,245
PROD-UNI-00672,Sonrics Paleta Payaso Crema y Especias 399g,Snacks y Sabritas,32.27,23
PROD-UNI-00673,Sonrics Takis Con Limón 232g,Snacks y Sabritas,43.58,41
PROD-UNI-00674,Sidral Mundet Agua Mineral Pak 4x500ml,Bebidas y Refrescos,47.57,118
PROD-UNI-00675,Peñafiel Refrescos de Cola Pak 4x500ml,Bebidas y Refrescos,20.28,211
PROD-UNI-00676,Jumex Refresco de Toronja Botella 1L,Bebidas y Refrescos,34.5,276
PROD-UNI-00677,Gamesa Kranky Flaming Hot 180g,Snacks y Sabritas,42.07,144
PROD-UNI-00678,Bimex Cereal de Maíz Frasco 400g,Abarrotes y Despensa,48.41,85
PROD-UNI-00679,Del Valle Néctar de Mango Botella 1L,Bebidas y Refrescos,46.4,183
PROD-UNI-00680,Bimex Atún en Aceite Lata 220g,Abarrotes y Despensa,43.1,248
PROD-UNI-00681,Boing Néctar de Durazno Vidrio 400ml,Bebidas y Refrescos,32.38,95
PROD-UNI-00682,Gamesa Kranky Queso Nacho 381g,Snacks y Sabritas,19.7,95
PROD-UNI-00683,Coca-Cola Company Té Negro Pak 4x500ml,Bebidas y Refrescos,23.27,200
PROD-UNI-00684,Ricolino Chokis Con Limón 356g,Snacks y Sabritas,33.94,188
PROD-UNI-00685,Knorr Frijoles Bayos 1L,Abarrotes y Despensa,27.01,54
PROD-UNI-00686,Duvalin Saladitas Extreme 148g,Snacks y Sabritas,24.08,72
PROD-UNI-00687,La Costeña Atún en Aceite Lata 140g,Abarrotes y Despensa,29.84,262
PROD-UNI-00688,McCormick Leche Entera 1L,Abarrotes y Despensa,33.72,262
PROD-UNI-00689,Sabritas Takis Sal Marina 441g,Snacks y Sabritas,41.27,138
PROD-UNI-00690,Nestlé Leche Entera Lata 220g,Abarrotes y Despensa,56.63,275
PROD-UNI-00691,Ricolino Kranky Fuego 73g,Snacks y Sabritas,38.54,153
PROD-UNI-00692,Mafer cacahuates Crema y Especias 412g,Snacks y Sabritas,31.05,129
PROD-UNI-00693,Mafer Totis Crema y Especias 112g,Snacks y Sabritas,22,265
PROD-UNI-00694,Ricolino Emperador Con Limón 387g,Snacks y Sabritas,39.65,29
PROD-UNI-00695,Barcel Saladitas Habanero 33g,Snacks y Sabritas,23.24,43
PROD-UNI-00696,Peñafiel Agua Purificada Botella 1L,Bebidas y Refrescos,27.48,250
PROD-UNI-00697,Sabritas Takis Originales 120g,Snacks y Sabritas,47.85,128
PROD-UNI-00698,Duvalin Cheetos Queso y Chile 113g,Snacks y Sabritas,18.93,179
PROD-UNI-00699,McCormick Leche Deslactosada Lata 140g,Abarrotes y Despensa,61.59,245
PROD-UNI-00700,Ricolino Cheetos Con Limón 160g,Snacks y Sabritas,40.31,173
PROD-UNI-00701,Jarritos Refresco de Toronja 600ml,Bebidas y Refrescos,16.28,100
PROD-UNI-00702,Gamesa Papas Extreme 118g,Snacks y Sabritas,49.97,139
PROD-UNI-00703,Duvalin Chokis Habanero 211g,Snacks y Sabritas,37.18,68
PROD-UNI-00704,Duvalin Kranky Queso Nacho 103g,Snacks y Sabritas,32.79,232
PROD-UNI-00705,La Corona Chips Queso y Chile 394g,Snacks y Sabritas,43.55,214
PROD-UNI-00706,Alpura Chiles Jalapeños Frasco 400g,Abarrotes y Despensa,73.46,129
PROD-UNI-00707,Gamesa cacahuates Originales 346g,Snacks y Sabritas,47.06,118
PROD-UNI-00708,Herdez Cereal de Maíz Lata 140g,Abarrotes y Despensa,51.22,259
PROD-UNI-00709,Mafer Totis Habanero 272g,Snacks y Sabritas,24.81,142
PROD-UNI-00710,Krilin Chokis Sal Marina 331g,Snacks y Sabritas,38.2,20
PROD-UNI-00711,Sonrics cacahuates Habanero 395g,Snacks y Sabritas,40.05,287
PROD-UNI-00712,Coca-Cola Company Néctar de Durazno Vidrio 400ml,Bebidas y Refrescos,20.07,219
PROD-UNI-00713,Knorr Chiles Jalapeños Botella 370ml,Abarrotes y Despensa,23.32,163
PROD-UNI-00714,Grupo Modelo Bebida Energética Pak 4x500ml,Bebidas y Refrescos,29.47,149
PROD-UNI-00715,Bimex Leche Deslactosada 1L,Abarrotes y Despensa,28.65,189
PROD-UNI-00716,Jarritos Néctar de Mango Botella 1L,Bebidas y Refrescos,14.64,72
PROD-UNI-00717,Sonrics Chokis Crujientes 157g,Snacks y Sabritas,43.76,237
PROD-UNI-00718,Jarritos Jugo de Manzana Familia 2L,Bebidas y Refrescos,42.18,174
PROD-UNI-00719,McCormick Cereal de Maíz Lata 140g,Abarrotes y Despensa,75.42,48
PROD-UNI-00720,Nestlé Mayonesa Lata 220g,Abarrotes y Despensa,60.36,286
PROD-UNI-00721,Duvalin Fritos Queso y Chile 266g,Snacks y Sabritas,24,212
PROD-UNI-00722,Krilin Paleta Payaso Fuego 96g,Snacks y Sabritas,39.61,290
PROD-UNI-00723,Sonrics Emperador Extreme 103g,Snacks y Sabritas,45.95,198
PROD-UNI-00724,Gamesa Emperador Originales 174g,Snacks y Sabritas,38.69,166
PROD-UNI-00725,La Corona Totis Sal y Limón 320g,Snacks y Sabritas,42.61,145
PROD-UNI-00726,La Corona Chips Flaming Hot 250g,Snacks y Sabritas,42.05,151
PROD-UNI-00727,Del Valle Agua Purificada 600ml,Bebidas y Refrescos,25.58,105
PROD-UNI-00728,Peñafiel Refresco de Toronja Lata 473ml,Bebidas y Refrescos,42.36,236
PROD-UNI-00729,Bimbo Paleta Payaso Sal y Limón 104g,Snacks y Sabritas,53.97,52
PROD-UNI-00730,Barcel Chokis Sal y Limón 308g,Snacks y Sabritas,23.87,139
PROD-UNI-00731,Krilin Crujitos Adobadas 305g,Snacks y Sabritas,42.71,19
PROD-UNI-00732,Mafer Totis Flaming Hot 322g,Snacks y Sabritas,31.19,69
PROD-UNI-00733,La Corona Emperador Con Limón 35g,Snacks y Sabritas,43.87,133
PROD-UNI-00734,Duvalin Chips Queso y Chile 276g,Snacks y Sabritas,23.29,142
PROD-UNI-00735,Del Valle Bebida Energética Vidrio 400ml,Bebidas y Refrescos,34.91,294
PROD-UNI-00736,Ricolino cacahuates Crujientes 130g,Snacks y Sabritas,30.21,277
PROD-UNI-00737,Boing Agua Purificada No Retornable 500ml,Bebidas y Refrescos,17.21,28
PROD-UNI-00738,Jarritos Refresco de Toronja Botella 1L,Bebidas y Refrescos,29.93,276
PROD-UNI-00739,Fuze Tea Bebida Energética Lata 355ml,Bebidas y Refrescos,26.26,37
PROD-UNI-00740,Lala Frijoles Bayos Pouch 200g,Abarrotes y Despensa,41.43,182
PROD-UNI-00741,Clamato Agua Purificada Lata 355ml,Bebidas y Refrescos,19.38,272
PROD-UNI-00742,Duvalin cacahuates Queso y Chile 116g,Snacks y Sabritas,14.35,85
PROD-UNI-00743,PepsiCo Agua Purificada Pak 4x500ml,Bebidas y Refrescos,23.14,16
PROD-UNI-00744,McCormick Chocolate en Polvo Botella 370ml,Abarrotes y Despensa,66.42,205
PROD-UNI-00745,Duvalin Crujitos Originales 155g,Snacks y Sabritas,49.37,173
PROD-UNI-00746,Churrumais cacahuates Adobadas 95g,Snacks y Sabritas,35.05,120
PROD-UNI-00747,Del Valle Té Negro No Retornable 500ml,Bebidas y Refrescos,27.48,24
PROD-UNI-00748,Mafer Fritos Sal Marina 69g,Snacks y Sabritas,17.96,199
PROD-UNI-00749,Jumex Néctar de Mango Familia 2L,Bebidas y Refrescos,47.39,173
PROD-UNI-00750,Krilin Chips Extreme 373g,Snacks y Sabritas,21.91,122
PROD-UNI-00751,Grupo Modelo Té Negro Pak 4x500ml,Bebidas y Refrescos,34.74,109
PROD-UNI-00752,La Corona Bubulubu Fuego 324g,Snacks y Sabritas,54.08,288
PROD-UNI-00753,Mafer Crujitos Originales 57g,Snacks y Sabritas,31.44,20
PROD-UNI-00754,Fuze Tea Bebida Isotónica Botella 1L,Bebidas y Refrescos,41.7,114
PROD-UNI-00755,PepsiCo Té Verde Vidrio 400ml,Bebidas y Refrescos,32.74,60
PROD-UNI-00756,Sonrics Totis Fuego 199g,Snacks y Sabritas,17.75,182
PROD-UNI-00757,Sabritas Fritos Crujientes 399g,Snacks y Sabritas,18.58,289
PROD-UNI-00758,Marinela Donas Sal y Limón 443g,Snacks y Sabritas,23.31,188
PROD-UNI-00759,Alpura Chocolate en Polvo Caja 500g,Abarrotes y Despensa,72.74,216
PROD-UNI-00760,Bonafont Agua Mineral 600ml,Bebidas y Refrescos,20.12,273
PROD-UNI-00761,Gamesa Bubulubu Queso Nacho 98g,Snacks y Sabritas,15.51,151
PROD-UNI-00762,Marinela Totis Extreme 128g,Snacks y Sabritas,17.52,23
PROD-UNI-00763,Totis Paleta Payaso Crema y Especias 286g,Snacks y Sabritas,15.37,124
PROD-UNI-00764,Nestlé Chiles Jalapeños Lata 220g,Abarrotes y Despensa,73.63,267
PROD-UNI-00765,Churrumais Emperador Queso y Chile 390g,Snacks y Sabritas,34.12,232
PROD-UNI-00766,Bimbo Saladitas Adobadas 387g,Snacks y Sabritas,42.01,140
PROD-UNI-00767,Mafer Emperador Adobadas 447g,Snacks y Sabritas,40.55,296
PROD-UNI-00768,Sabritas Donas Adobadas 172g,Snacks y Sabritas,13.58,260
PROD-UNI-00769,Boing Té Verde Lata 355ml,Bebidas y Refrescos,21.82,163
PROD-UNI-00770,Knorr Mayonesa Frasco 400g,Abarrotes y Despensa,52.67,51
PROD-UNI-00771,Gamesa Chips Sal y Limón 407g,Snacks y Sabritas,34.94,167
PROD-UNI-00772,Boing Refrescos de Cola Pak 4x500ml,Bebidas y Refrescos,40.82,284
PROD-UNI-00773,Peñafiel Refrescos de Cola Botella 1L,Bebidas y Refrescos,19.17,270
PROD-UNI-00774,Ricolino Emperador Sal Marina 199g,Snacks y Sabritas,27.59,44
PROD-UNI-00775,Marinela Crujitos Queso y Chile 151g,Snacks y Sabritas,28.34,191
PROD-UNI-00776,Coca-Cola Company Refresco de Manzana Pak 4x500ml,Bebidas y Refrescos,15.13,213
PROD-UNI-00777,Barcel Crujitos Habanero 133g,Snacks y Sabritas,29.56,46
PROD-UNI-00778,Barcel Saladitas Adobadas 380g,Snacks y Sabritas,23.06,234
PROD-UNI-00779,San Marcos Salsa Valentina 1L,Abarrotes y Despensa,67.95,147
PROD-UNI-00780,Jarritos Refresco de Toronja Lata 355ml,Bebidas y Refrescos,15.15,139
PROD-UNI-00781,Sabritas Bubulubu Queso y Chile 390g,Snacks y Sabritas,32.91,35
PROD-UNI-00782,Krilin Donas Queso y Chile 42g,Snacks y Sabritas,38.45,112
PROD-UNI-00783,Mafer Kranky Habanero 397g,Snacks y Sabritas,23.92,221
PROD-UNI-00784,La Corona Donas Originales 185g,Snacks y Sabritas,29.18,94
PROD-UNI-00785,Fuze Tea Jugo de Manzana Lata 355ml,Bebidas y Refrescos,41.87,226
PROD-UNI-00786,Bonafont Té Verde 600ml,Bebidas y Refrescos,16.49,79
PROD-UNI-00787,Bimbo Crujitos Extreme 30g,Snacks y Sabritas,15.7,173
PROD-UNI-00788,Totis Saladitas Crema y Especias 270g,Snacks y Sabritas,24.77,129
PROD-UNI-00789,Ricolino cacahuates Queso Nacho 354g,Snacks y Sabritas,19.76,204
PROD-UNI-00790,Mafer Cheetos Extreme 73g,Snacks y Sabritas,31.25,174
PROD-UNI-00791,Churrumais Cheetos Queso y Chile 117g,Snacks y Sabritas,54.51,45
PROD-UNI-00792,Mafer Chokis Fuego 394g,Snacks y Sabritas,47.55,94
PROD-UNI-00793,Totis Chokis Queso Nacho 225g,Snacks y Sabritas,37.41,157
PROD-UNI-00794,Krilin Donas Adobadas 144g,Snacks y Sabritas,13.59,288
PROD-UNI-00795,Gamesa Crujitos Sal y Limón 258g,Snacks y Sabritas,14.07,143
PROD-UNI-00796,Peñafiel Refresco de Naranja No Retornable 500ml,Bebidas y Refrescos,36.86,103
PROD-UNI-00797,Nestlé Sopa de Tomate Frasco 400g,Abarrotes y Despensa,21.87,138
PROD-UNI-00798,Duvalin Crujitos Flaming Hot 107g,Snacks y Sabritas,52.65,33
PROD-UNI-00799,McCormick Leche Deslactosada Frasco 400g,Abarrotes y Despensa,66.05,206
PROD-UNI-00800,McCormick Leche Entera Botella 370ml,Abarrotes y Despensa,73.78,299
PROD-UNI-00801,Barcel Emperador Sal y Limón 158g,Snacks y Sabritas,40.33,117
PROD-UNI-00802,Sonrics Papas Extreme 190g,Snacks y Sabritas,20.71,252
PROD-UNI-00803,Mafer Cheetos Habanero 217g,Snacks y Sabritas,35.86,50
PROD-UNI-00804,Sonrics Papas Adobadas 179g,Snacks y Sabritas,37.05,246
PROD-UNI-00805,Ciel Agua Mineral Lata 355ml,Bebidas y Refrescos,47.24,235
PROD-UNI-00806,Mafer Kranky Sal Marina 101g,Snacks y Sabritas,18.62,143
PROD-UNI-00807,Gamesa Gansito Con Limón 240g,Snacks y Sabritas,29.52,259
PROD-UNI-00808,Jarritos Refresco de Manzana Familia 2L,Bebidas y Refrescos,34.7,128
PROD-UNI-00809,San Marcos Frijoles Bayos Botella 370ml,Abarrotes y Despensa,59.53,37
PROD-UNI-00810,Del Valle Bebida Energética Botella 1L,Bebidas y Refrescos,43.36,292
PROD-UNI-00811,Bimex Salsa Valentina Frasco 400g,Abarrotes y Despensa,59.69,281
PROD-UNI-00812,Ciel Néctar de Durazno Lata 473ml,Bebidas y Refrescos,32.72,248
PROD-UNI-00813,Sabritas Cheetos Sal y Limón 367g,Snacks y Sabritas,28.28,261
PROD-UNI-00814,Sonrics Chokis Originales 339g,Snacks y Sabritas,23.5,21
PROD-UNI-00815,McCormick Sopa de Tomate Pouch 200g,Abarrotes y Despensa,82.36,220
PROD-UNI-00816,La Corona Emperador Originales 425g,Snacks y Sabritas,53.44,237
PROD-UNI-00817,Duvalin Chokis Adobadas 228g,Snacks y Sabritas,19.37,165
PROD-UNI-00818,La Costeña Cereal de Maíz Lata 220g,Abarrotes y Despensa,39.03,279
PROD-UNI-00819,Sidral Mundet Bebida Isotónica 600ml,Bebidas y Refrescos,33.2,88
PROD-UNI-00820,Sidral Mundet Néctar de Mango Vidrio 400ml,Bebidas y Refrescos,42.37,132
PROD-UNI-00821,Sonrics Saladitas Crujientes 288g,Snacks y Sabritas,43,213
PROD-UNI-00822,Ricolino Crujitos Fuego 438g,Snacks y Sabritas,44.64,247
PROD-UNI-00823,Mafer Chokis Extreme 219g,Snacks y Sabritas,22.92,223
PROD-UNI-00824,Nestlé Frijoles Bayos 1L,Abarrotes y Despensa,30.54,70
PROD-UNI-00825,Peñafiel Té Negro Botella 1L,Bebidas y Refrescos,18.16,37
PROD-UNI-00826,Bonafont Bebida Isotónica Botella 1L,Bebidas y Refrescos,18.75,167
PROD-UNI-00827,Nestlé Chiles Jalapeños 1L,Abarrotes y Despensa,69.53,146
PROD-UNI-00828,Bimex Salsa Valentina Lata 140g,Abarrotes y Despensa,40.58,202
PROD-UNI-00829,Fuze Tea Té Verde Botella 1L,Bebidas y Refrescos,16.93,247
PROD-UNI-00830,Del Valle Bebida Isotónica Vidrio 400ml,Bebidas y Refrescos,39.38,143
PROD-UNI-00831,Bimbo Takis Con Limón 418g,Snacks y Sabritas,12.53,40
PROD-UNI-00832,Lala Frijoles Bayos Caja 500g,Abarrotes y Despensa,61.55,271
PROD-UNI-00833,Ciel Refresco de Naranja No Retornable 500ml,Bebidas y Refrescos,32.44,35
PROD-UNI-00834,Ricolino Saladitas Con Limón 148g,Snacks y Sabritas,50.19,172
PROD-UNI-00835,Barcel Takis Flaming Hot 166g,Snacks y Sabritas,35.94,26
PROD-UNI-00836,Jumex Refresco de Manzana Lata 355ml,Bebidas y Refrescos,16.23,26
PROD-UNI-00837,Barcel Totis Extreme 363g,Snacks y Sabritas,48.17,290
PROD-UNI-00838,Duvalin Kranky Flaming Hot 241g,Snacks y Sabritas,22.2,83
PROD-UNI-00839,La Corona Saladitas Con Limón 120g,Snacks y Sabritas,12.63,82
PROD-UNI-00840,La Corona Cheetos Crujientes 144g,Snacks y Sabritas,37.68,33
PROD-UNI-00841,Totis Bubulubu Crujientes 50g,Snacks y Sabritas,45.72,34
PROD-UNI-00842,Coca-Cola Company Bebida Energética Familia 2L,Bebidas y Refrescos,18.14,114
PROD-UNI-00843,Boing Agua Purificada Lata 355ml,Bebidas y Refrescos,45.56,50
PROD-UNI-00844,Alpura Cereal de Maíz 1L,Abarrotes y Despensa,42.84,203
PROD-UNI-00845,Marinela Papas Originales 114g,Snacks y Sabritas,20.3,147
PROD-UNI-00846,Mafer Chips Queso y Chile 280g,Snacks y Sabritas,30.36,268
PROD-UNI-00847,Clamato Bebida Energética Lata 355ml,Bebidas y Refrescos,47.4,181
PROD-UNI-00848,Duvalin Totis Extreme 31g,Snacks y Sabritas,20.11,85
PROD-UNI-00849,Sonrics Gansito Crujientes 292g,Snacks y Sabritas,51.43,221
PROD-UNI-00850,Churrumais Saladitas Adobadas 372g,Snacks y Sabritas,47.05,243
PROD-UNI-00851,Mafer Fritos Flaming Hot 369g,Snacks y Sabritas,51.82,127
PROD-UNI-00852,Bimex Leche Deslactosada Botella 370ml,Abarrotes y Despensa,32.81,31
PROD-UNI-00853,Sabritas Bubulubu Flaming Hot 149g,Snacks y Sabritas,23.54,199
PROD-UNI-00854,La Corona Paleta Payaso Con Limón 143g,Snacks y Sabritas,16.55,241
PROD-UNI-00855,Sonrics cacahuates Sal y Limón 93g,Snacks y Sabritas,42.88,239
PROD-UNI-00856,Herdez Mayonesa Botella 370ml,Abarrotes y Despensa,41.57,273
PROD-UNI-00857,Ricolino Chips Sal y Limón 159g,Snacks y Sabritas,16.42,205
PROD-UNI-00858,Knorr Atún en Aceite Pouch 200g,Abarrotes y Despensa,80.88,158
PROD-UNI-00859,Ciel Té Verde Pak 4x500ml,Bebidas y Refrescos,26.76,52
PROD-UNI-00860,PepsiCo Jugo de Manzana Vidrio 400ml,Bebidas y Refrescos,37.11,79
PROD-UNI-00861,Mafer Chokis Adobadas 288g,Snacks y Sabritas,44.15,202
PROD-UNI-00862,Sidral Mundet Té Negro Lata 355ml,Bebidas y Refrescos,17.61,170
PROD-UNI-00863,Knorr Sopa de Tomate Lata 140g,Abarrotes y Despensa,62.96,244
PROD-UNI-00864,Churrumais Donas Con Limón 259g,Snacks y Sabritas,17.68,242
PROD-UNI-00865,Jarritos Bebida Energética Lata 473ml,Bebidas y Refrescos,20.44,33
PROD-UNI-00866,McCormick Sopa de Tomate Lata 140g,Abarrotes y Despensa,46.53,70
PROD-UNI-00867,Sonrics Fritos Fuego 129g,Snacks y Sabritas,42.65,179
PROD-UNI-00868,Churrumais Bubulubu Crujientes 99g,Snacks y Sabritas,36.39,216
PROD-UNI-00869,Coca-Cola Company Refresco de Toronja Botella 1L,Bebidas y Refrescos,28.24,285
PROD-UNI-00870,Ricolino Takis Adobadas 96g,Snacks y Sabritas,14.34,292
PROD-UNI-00871,PepsiCo Néctar de Mango Vidrio 400ml,Bebidas y Refrescos,47.42,263
PROD-UNI-00872,Totis Fritos Fuego 227g,Snacks y Sabritas,30.78,179
PROD-UNI-00873,Sonrics Papas Originales 82g,Snacks y Sabritas,26.59,198
PROD-UNI-00874,Del Valle Néctar de Durazno Lata 473ml,Bebidas y Refrescos,24.51,192
PROD-UNI-00875,Del Valle Refresco de Naranja No Retornable 500ml,Bebidas y Refrescos,33.76,53
PROD-UNI-00876,Mafer Saladitas Habanero 154g,Snacks y Sabritas,49.82,44
PROD-UNI-00877,Jumex Té Negro Pak 4x500ml,Bebidas y Refrescos,28.71,168
PROD-UNI-00878,Sabritas Fritos Queso y Chile 442g,Snacks y Sabritas,42.57,64
PROD-UNI-00879,Duvalin Totis Habanero 396g,Snacks y Sabritas,16.18,284
PROD-UNI-00880,La Costeña Frijoles Bayos Pouch 200g,Abarrotes y Despensa,39.97,34
PROD-UNI-00881,La Corona Cheetos Con Limón 182g,Snacks y Sabritas,40.4,68
PROD-UNI-00882,Peñafiel Bebida Energética Familia 2L,Bebidas y Refrescos,28.66,24
PROD-UNI-00883,Peñafiel Agua Purificada Familia 2L,Bebidas y Refrescos,28.5,115
PROD-UNI-00884,Knorr Leche Deslactosada Caja 500g,Abarrotes y Despensa,42.7,131
PROD-UNI-00885,Ciel Té Verde Vidrio 400ml,Bebidas y Refrescos,43.27,292
PROD-UNI-00886,Churrumais Papas Sal Marina 35g,Snacks y Sabritas,16.84,269
PROD-UNI-00887,San Marcos Leche Deslactosada Lata 140g,Abarrotes y Despensa,73.17,179
PROD-UNI-00888,Marinela Donas Crujientes 409g,Snacks y Sabritas,50,139
PROD-UNI-00889,Herdez Chiles Jalapeños Botella 370ml,Abarrotes y Despensa,36.91,177
PROD-UNI-00890,Barcel Papas Queso Nacho 443g,Snacks y Sabritas,48.49,236
PROD-UNI-00891,Ricolino Fritos Sal Marina 139g,Snacks y Sabritas,26.75,79
PROD-UNI-00892,Bimbo cacahuates Con Limón 97g,Snacks y Sabritas,28.14,297
PROD-UNI-00893,Herdez Leche Deslactosada 1L,Abarrotes y Despensa,21.15,128
PROD-UNI-00894,Ciel Agua Mineral 600ml,Bebidas y Refrescos,26.02,281
PROD-UNI-00895,Herdez Salsa Valentina Frasco 400g,Abarrotes y Despensa,40.58,268
PROD-UNI-00896,Knorr Salsa Valentina Lata 220g,Abarrotes y Despensa,71.81,257
PROD-UNI-00897,Sabritas Crujitos Queso Nacho 363g,Snacks y Sabritas,30.14,173
PROD-UNI-00898,Knorr Sopa de Tomate Caja 500g,Abarrotes y Despensa,53.96,149
PROD-UNI-00899,Marinela Donas Habanero 98g,Snacks y Sabritas,13.89,290
PROD-UNI-00900,Barcel Totis Queso y Chile 347g,Snacks y Sabritas,31.46,18
PROD-UNI-00901,Mafer Fritos Extreme 131g,Snacks y Sabritas,43.15,161
PROD-UNI-00902,Clamato Néctar de Durazno Lata 355ml,Bebidas y Refrescos,38.11,224
PROD-UNI-00903,Ricolino Chokis Sal y Limón 333g,Snacks y Sabritas,28.51,238
PROD-UNI-00904,Sabritas Kranky Crujientes 394g,Snacks y Sabritas,13.75,141
PROD-UNI-00905,Ricolino Cheetos Queso Nacho 310g,Snacks y Sabritas,32.18,96
PROD-UNI-00906,Bimbo Gansito Adobadas 336g,Snacks y Sabritas,14.75,109
PROD-UNI-00907,Bimbo Chips Sal y Limón 291g,Snacks y Sabritas,15.81,44
PROD-UNI-00908,Barcel Cheetos Extreme 221g,Snacks y Sabritas,32.08,30
PROD-UNI-00909,Sonrics Fritos Crema y Especias 223g,Snacks y Sabritas,41.34,118
PROD-UNI-00910,Totis Cheetos Crujientes 110g,Snacks y Sabritas,35.25,103
PROD-UNI-00911,Jumex Refresco de Manzana Pak 4x500ml,Bebidas y Refrescos,16.28,28
PROD-UNI-00912,Totis Kranky Crujientes 371g,Snacks y Sabritas,12.92,76
PROD-UNI-00913,La Costeña Chocolate en Polvo Pouch 200g,Abarrotes y Despensa,60.46,136
PROD-UNI-00914,Mafer Paleta Payaso Queso Nacho 97g,Snacks y Sabritas,37.01,88
PROD-UNI-00915,Churrumais cacahuates Extreme 169g,Snacks y Sabritas,31.78,240
PROD-UNI-00916,Coca-Cola Company Refresco de Toronja Pak 4x500ml,Bebidas y Refrescos,22.32,291
PROD-UNI-00917,Peñafiel Néctar de Mango Lata 355ml,Bebidas y Refrescos,33.4,92
PROD-UNI-00918,La Corona Gansito Adobadas 396g,Snacks y Sabritas,20.35,38
PROD-UNI-00919,Coca-Cola Company Néctar de Durazno Familia 2L,Bebidas y Refrescos,43.09,140
PROD-UNI-00920,Bonafont Agua Mineral Vidrio 400ml,Bebidas y Refrescos,40.42,32
PROD-UNI-00921,Jumex Néctar de Mango Lata 473ml,Bebidas y Refrescos,41.13,284
PROD-UNI-00922,Sonrics Fritos Extreme 68g,Snacks y Sabritas,46.16,195
PROD-UNI-00923,Sonrics Fritos Adobadas 263g,Snacks y Sabritas,38.14,27
PROD-UNI-00924,Sabritas Emperador Adobadas 87g,Snacks y Sabritas,28.97,242
PROD-UNI-00925,Duvalin Fritos Sal Marina 382g,Snacks y Sabritas,54.96,23
PROD-UNI-00926,Fuze Tea Néctar de Durazno Vidrio 400ml,Bebidas y Refrescos,37.91,70
PROD-UNI-00927,Jumex Agua Purificada Lata 355ml,Bebidas y Refrescos,41.73,194
PROD-UNI-00928,Sabritas Fritos Sal y Limón 231g,Snacks y Sabritas,25.11,193
PROD-UNI-00929,San Marcos Mayonesa 1L,Abarrotes y Despensa,52.71,35
PROD-UNI-00930,Marinela Gansito Flaming Hot 262g,Snacks y Sabritas,48.79,158
PROD-UNI-00931,Bimbo Kranky Adobadas 307g,Snacks y Sabritas,41.03,201
PROD-UNI-00932,McCormick Frijoles Bayos Caja 500g,Abarrotes y Despensa,26.73,172
PROD-UNI-00933,Mafer Gansito Con Limón 174g,Snacks y Sabritas,47.14,41
PROD-UNI-00934,Del Valle Agua Purificada Pak 4x500ml,Bebidas y Refrescos,45.63,231
PROD-UNI-00935,Churrumais Fritos Habanero 136g,Snacks y Sabritas,21.94,136
PROD-UNI-00936,La Corona Chokis Habanero 252g,Snacks y Sabritas,37.33,29
PROD-UNI-00937,Marinela Gansito Adobadas 48g,Snacks y Sabritas,17.5,131
PROD-UNI-00938,Bonafont Refresco de Naranja Lata 355ml,Bebidas y Refrescos,31.12,76
PROD-UNI-00939,Bimbo Paleta Payaso Crujientes 339g,Snacks y Sabritas,43.22,86
PROD-UNI-00940,Duvalin Kranky Con Limón 144g,Snacks y Sabritas,12.67,116
PROD-UNI-00941,Ciel Jugo de Manzana Familia 2L,Bebidas y Refrescos,41.21,161
PROD-UNI-00942,Duvalin Cheetos Crujientes 147g,Snacks y Sabritas,33.75,205
PROD-UNI-00943,Knorr Mayonesa Lata 220g,Abarrotes y Despensa,77.48,286
PROD-UNI-00944,Coca-Cola Company Refresco de Naranja No Retornable 500ml,Bebidas y Refrescos,16.57,190
PROD-UNI-00945,Herdez Leche Entera Caja 500g,Abarrotes y Despensa,39.36,124
PROD-UNI-00946,Gamesa Kranky Crujientes 171g,Snacks y Sabritas,32.19,206
PROD-UNI-00947,Nestlé Leche Deslactosada Botella 370ml,Abarrotes y Despensa,70.83,50
PROD-UNI-00948,Krilin Chokis Crujientes 43g,Snacks y Sabritas,33.45,184
PROD-UNI-00949,Coca-Cola Company Refrescos de Cola Pak 4x500ml,Bebidas y Refrescos,23.69,227
PROD-UNI-00950,Churrumais Paleta Payaso Con Limón 319g,Snacks y Sabritas,32.92,269
PROD-UNI-00951,Mafer Kranky Sal y Limón 371g,Snacks y Sabritas,36.15,57
PROD-UNI-00952,Churrumais Papas Flaming Hot 100g,Snacks y Sabritas,37.84,33
PROD-UNI-00953,Totis cacahuates Habanero 288g,Snacks y Sabritas,49.23,104
PROD-UNI-00954,Herdez Mayonesa Pouch 200g,Abarrotes y Despensa,22.19,251
PROD-UNI-00955,Bimbo Chips Flaming Hot 367g,Snacks y Sabritas,34.72,296
PROD-UNI-00956,La Corona Papas Adobadas 180g,Snacks y Sabritas,39.56,82
PROD-UNI-00957,Del Valle Refresco de Toronja Lata 355ml,Bebidas y Refrescos,44.1,256
PROD-UNI-00958,Churrumais Donas Adobadas 226g,Snacks y Sabritas,18.19,77
PROD-UNI-00959,La Costeña Sopa de Tomate 1L,Abarrotes y Despensa,58.67,159
PROD-UNI-00960,Nestlé Leche Deslactosada Frasco 400g,Abarrotes y Despensa,45.57,154
PROD-UNI-00961,Churrumais Bubulubu Sal y Limón 428g,Snacks y Sabritas,52.92,46
PROD-UNI-00962,Marinela Gansito Habanero 322g,Snacks y Sabritas,18.29,193
PROD-UNI-00963,Sonrics Fritos Queso y Chile 214g,Snacks y Sabritas,23.07,148
PROD-UNI-00964,Krilin Kranky Originales 99g,Snacks y Sabritas,51.77,62
PROD-UNI-00965,Peñafiel Néctar de Mango Botella 1L,Bebidas y Refrescos,24.7,213
PROD-UNI-00966,La Corona Kranky Adobadas 80g,Snacks y Sabritas,45.31,194
PROD-UNI-00967,Bimbo Gansito Crema y Especias 33g,Snacks y Sabritas,13.92,30
PROD-UNI-00968,Barcel Takis Sal Marina 148g,Snacks y Sabritas,46.22,45
PROD-UNI-00969,Duvalin Gansito Queso Nacho 107g,Snacks y Sabritas,24.87,263
PROD-UNI-00970,Totis Takis Sal Marina 412g,Snacks y Sabritas,47.45,231
PROD-UNI-00971,Clamato Agua Purificada Lata 473ml,Bebidas y Refrescos,31.89,217
PROD-UNI-00972,Jarritos Refrescos de Cola Familia 2L,Bebidas y Refrescos,17.52,209
PROD-UNI-00973,Mafer Paleta Payaso Originales 114g,Snacks y Sabritas,24.14,111
PROD-UNI-00974,San Marcos Chiles Jalapeños Botella 370ml,Abarrotes y Despensa,50.79,51
PROD-UNI-00975,Gamesa Gansito Flaming Hot 309g,Snacks y Sabritas,40.76,138
PROD-UNI-00976,Ricolino Totis Crujientes 310g,Snacks y Sabritas,51.98,223
PROD-UNI-00977,Duvalin Totis Queso Nacho 351g,Snacks y Sabritas,48.56,293
PROD-UNI-00978,Fuze Tea Refresco de Manzana Pak 4x500ml,Bebidas y Refrescos,42.03,170
PROD-UNI-00979,Sidral Mundet Agua Purificada Vidrio 400ml,Bebidas y Refrescos,17.8,57
PROD-UNI-00980,Marinela Saladitas Queso Nacho 211g,Snacks y Sabritas,46.55,206
PROD-UNI-00981,Totis Takis Queso y Chile 340g,Snacks y Sabritas,36.81,119
PROD-UNI-00982,Gamesa Gansito Originales 30g,Snacks y Sabritas,31.32,256
PROD-UNI-00983,La Corona Chokis Sal y Limón 213g,Snacks y Sabritas,50.08,221
PROD-UNI-00984,Grupo Modelo Refresco de Naranja Vidrio 400ml,Bebidas y Refrescos,39.6,112
PROD-UNI-00985,Gamesa Papas Adobadas 113g,Snacks y Sabritas,48.17,117
PROD-UNI-00986,Totis Bubulubu Extreme 322g,Snacks y Sabritas,39.98,39
PROD-UNI-00987,Ricolino Donas Con Limón 66g,Snacks y Sabritas,25.93,272
PROD-UNI-00988,Sonrics Saladitas Flaming Hot 298g,Snacks y Sabritas,37.74,289
PROD-UNI-00989,Clamato Refresco de Naranja Vidrio 400ml,Bebidas y Refrescos,29.44,131
PROD-UNI-00990,McCormick Sopa de Tomate 1L,Abarrotes y Despensa,26.83,20
PROD-UNI-00991,San Marcos Sopa de Tomate 1L,Abarrotes y Despensa,41.08,203
PROD-UNI-00992,Gamesa Emperador Queso Nacho 135g,Snacks y Sabritas,32.26,163
PROD-UNI-00993,Sonrics Donas Crujientes 125g,Snacks y Sabritas,53.44,277
PROD-UNI-00994,Gamesa Takis Crujientes 233g,Snacks y Sabritas,47.04,223
PROD-UNI-00995,Nestlé Sopa de Tomate Caja 500g,Abarrotes y Despensa,53.14,182
PROD-UNI-00996,Knorr Sopa de Tomate 1L,Abarrotes y Despensa,52.9,230
PROD-UNI-00997,Krilin cacahuates Habanero 220g,Snacks y Sabritas,23.42,138
PROD-UNI-00998,Duvalin Chips Adobadas 294g,Snacks y Sabritas,32.39,228
PROD-UNI-00999,Peñafiel Agua Mineral Pak 4x500ml,Bebidas y Refrescos,17.07,237
PROD-UNI-01000,Duvalin Kranky Originales 67g,Snacks y Sabritas,22.86,236
PROD-UNI-01001,Ciel Refrescos de Cola Lata 355ml,Bebidas y Refrescos,41.22,24
PROD-UNI-01002,Sonrics Totis Con Limón 92g,Snacks y Sabritas,41.46,104
PROD-UNI-01003,Fuze Tea Refresco de Manzana Lata 473ml,Bebidas y Refrescos,38.11,220
PROD-UNI-01004,Clamato Bebida Energética Botella 1L,Bebidas y Refrescos,46.94,92
PROD-UNI-01005,Gamesa Papas Fuego 78g,Snacks y Sabritas,30.56,153
PROD-UNI-01006,Sabritas Donas Originales 375g,Snacks y Sabritas,53.07,15
PROD-UNI-01007,Bimbo Bubulubu Habanero 176g,Snacks y Sabritas,34.59,93
PROD-UNI-01008,Duvalin Bubulubu Sal y Limón 116g,Snacks y Sabritas,12.44,46
PROD-UNI-01009,Marinela Emperador Sal Marina 440g,Snacks y Sabritas,36.54,216
PROD-UNI-01010,Sidral Mundet Té Verde Lata 473ml,Bebidas y Refrescos,29.53,136
PROD-UNI-01011,Churrumais Gansito Extreme 141g,Snacks y Sabritas,51.04,41
PROD-UNI-01012,Duvalin Emperador Con Limón 384g,Snacks y Sabritas,32.13,210
PROD-UNI-01013,Ricolino Gansito Extreme 166g,Snacks y Sabritas,39.5,246
PROD-UNI-01014,Alpura Leche Deslactosada Pouch 200g,Abarrotes y Despensa,63.08,77
PROD-UNI-01015,Duvalin Bubulubu Fuego 176g,Snacks y Sabritas,34.42,35
PROD-UNI-01016,Boing Refresco de Toronja Pak 4x500ml,Bebidas y Refrescos,43.28,48
PROD-UNI-01017,Sabritas Cheetos Con Limón 205g,Snacks y Sabritas,20.17,245
PROD-UNI-01018,Churrumais Emperador Sal Marina 51g,Snacks y Sabritas,20.2,38
PROD-UNI-01019,Sabritas Crujitos Flaming Hot 445g,Snacks y Sabritas,31.4,268
PROD-UNI-01020,Clamato Té Negro Lata 473ml,Bebidas y Refrescos,33.43,244
PROD-UNI-01021,Churrumais Chips Queso y Chile 427g,Snacks y Sabritas,20.53,138
PROD-UNI-01022,Bimbo Cheetos Habanero 112g,Snacks y Sabritas,52.87,204
PROD-UNI-01023,Bimbo Fritos Fuego 349g,Snacks y Sabritas,21.03,99
PROD-UNI-01024,McCormick Frijoles Bayos Pouch 200g,Abarrotes y Despensa,78.01,237
PROD-UNI-01025,Sonrics Takis Adobadas 432g,Snacks y Sabritas,37.96,146
PROD-UNI-01026,Totis Donas Crujientes 39g,Snacks y Sabritas,12,41
PROD-UNI-01027,Clamato Refresco de Naranja No Retornable 500ml,Bebidas y Refrescos,25.86,120
PROD-UNI-01028,Gamesa Paleta Payaso Sal y Limón 265g,Snacks y Sabritas,22.4,293
PROD-UNI-01029,Marinela Crujitos Extreme 396g,Snacks y Sabritas,40.52,109
PROD-UNI-01030,Bimbo Gansito Queso Nacho 336g,Snacks y Sabritas,27.55,155
PROD-UNI-01031,Churrumais Fritos Queso y Chile 93g,Snacks y Sabritas,12.02,95
PROD-UNI-01032,Coca-Cola Company Agua Purificada Familia 2L,Bebidas y Refrescos,43.76,161
PROD-UNI-01033,Del Valle Té Negro Botella 1L,Bebidas y Refrescos,34.3,34
PROD-UNI-01034,Duvalin Kranky Sal Marina 339g,Snacks y Sabritas,17.17,277
PROD-UNI-01035,Duvalin Chips Fuego 274g,Snacks y Sabritas,37.36,48
PROD-UNI-01036,Nestlé Chocolate en Polvo 1L,Abarrotes y Despensa,81.68,27
PROD-UNI-01037,Gamesa Totis Flaming Hot 198g,Snacks y Sabritas,34.51,124
PROD-UNI-01038,Sonrics Donas Queso Nacho 374g,Snacks y Sabritas,52.76,61
PROD-UNI-01039,Ciel Agua Mineral Botella 1L,Bebidas y Refrescos,27.2,23
PROD-UNI-01040,Marinela cacahuates Crujientes 61g,Snacks y Sabritas,54.61,89
PROD-UNI-01041,Sonrics Chips Flaming Hot 297g,Snacks y Sabritas,50.97,286
PROD-UNI-01042,Sabritas Chips Sal Marina 294g,Snacks y Sabritas,20.35,84
PROD-UNI-01043,Marinela Kranky Queso y Chile 358g,Snacks y Sabritas,50.03,214
PROD-UNI-01044,Churrumais Gansito Flaming Hot 156g,Snacks y Sabritas,40.93,288
PROD-UNI-01045,PepsiCo Bebida Isotónica Lata 355ml,Bebidas y Refrescos,19.89,84
PROD-UNI-01046,Barcel Chips Queso y Chile 58g,Snacks y Sabritas,12.41,266
PROD-UNI-01047,McCormick Atún en Aceite 1L,Abarrotes y Despensa,48.78,37
PROD-UNI-01048,Gamesa Fritos Fuego 334g,Snacks y Sabritas,35.72,237
PROD-UNI-01049,Jarritos Bebida Isotónica 600ml,Bebidas y Refrescos,44.79,253
PROD-UNI-01050,Grupo Modelo Bebida Energética No Retornable 500ml,Bebidas y Refrescos,15.9,262
PROD-UNI-01051,Del Valle Té Verde Botella 1L,Bebidas y Refrescos,24.56,250
PROD-UNI-01052,Bimbo Saladitas Crujientes 57g,Snacks y Sabritas,38.82,41
PROD-UNI-01053,Barcel Papas Fuego 146g,Snacks y Sabritas,47.03,151
PROD-UNI-01054,Churrumais Chokis Crema y Especias 245g,Snacks y Sabritas,39.19,65
PROD-UNI-01055,Boing Refresco de Toronja Vidrio 400ml,Bebidas y Refrescos,35.93,180
PROD-UNI-01056,McCormick Chiles Jalapeños Lata 140g,Abarrotes y Despensa,83.28,131
PROD-UNI-01057,Jarritos Bebida Energética Botella 1L,Bebidas y Refrescos,18.95,192
PROD-UNI-01058,Duvalin Donas Crujientes 210g,Snacks y Sabritas,53.22,44
PROD-UNI-01059,Bimbo Gansito Con Limón 60g,Snacks y Sabritas,42.94,296
PROD-UNI-01060,Churrumais Papas Con Limón 439g,Snacks y Sabritas,39.42,225
PROD-UNI-01061,Lala Atún en Aceite Frasco 400g,Abarrotes y Despensa,61.1,34
PROD-UNI-01062,Bimbo Gansito Extreme 318g,Snacks y Sabritas,23.97,101
PROD-UNI-01063,La Corona Emperador Queso Nacho 155g,Snacks y Sabritas,43.38,110
PROD-UNI-01064,Sabritas Papas Habanero 440g,Snacks y Sabritas,28.84,141
PROD-UNI-01065,Gamesa Cheetos Fuego 212g,Snacks y Sabritas,35.2,247
PROD-UNI-01066,Totis Paleta Payaso Queso y Chile 157g,Snacks y Sabritas,16.58,280
PROD-UNI-01067,Coca-Cola Company Refresco de Toronja Familia 2L,Bebidas y Refrescos,17.14,17
PROD-UNI-01068,Clamato Té Negro 600ml,Bebidas y Refrescos,25,64
PROD-UNI-01069,Jumex Néctar de Mango Botella 1L,Bebidas y Refrescos,29.64,49
PROD-UNI-01070,Marinela Fritos Adobadas 338g,Snacks y Sabritas,43.48,83
PROD-UNI-01071,Ricolino Takis Crema y Especias 417g,Snacks y Sabritas,35.61,220
PROD-UNI-01072,Sabritas Cheetos Adobadas 183g,Snacks y Sabritas,51.25,244
PROD-UNI-01073,Churrumais Emperador Fuego 181g,Snacks y Sabritas,19.77,267
PROD-UNI-01074,Peñafiel Néctar de Durazno Lata 473ml,Bebidas y Refrescos,19.35,63
PROD-UNI-01075,Gamesa Crujitos Fuego 60g,Snacks y Sabritas,41.8,129
PROD-UNI-01076,PepsiCo Bebida Energética Botella 1L,Bebidas y Refrescos,19.89,208
PROD-UNI-01077,Gamesa Crujitos Queso y Chile 168g,Snacks y Sabritas,45.66,64
PROD-UNI-01078,Krilin Chips Adobadas 380g,Snacks y Sabritas,38.5,117
PROD-UNI-01079,San Marcos Sopa de Tomate Lata 140g,Abarrotes y Despensa,61.05,222
PROD-UNI-01080,Coca-Cola Company Refrescos de Cola Botella 1L,Bebidas y Refrescos,40.54,147
PROD-UNI-01081,Grupo Modelo Refrescos de Cola No Retornable 500ml,Bebidas y Refrescos,39.96,138
PROD-UNI-01082,Herdez Leche Entera Lata 140g,Abarrotes y Despensa,79.27,286
PROD-UNI-01083,Bonafont Agua Purificada Lata 473ml,Bebidas y Refrescos,32.76,109
PROD-UNI-01084,Gamesa Fritos Sal Marina 308g,Snacks y Sabritas,20.7,47
PROD-UNI-01085,Ciel Néctar de Mango No Retornable 500ml,Bebidas y Refrescos,21.85,226
PROD-UNI-01086,Ricolino Saladitas Crujientes 286g,Snacks y Sabritas,31.75,45
PROD-UNI-01087,Barcel Paleta Payaso Crujientes 371g,Snacks y Sabritas,17.02,297
PROD-UNI-01088,Herdez Salsa Valentina Pouch 200g,Abarrotes y Despensa,22.55,78
PROD-UNI-01089,La Costeña Atún en Aceite 1L,Abarrotes y Despensa,76.74,274
PROD-UNI-01090,Totis Donas Originales 32g,Snacks y Sabritas,27.87,125
PROD-UNI-01091,Clamato Refresco de Naranja Lata 355ml,Bebidas y Refrescos,23.2,154
PROD-UNI-01092,Churrumais Papas Habanero 267g,Snacks y Sabritas,26.98,237
PROD-UNI-01093,Churrumais Chokis Con Limón 174g,Snacks y Sabritas,35.34,96
PROD-UNI-01094,Jumex Bebida Energética Lata 355ml,Bebidas y Refrescos,29.47,86
PROD-UNI-01095,Marinela Crujitos Fuego 356g,Snacks y Sabritas,48.04,26
PROD-UNI-01096,Totis Saladitas Originales 401g,Snacks y Sabritas,25.3,261
PROD-UNI-01097,Bimbo Gansito Fuego 178g,Snacks y Sabritas,24.66,106
PROD-UNI-01098,Clamato Refresco de Toronja 600ml,Bebidas y Refrescos,43.26,149
PROD-UNI-01099,Fuze Tea Néctar de Mango Lata 355ml,Bebidas y Refrescos,15.02,21
PROD-UNI-01100,Grupo Modelo Néctar de Durazno Botella 1L,Bebidas y Refrescos,23.07,209
PROD-UNI-01101,Fuze Tea Agua Mineral No Retornable 500ml,Bebidas y Refrescos,14.08,245
PROD-UNI-01102,Barcel Papas Extreme 427g,Snacks y Sabritas,27.43,202
PROD-UNI-01103,Ricolino Donas Queso y Chile 232g,Snacks y Sabritas,54.18,47
PROD-UNI-01104,Jarritos Agua Mineral Lata 473ml,Bebidas y Refrescos,15.7,113
PROD-UNI-01105,Bonafont Refresco de Manzana Pak 4x500ml,Bebidas y Refrescos,24.93,93
PROD-UNI-01106,Boing Néctar de Durazno Familia 2L,Bebidas y Refrescos,41.06,105
PROD-UNI-01107,Herdez Leche Deslactosada Pouch 200g,Abarrotes y Despensa,39.37,170
PROD-UNI-01108,Mafer Saladitas Con Limón 336g,Snacks y Sabritas,21.3,131
PROD-UNI-01109,Marinela Gansito Sal y Limón 91g,Snacks y Sabritas,47.89,37
PROD-UNI-01110,Gamesa Chips Fuego 175g,Snacks y Sabritas,40.99,190
PROD-UNI-01111,Lala Leche Deslactosada 1L,Abarrotes y Despensa,84.79,189
PROD-UNI-01112,Jumex Té Negro No Retornable 500ml,Bebidas y Refrescos,37.27,250
PROD-UNI-01113,La Corona Gansito Queso y Chile 420g,Snacks y Sabritas,32.78,91
PROD-UNI-01114,Duvalin Chips Sal y Limón 249g,Snacks y Sabritas,43.72,79
PROD-UNI-01115,Herdez Leche Deslactosada Lata 140g,Abarrotes y Despensa,81.65,218
PROD-UNI-01116,Marinela Bubulubu Crujientes 64g,Snacks y Sabritas,18.15,215
PROD-UNI-01117,Alpura Chocolate en Polvo Pouch 200g,Abarrotes y Despensa,82.09,28
PROD-UNI-01118,Jumex Bebida Isotónica Lata 355ml,Bebidas y Refrescos,41.58,270
PROD-UNI-01119,Krilin Takis Crujientes 414g,Snacks y Sabritas,51.52,102
PROD-UNI-01120,Bimbo Takis Sal Marina 208g,Snacks y Sabritas,50.47,54
PROD-UNI-01121,Coca-Cola Company Refrescos de Cola Lata 355ml,Bebidas y Refrescos,33.74,163
PROD-UNI-01122,La Corona Gansito Extreme 64g,Snacks y Sabritas,16.37,227
PROD-UNI-01123,Gamesa Chokis Originales 170g,Snacks y Sabritas,13.57,58
PROD-UNI-01124,Mafer Emperador Crema y Especias 359g,Snacks y Sabritas,51.81,281
PROD-UNI-01125,Ricolino Kranky Flaming Hot 259g,Snacks y Sabritas,31.82,93
PROD-UNI-01126,La Corona Papas Con Limón 151g,Snacks y Sabritas,40.33,217
PROD-UNI-01127,Sabritas Donas Crema y Especias 410g,Snacks y Sabritas,33.05,135
PROD-UNI-01128,Totis Fritos Queso Nacho 63g,Snacks y Sabritas,36.18,62
PROD-UNI-01129,Totis Papas Queso y Chile 359g,Snacks y Sabritas,38.74,130
PROD-UNI-01130,Boing Té Verde Botella 1L,Bebidas y Refrescos,44.18,138
PROD-UNI-01131,Alpura Atún en Aceite Pouch 200g,Abarrotes y Despensa,82.75,185
PROD-UNI-01132,Lala Salsa Valentina Lata 140g,Abarrotes y Despensa,52.12,24
PROD-UNI-01133,Nestlé Mayonesa Caja 500g,Abarrotes y Despensa,56.3,253
PROD-UNI-01134,Totis Totis Queso Nacho 321g,Snacks y Sabritas,41.45,26
PROD-UNI-01135,Marinela Totis Flaming Hot 277g,Snacks y Sabritas,40.69,17
PROD-UNI-01136,Alpura Frijoles Bayos Frasco 400g,Abarrotes y Despensa,23.98,171
PROD-UNI-01137,Coca-Cola Company Néctar de Durazno No Retornable 500ml,Bebidas y Refrescos,14.46,238
PROD-UNI-01138,Jumex Agua Mineral Lata 473ml,Bebidas y Refrescos,46.83,47
PROD-UNI-01139,Peñafiel Refresco de Toronja 600ml,Bebidas y Refrescos,33.28,237
PROD-UNI-01140,Fuze Tea Néctar de Mango 600ml,Bebidas y Refrescos,44.2,48
PROD-UNI-01141,Barcel cacahuates Crujientes 444g,Snacks y Sabritas,29.36,225
PROD-UNI-01142,Knorr Atún en Aceite Frasco 400g,Abarrotes y Despensa,22.42,84
PROD-UNI-01143,Mafer Donas Crujientes 368g,Snacks y Sabritas,26.5,80
PROD-UNI-01144,Bimbo Donas Habanero 210g,Snacks y Sabritas,50.71,231
PROD-UNI-01145,Sonrics Crujitos Fuego 241g,Snacks y Sabritas,54.31,298
PROD-UNI-01146,Totis Chokis Originales 428g,Snacks y Sabritas,44.78,216
PROD-UNI-01147,Sabritas Takis Habanero 109g,Snacks y Sabritas,43.26,160
PROD-UNI-01148,Bimbo Papas Fuego 67g,Snacks y Sabritas,22.67,183
PROD-UNI-01149,Churrumais Chips Crema y Especias 175g,Snacks y Sabritas,54.51,107
PROD-UNI-01150,Knorr Chiles Jalapeños Frasco 400g,Abarrotes y Despensa,40.81,229
PROD-UNI-01151,Clamato Refresco de Manzana Botella 1L,Bebidas y Refrescos,43.69,222
PROD-UNI-01152,Duvalin Paleta Payaso Queso Nacho 256g,Snacks y Sabritas,18.65,43
PROD-UNI-01153,Barcel Emperador Extreme 238g,Snacks y Sabritas,51.36,88
PROD-UNI-01154,Krilin Totis Habanero 361g,Snacks y Sabritas,47.01,185
PROD-UNI-01155,La Corona Cheetos Originales 400g,Snacks y Sabritas,50.76,261
PROD-UNI-01156,Jarritos Refresco de Manzana Lata 355ml,Bebidas y Refrescos,17.11,178
PROD-UNI-01157,Sonrics Bubulubu Queso y Chile 434g,Snacks y Sabritas,14.11,288
PROD-UNI-01158,Duvalin Chokis Sal Marina 441g,Snacks y Sabritas,36.98,67
PROD-UNI-01159,Gamesa Gansito Crema y Especias 446g,Snacks y Sabritas,27.64,253
PROD-UNI-01160,Sonrics Takis Habanero 448g,Snacks y Sabritas,15.97,88
PROD-UNI-01161,Barcel Donas Crema y Especias 295g,Snacks y Sabritas,31.53,152
PROD-UNI-01162,Gamesa Donas Queso Nacho 35g,Snacks y Sabritas,33.05,259
PROD-UNI-01163,Jumex Té Negro Vidrio 400ml,Bebidas y Refrescos,19.78,221
PROD-UNI-01164,Bimex Cereal de Maíz 1L,Abarrotes y Despensa,74.63,56
PROD-UNI-01165,Duvalin Bubulubu Queso y Chile 438g,Snacks y Sabritas,30.62,92
PROD-UNI-01166,McCormick Cereal de Maíz Lata 220g,Abarrotes y Despensa,25.47,95
PROD-UNI-01167,Peñafiel Agua Mineral Vidrio 400ml,Bebidas y Refrescos,44.96,86
PROD-UNI-01168,La Costeña Cereal de Maíz Pouch 200g,Abarrotes y Despensa,45.06,112
PROD-UNI-01169,Krilin Papas Queso y Chile 326g,Snacks y Sabritas,50.1,285
PROD-UNI-01170,Sidral Mundet Agua Purificada Familia 2L,Bebidas y Refrescos,35.17,134
PROD-UNI-01171,Ricolino Chokis Sal Marina 330g,Snacks y Sabritas,47.41,155
PROD-UNI-01172,Ciel Té Negro Botella 1L,Bebidas y Refrescos,16.87,261
PROD-UNI-01173,Alpura Frijoles Bayos Lata 140g,Abarrotes y Despensa,22.86,250
PROD-UNI-01174,Mafer Papas Originales 332g,Snacks y Sabritas,53.4,120
PROD-UNI-01175,Jumex Refrescos de Cola Vidrio 400ml,Bebidas y Refrescos,16.46,42
PROD-UNI-01176,Sonrics Kranky Habanero 202g,Snacks y Sabritas,13.44,150
PROD-UNI-01177,Clamato Té Verde Familia 2L,Bebidas y Refrescos,20.72,167
PROD-UNI-01178,Krilin Kranky Adobadas 70g,Snacks y Sabritas,49.12,54
PROD-UNI-01179,Churrumais Paleta Payaso Crujientes 133g,Snacks y Sabritas,37.63,238
PROD-UNI-01180,Krilin Takis Queso y Chile 96g,Snacks y Sabritas,16.75,150
PROD-UNI-01181,Marinela Totis Sal Marina 107g,Snacks y Sabritas,14.64,166
PROD-UNI-01182,Ricolino Bubulubu Crujientes 431g,Snacks y Sabritas,45.4,153
PROD-UNI-01183,Krilin Paleta Payaso Adobadas 95g,Snacks y Sabritas,15.58,17
PROD-UNI-01184,Duvalin cacahuates Sal y Limón 84g,Snacks y Sabritas,45.7,28
PROD-UNI-01185,Totis Crujitos Queso Nacho 332g,Snacks y Sabritas,13.38,242
PROD-UNI-01186,McCormick Leche Deslactosada Pouch 200g,Abarrotes y Despensa,67.43,190
PROD-UNI-01187,Mafer Crujitos Queso Nacho 180g,Snacks y Sabritas,36.98,257
PROD-UNI-01188,La Corona Papas Crema y Especias 211g,Snacks y Sabritas,27.69,281
PROD-UNI-01189,Barcel Paleta Payaso Adobadas 115g,Snacks y Sabritas,53.1,46
PROD-UNI-01190,Ricolino Chips Habanero 187g,Snacks y Sabritas,44.4,139
PROD-UNI-01191,Churrumais Fritos Fuego 417g,Snacks y Sabritas,48.82,44
PROD-UNI-01192,Barcel Fritos Sal Marina 300g,Snacks y Sabritas,34.86,164
PROD-UNI-01193,Fuze Tea Refresco de Toronja Vidrio 400ml,Bebidas y Refrescos,43.85,97
PROD-UNI-01194,Fuze Tea Néctar de Mango No Retornable 500ml,Bebidas y Refrescos,22.18,274
PROD-UNI-01195,Mafer Chips Crujientes 311g,Snacks y Sabritas,31.09,211
PROD-UNI-01196,Bimbo Kranky Queso Nacho 390g,Snacks y Sabritas,36.36,269
PROD-UNI-01197,Jarritos Néctar de Durazno Botella 1L,Bebidas y Refrescos,38.7,37
PROD-UNI-01198,Coca-Cola Company Agua Mineral No Retornable 500ml,Bebidas y Refrescos,46.2,38
PROD-UNI-01199,Knorr Cereal de Maíz Lata 140g,Abarrotes y Despensa,51.03,272
PROD-UNI-01200,Krilin Donas Originales 285g,Snacks y Sabritas,40.62,262
PROD-UNI-01201,La Corona Totis Habanero 328g,Snacks y Sabritas,45.57,106
PROD-UNI-01202,Churrumais Crujitos Habanero 155g,Snacks y Sabritas,19.29,186
PROD-UNI-01203,Sonrics Cheetos Fuego 350g,Snacks y Sabritas,34.44,257
PROD-UNI-01204,PepsiCo Té Verde Familia 2L,Bebidas y Refrescos,26.29,236
PROD-UNI-01205,Jumex Bebida Energética No Retornable 500ml,Bebidas y Refrescos,39.68,111
PROD-UNI-01206,Sidral Mundet Bebida Energética Botella 1L,Bebidas y Refrescos,22.35,51
PROD-UNI-01207,Bonafont Refrescos de Cola Lata 473ml,Bebidas y Refrescos,33.21,256
PROD-UNI-01208,Krilin Crujitos Queso y Chile 337g,Snacks y Sabritas,45.67,126
PROD-UNI-01209,Grupo Modelo Agua Purificada 600ml,Bebidas y Refrescos,15.74,299
PROD-UNI-01210,Jumex Refrescos de Cola Lata 355ml,Bebidas y Refrescos,19.65,286
PROD-UNI-01211,Bimex Frijoles Bayos Lata 220g,Abarrotes y Despensa,53.13,27
PROD-UNI-01212,Sabritas Kranky Flaming Hot 191g,Snacks y Sabritas,51.53,130
PROD-UNI-01213,Sabritas Saladitas Habanero 327g,Snacks y Sabritas,27.85,70
PROD-UNI-01214,La Corona Totis Crujientes 244g,Snacks y Sabritas,43.52,160
PROD-UNI-01215,Ciel Néctar de Durazno No Retornable 500ml,Bebidas y Refrescos,15.26,147
PROD-UNI-01216,Bimex Salsa Valentina 1L,Abarrotes y Despensa,53.09,52
PROD-UNI-01217,Coca-Cola Company Néctar de Durazno Lata 473ml,Bebidas y Refrescos,22.66,186
PROD-UNI-01218,Sabritas Takis Con Limón 241g,Snacks y Sabritas,45.15,78
PROD-UNI-01219,Marinela Emperador Adobadas 75g,Snacks y Sabritas,33.49,114
PROD-UNI-01220,Ricolino Papas Adobadas 140g,Snacks y Sabritas,33.67,29
PROD-UNI-01221,Jumex Néctar de Mango Lata 355ml,Bebidas y Refrescos,15.67,185
PROD-UNI-01222,Krilin Chokis Queso Nacho 278g,Snacks y Sabritas,23.85,81
PROD-UNI-01223,Barcel Saladitas Extreme 141g,Snacks y Sabritas,54.56,55
PROD-UNI-01224,Krilin Saladitas Fuego 273g,Snacks y Sabritas,44.62,18
PROD-UNI-01225,Boing Refresco de Toronja No Retornable 500ml,Bebidas y Refrescos,38.45,261
PROD-UNI-01226,Ricolino Paleta Payaso Sal y Limón 112g,Snacks y Sabritas,33.57,163
PROD-UNI-01227,Marinela Crujitos Habanero 94g,Snacks y Sabritas,39.04,51
PROD-UNI-01228,PepsiCo Jugo de Manzana Familia 2L,Bebidas y Refrescos,22.82,97
PROD-UNI-01229,Herdez Leche Deslactosada Frasco 400g,Abarrotes y Despensa,78.69,106
PROD-UNI-01230,La Costeña Leche Entera Lata 140g,Abarrotes y Despensa,52.42,224
PROD-UNI-01231,Duvalin Chips Sal Marina 35g,Snacks y Sabritas,12.35,184
PROD-UNI-01232,Totis Donas Adobadas 442g,Snacks y Sabritas,42.7,177
PROD-UNI-01233,Totis cacahuates Originales 93g,Snacks y Sabritas,50.28,211
PROD-UNI-01234,Sabritas Fritos Flaming Hot 241g,Snacks y Sabritas,48.42,81
PROD-UNI-01235,Duvalin cacahuates Fuego 375g,Snacks y Sabritas,32.81,165
PROD-UNI-01236,Jarritos Té Verde Pak 4x500ml,Bebidas y Refrescos,14.65,266
PROD-UNI-01237,Gamesa Donas Flaming Hot 224g,Snacks y Sabritas,42.4,215
PROD-UNI-01238,Peñafiel Refresco de Manzana Lata 473ml,Bebidas y Refrescos,18.2,269
PROD-UNI-01239,Sonrics Paleta Payaso Sal y Limón 242g,Snacks y Sabritas,21.43,24
PROD-UNI-01240,Clamato Refrescos de Cola Lata 473ml,Bebidas y Refrescos,15.37,98
PROD-UNI-01241,La Corona Donas Crema y Especias 46g,Snacks y Sabritas,45.08,290
PROD-UNI-01242,Bimbo Takis Originales 401g,Snacks y Sabritas,44.85,255
PROD-UNI-01243,Bimex Chiles Jalapeños 1L,Abarrotes y Despensa,70.7,97
PROD-UNI-01244,Marinela Gansito Extreme 290g,Snacks y Sabritas,12.2,25
PROD-UNI-01245,Grupo Modelo Agua Purificada Lata 473ml,Bebidas y Refrescos,30.79,225
PROD-UNI-01246,Ciel Refresco de Manzana Pak 4x500ml,Bebidas y Refrescos,26.25,178
PROD-UNI-01247,La Corona Bubulubu Flaming Hot 100g,Snacks y Sabritas,49.6,87
PROD-UNI-01248,Totis Kranky Habanero 386g,Snacks y Sabritas,54.54,148
PROD-UNI-01249,Ciel Refresco de Toronja Botella 1L,Bebidas y Refrescos,35.74,221
PROD-UNI-01250,Ricolino cacahuates Extreme 149g,Snacks y Sabritas,23.37,211
PROD-UNI-01251,Totis Saladitas Adobadas 409g,Snacks y Sabritas,19.97,116
PROD-UNI-01252,Marinela Paleta Payaso Crujientes 55g,Snacks y Sabritas,25,255
PROD-UNI-01253,Marinela Kranky Fuego 222g,Snacks y Sabritas,33.43,277
PROD-UNI-01254,Krilin Bubulubu Crema y Especias 307g,Snacks y Sabritas,22.79,49
PROD-UNI-01255,Krilin cacahuates Queso y Chile 261g,Snacks y Sabritas,30.82,75
PROD-UNI-01256,Gamesa Chips Originales 36g,Snacks y Sabritas,49,121
PROD-UNI-01257,Duvalin Fritos Crujientes 403g,Snacks y Sabritas,38.11,117
PROD-UNI-01258,Mafer Emperador Sal y Limón 377g,Snacks y Sabritas,18.43,85
PROD-UNI-01259,Krilin Kranky Queso y Chile 128g,Snacks y Sabritas,33.12,39
PROD-UNI-01260,Mafer Donas Crema y Especias 225g,Snacks y Sabritas,54.77,286
PROD-UNI-01261,Barcel Totis Queso Nacho 270g,Snacks y Sabritas,32.85,177
PROD-UNI-01262,Fuze Tea Agua Purificada Vidrio 400ml,Bebidas y Refrescos,16.15,50
PROD-UNI-01263,Ricolino Chokis Habanero 252g,Snacks y Sabritas,37.84,267
PROD-UNI-01264,PepsiCo Bebida Isotónica Familia 2L,Bebidas y Refrescos,22.55,70
PROD-UNI-01265,Marinela Cheetos Originales 314g,Snacks y Sabritas,42.64,211
PROD-UNI-01266,Peñafiel Néctar de Durazno Vidrio 400ml,Bebidas y Refrescos,40.09,126
PROD-UNI-01267,San Marcos Cereal de Maíz Botella 370ml,Abarrotes y Despensa,67.37,136
PROD-UNI-01268,La Corona Crujitos Extreme 370g,Snacks y Sabritas,32.64,273
PROD-UNI-01269,Sabritas Chips Queso Nacho 248g,Snacks y Sabritas,44.51,263
PROD-UNI-01270,Grupo Modelo Néctar de Durazno Lata 355ml,Bebidas y Refrescos,31.04,47
PROD-UNI-01271,La Corona Papas Flaming Hot 435g,Snacks y Sabritas,29.48,152
PROD-UNI-01272,Jumex Té Verde 600ml,Bebidas y Refrescos,21.37,15
PROD-UNI-01273,Totis Crujitos Sal Marina 201g,Snacks y Sabritas,21.33,82
PROD-UNI-01274,La Corona Crujitos Crema y Especias 161g,Snacks y Sabritas,31.36,54
PROD-UNI-01275,Mafer cacahuates Extreme 358g,Snacks y Sabritas,24.9,276
PROD-UNI-01276,Sonrics Cheetos Adobadas 132g,Snacks y Sabritas,35.73,185
PROD-UNI-01277,La Costeña Chiles Jalapeños Botella 370ml,Abarrotes y Despensa,30.54,259
PROD-UNI-01278,Knorr Leche Entera Lata 220g,Abarrotes y Despensa,83.3,197
PROD-UNI-01279,Nestlé Frijoles Bayos Caja 500g,Abarrotes y Despensa,41.9,165
PROD-UNI-01280,Totis Takis Crema y Especias 385g,Snacks y Sabritas,33.76,147
PROD-UNI-01281,Krilin Cheetos Queso Nacho 73g,Snacks y Sabritas,34.12,268
PROD-UNI-01282,Marinela Emperador Crujientes 30g,Snacks y Sabritas,25.32,167
PROD-UNI-01283,Mafer Emperador Queso y Chile 343g,Snacks y Sabritas,29.71,23
PROD-UNI-01284,Peñafiel Bebida Isotónica Familia 2L,Bebidas y Refrescos,39.19,288
PROD-UNI-01285,Bimbo Papas Crema y Especias 291g,Snacks y Sabritas,17.96,106
PROD-UNI-01286,Gamesa Cheetos Queso Nacho 132g,Snacks y Sabritas,49.98,55
PROD-UNI-01287,San Marcos Salsa Valentina Lata 140g,Abarrotes y Despensa,67.07,80
PROD-UNI-01288,Herdez Leche Entera Lata 220g,Abarrotes y Despensa,74.05,218
PROD-UNI-01289,Boing Agua Purificada Vidrio 400ml,Bebidas y Refrescos,44.14,119
PROD-UNI-01290,McCormick Sopa de Tomate Frasco 400g,Abarrotes y Despensa,18.86,247
PROD-UNI-01291,La Costeña Atún en Aceite Lata 220g,Abarrotes y Despensa,33.38,277
PROD-UNI-01292,McCormick Cereal de Maíz Pouch 200g,Abarrotes y Despensa,37.81,293
PROD-UNI-01293,La Corona Gansito Crema y Especias 227g,Snacks y Sabritas,50.45,172
PROD-UNI-01294,Sonrics Donas Crema y Especias 153g,Snacks y Sabritas,29.27,168
PROD-UNI-01295,Krilin Takis Habanero 129g,Snacks y Sabritas,36.6,57
PROD-UNI-01296,Jumex Té Negro 600ml,Bebidas y Refrescos,42.76,157
PROD-UNI-01297,Duvalin Donas Con Limón 212g,Snacks y Sabritas,25.61,22
PROD-UNI-01298,PepsiCo Té Verde Lata 473ml,Bebidas y Refrescos,25.88,15
PROD-UNI-01299,Marinela Saladitas Fuego 161g,Snacks y Sabritas,27.24,169
PROD-UNI-01300,Totis Papas Flaming Hot 140g,Snacks y Sabritas,20.04,32
PROD-UNI-01301,Krilin Bubulubu Originales 399g,Snacks y Sabritas,30.35,244
PROD-UNI-01302,San Marcos Leche Deslactosada Lata 220g,Abarrotes y Despensa,51.91,143
PROD-UNI-01303,Churrumais Totis Sal Marina 359g,Snacks y Sabritas,33.63,117
PROD-UNI-01304,Coca-Cola Company Refresco de Manzana Lata 473ml,Bebidas y Refrescos,30.2,269
PROD-UNI-01305,Totis Saladitas Sal y Limón 34g,Snacks y Sabritas,28.7,17
PROD-UNI-01306,San Marcos Atún en Aceite Pouch 200g,Abarrotes y Despensa,22.84,145
PROD-UNI-01307,Duvalin cacahuates Originales 156g,Snacks y Sabritas,46.28,79
PROD-UNI-01308,Grupo Modelo Té Negro Botella 1L,Bebidas y Refrescos,25,179
PROD-UNI-01309,Mafer Emperador Fuego 403g,Snacks y Sabritas,51.53,212
PROD-UNI-01310,Grupo Modelo Refresco de Manzana Vidrio 400ml,Bebidas y Refrescos,41.8,201
PROD-UNI-01311,Krilin Takis Crema y Especias 337g,Snacks y Sabritas,20.02,41
PROD-UNI-01312,Sonrics Chokis Crema y Especias 31g,Snacks y Sabritas,20.83,276
PROD-UNI-01313,Herdez Mayonesa Frasco 400g,Abarrotes y Despensa,22.87,101
PROD-UNI-01314,Gamesa Papas Flaming Hot 190g,Snacks y Sabritas,37.15,239
PROD-UNI-01315,Marinela Chokis Adobadas 200g,Snacks y Sabritas,30.64,114
PROD-UNI-01316,Sabritas Emperador Fuego 226g,Snacks y Sabritas,12.33,214
PROD-UNI-01317,Ricolino Paleta Payaso Crema y Especias 250g,Snacks y Sabritas,53.17,124
PROD-UNI-01318,Jarritos Bebida Energética Vidrio 400ml,Bebidas y Refrescos,28.95,276
PROD-UNI-01319,La Corona Bubulubu Queso y Chile 326g,Snacks y Sabritas,29.03,269
PROD-UNI-01320,Totis Paleta Payaso Adobadas 413g,Snacks y Sabritas,13.8,63
PROD-UNI-01321,Barcel Fritos Sal y Limón 340g,Snacks y Sabritas,30.66,54
PROD-UNI-01322,Ricolino Chips Crema y Especias 226g,Snacks y Sabritas,37.08,271
PROD-UNI-01323,Knorr Frijoles Bayos Frasco 400g,Abarrotes y Despensa,44.57,113
PROD-UNI-01324,Grupo Modelo Néctar de Mango No Retornable 500ml,Bebidas y Refrescos,25.04,263
PROD-UNI-01325,Bimex Sopa de Tomate Lata 220g,Abarrotes y Despensa,70.99,285
PROD-UNI-01326,Grupo Modelo Jugo de Manzana Botella 1L,Bebidas y Refrescos,18.82,73
PROD-UNI-01327,Churrumais Paleta Payaso Adobadas 100g,Snacks y Sabritas,20.39,195
PROD-UNI-01328,Churrumais Gansito Habanero 34g,Snacks y Sabritas,17.36,254
PROD-UNI-01329,Jarritos Agua Purificada Lata 473ml,Bebidas y Refrescos,33.37,104
PROD-UNI-01330,Barcel Saladitas Sal y Limón 280g,Snacks y Sabritas,13.55,161
PROD-UNI-01331,Peñafiel Bebida Isotónica Pak 4x500ml,Bebidas y Refrescos,42.97,295
PROD-UNI-01332,Jumex Agua Purificada Familia 2L,Bebidas y Refrescos,16.27,259
PROD-UNI-01333,Totis Gansito Sal Marina 205g,Snacks y Sabritas,35.19,271
PROD-UNI-01334,Herdez Salsa Valentina 1L,Abarrotes y Despensa,62.95,143
PROD-UNI-01335,Sabritas Gansito Originales 389g,Snacks y Sabritas,33.4,179
PROD-UNI-01336,Marinela Bubulubu Fuego 82g,Snacks y Sabritas,52.95,173
PROD-UNI-01337,Sidral Mundet Jugo de Manzana Familia 2L,Bebidas y Refrescos,27.06,294
PROD-UNI-01338,La Corona Donas Habanero 112g,Snacks y Sabritas,12.16,199
PROD-UNI-01339,Mafer cacahuates Habanero 224g,Snacks y Sabritas,27.66,285
PROD-UNI-01340,Sidral Mundet Té Negro No Retornable 500ml,Bebidas y Refrescos,19.14,278
PROD-UNI-01341,Totis Papas Habanero 259g,Snacks y Sabritas,37.3,174
PROD-UNI-01342,Barcel Chokis Adobadas 87g,Snacks y Sabritas,33.89,219
PROD-UNI-01343,Totis Chips Queso Nacho 281g,Snacks y Sabritas,13.09,285
PROD-UNI-01344,Totis Bubulubu Originales 99g,Snacks y Sabritas,38.48,226
PROD-UNI-01345,Jarritos Néctar de Mango Lata 355ml,Bebidas y Refrescos,30.05,236
PROD-UNI-01346,Sabritas Chips Adobadas 375g,Snacks y Sabritas,28.84,157
PROD-UNI-01347,Ricolino Gansito Originales 315g,Snacks y Sabritas,17.24,60
PROD-UNI-01348,Jumex Jugo de Manzana Vidrio 400ml,Bebidas y Refrescos,27.21,287
PROD-UNI-01349,Coca-Cola Company Jugo de Manzana Pak 4x500ml,Bebidas y Refrescos,41.07,204
PROD-UNI-01350,Duvalin Saladitas Habanero 352g,Snacks y Sabritas,27.98,64
PROD-UNI-01351,Gamesa Fritos Habanero 272g,Snacks y Sabritas,36.46,284
PROD-UNI-01352,La Corona Kranky Con Limón 247g,Snacks y Sabritas,54.57,123
PROD-UNI-01353,La Corona Crujitos Queso Nacho 413g,Snacks y Sabritas,18.98,15
PROD-UNI-01354,Knorr Chiles Jalapeños 1L,Abarrotes y Despensa,51.44,214
PROD-UNI-01355,Del Valle Agua Purificada Vidrio 400ml,Bebidas y Refrescos,22.91,147
PROD-UNI-01356,Ricolino Kranky Queso y Chile 204g,Snacks y Sabritas,24.76,148
PROD-UNI-01357,Del Valle Refresco de Manzana Lata 473ml,Bebidas y Refrescos,17.9,77
PROD-UNI-01358,Fuze Tea Refresco de Toronja 600ml,Bebidas y Refrescos,27.47,286
PROD-UNI-01359,Sonrics Kranky Crema y Especias 212g,Snacks y Sabritas,18.61,246
PROD-UNI-01360,Boing Refresco de Naranja Lata 473ml,Bebidas y Refrescos,16.96,208
PROD-UNI-01361,Totis Takis Crujientes 75g,Snacks y Sabritas,48.86,193
PROD-UNI-01362,Sonrics cacahuates Adobadas 276g,Snacks y Sabritas,31.4,41
PROD-UNI-01363,Totis Totis Queso y Chile 119g,Snacks y Sabritas,28.75,93
PROD-UNI-01364,Grupo Modelo Néctar de Mango Lata 355ml,Bebidas y Refrescos,17.14,224
PROD-UNI-01365,Sidral Mundet Jugo de Manzana No Retornable 500ml,Bebidas y Refrescos,33.73,274
PROD-UNI-01366,Totis cacahuates Con Limón 178g,Snacks y Sabritas,36.28,178
PROD-UNI-01367,Krilin Donas Sal y Limón 440g,Snacks y Sabritas,31.2,53
PROD-UNI-01368,Ricolino cacahuates Flaming Hot 166g,Snacks y Sabritas,23.93,206
PROD-UNI-01369,Krilin Fritos Sal Marina 401g,Snacks y Sabritas,33,147
PROD-UNI-01370,Churrumais Totis Habanero 49g,Snacks y Sabritas,22,83
PROD-UNI-01371,Mafer Gansito Sal y Limón 86g,Snacks y Sabritas,45.04,294
PROD-UNI-01372,Sidral Mundet Refresco de Manzana Lata 473ml,Bebidas y Refrescos,47.93,44
PROD-UNI-01373,Bimbo cacahuates Crujientes 442g,Snacks y Sabritas,47.56,189
PROD-UNI-01374,Krilin Gansito Queso y Chile 54g,Snacks y Sabritas,20.67,145
PROD-UNI-01375,Fuze Tea Té Negro 600ml,Bebidas y Refrescos,15.87,282
PROD-UNI-01376,Totis cacahuates Crema y Especias 316g,Snacks y Sabritas,34.53,40
PROD-UNI-01377,Totis Saladitas Flaming Hot 305g,Snacks y Sabritas,41.53,56
PROD-UNI-01378,La Corona Chokis Sal Marina 196g,Snacks y Sabritas,48.39,214
PROD-UNI-01379,Mafer Gansito Fuego 438g,Snacks y Sabritas,40.64,265
PROD-UNI-01380,Barcel Kranky Crujientes 205g,Snacks y Sabritas,16.42,24
PROD-UNI-01381,Ricolino Papas Crujientes 320g,Snacks y Sabritas,33.39,99
PROD-UNI-01382,PepsiCo Refresco de Toronja Lata 473ml,Bebidas y Refrescos,22.15,177
PROD-UNI-01383,Barcel Chips Adobadas 333g,Snacks y Sabritas,26.13,61
PROD-UNI-01384,Duvalin Gansito Flaming Hot 294g,Snacks y Sabritas,51.51,217
PROD-UNI-01385,Mafer Donas Flaming Hot 226g,Snacks y Sabritas,25.8,78
PROD-UNI-01386,Barcel Fritos Adobadas 439g,Snacks y Sabritas,23.82,275
PROD-UNI-01387,Duvalin Takis Queso y Chile 294g,Snacks y Sabritas,30.72,77
PROD-UNI-01388,Churrumais Saladitas Fuego 395g,Snacks y Sabritas,19.09,77
PROD-UNI-01389,Sabritas Emperador Crujientes 33g,Snacks y Sabritas,36.92,74
PROD-UNI-01390,Duvalin Takis Con Limón 284g,Snacks y Sabritas,44.54,269
PROD-UNI-01391,Barcel Donas Sal y Limón 444g,Snacks y Sabritas,15.37,243
PROD-UNI-01392,Gamesa Cheetos Crujientes 355g,Snacks y Sabritas,17.59,87
PROD-UNI-01393,Gamesa Bubulubu Sal y Limón 195g,Snacks y Sabritas,45.01,280
PROD-UNI-01394,Del Valle Té Negro Pak 4x500ml,Bebidas y Refrescos,27.45,121
PROD-UNI-01395,La Corona cacahuates Flaming Hot 228g,Snacks y Sabritas,26.32,181
PROD-UNI-01396,Marinela Takis Adobadas 95g,Snacks y Sabritas,38.15,214
PROD-UNI-01397,Ciel Refrescos de Cola Familia 2L,Bebidas y Refrescos,21.07,233
PROD-UNI-01398,Sabritas Saladitas Extreme 402g,Snacks y Sabritas,42.19,274
PROD-UNI-01399,Alpura Salsa Valentina Lata 140g,Abarrotes y Despensa,59.5,298
PROD-UNI-01400,Duvalin Chokis Con Limón 353g,Snacks y Sabritas,21.01,290
PROD-UNI-01401,Krilin Chips Fuego 318g,Snacks y Sabritas,53.78,55
PROD-UNI-01402,Totis Crujitos Crujientes 440g,Snacks y Sabritas,23.54,202
PROD-UNI-01403,PepsiCo Bebida Energética Vidrio 400ml,Bebidas y Refrescos,34.55,15
PROD-UNI-01404,Nestlé Chocolate en Polvo Botella 370ml,Abarrotes y Despensa,21.49,195
PROD-UNI-01405,Barcel Kranky Crema y Especias 48g,Snacks y Sabritas,50.68,256
PROD-UNI-01406,Bimbo Totis Queso Nacho 448g,Snacks y Sabritas,48.25,138
PROD-UNI-01407,Jarritos Agua Purificada Botella 1L,Bebidas y Refrescos,28.7,191
PROD-UNI-01408,Fuze Tea Néctar de Mango Botella 1L,Bebidas y Refrescos,44.32,69
PROD-UNI-01409,Sonrics Fritos Con Limón 32g,Snacks y Sabritas,31.08,267
PROD-UNI-01410,Bonafont Bebida Isotónica Lata 473ml,Bebidas y Refrescos,36.92,41
PROD-UNI-01411,Bonafont Agua Mineral Botella 1L,Bebidas y Refrescos,27.29,299
PROD-UNI-01412,Coca-Cola Company Refrescos de Cola 600ml,Bebidas y Refrescos,40.49,103
PROD-UNI-01413,Duvalin Paleta Payaso Crema y Especias 226g,Snacks y Sabritas,22.27,204
PROD-UNI-01414,Totis Totis Con Limón 391g,Snacks y Sabritas,46.04,212
PROD-UNI-01415,Jumex Té Negro Botella 1L,Bebidas y Refrescos,21.39,118
PROD-UNI-01416,Barcel Kranky Adobadas 234g,Snacks y Sabritas,52.08,147
PROD-UNI-01417,Bimbo Papas Sal Marina 135g,Snacks y Sabritas,51.36,186
PROD-UNI-01418,La Corona Chips Extreme 140g,Snacks y Sabritas,31.05,42
PROD-UNI-01419,Ricolino Gansito Crujientes 243g,Snacks y Sabritas,51.87,300
PROD-UNI-01420,Bonafont Néctar de Durazno Lata 355ml,Bebidas y Refrescos,43.19,146
PROD-UNI-01421,McCormick Cereal de Maíz 1L,Abarrotes y Despensa,74.2,168
PROD-UNI-01422,Churrumais Cheetos Habanero 398g,Snacks y Sabritas,32.23,283
PROD-UNI-01423,Peñafiel Té Verde Lata 355ml,Bebidas y Refrescos,44.68,283
PROD-UNI-01424,Sonrics Bubulubu Extreme 336g,Snacks y Sabritas,23.35,276
PROD-UNI-01425,Alpura Leche Entera 1L,Abarrotes y Despensa,75.22,292
PROD-UNI-01426,Sidral Mundet Néctar de Mango Botella 1L,Bebidas y Refrescos,39.41,237
PROD-UNI-01427,Boing Néctar de Durazno Botella 1L,Bebidas y Refrescos,36.11,69
PROD-UNI-01428,Gamesa Donas Crujientes 446g,Snacks y Sabritas,26.62,167
PROD-UNI-01429,Duvalin Saladitas Originales 114g,Snacks y Sabritas,15.69,102
PROD-UNI-01430,Bonafont Jugo de Manzana Pak 4x500ml,Bebidas y Refrescos,27.28,278
PROD-UNI-01431,Sonrics Chips Sal y Limón 305g,Snacks y Sabritas,22.55,69
PROD-UNI-01432,Totis Totis Adobadas 298g,Snacks y Sabritas,32.63,99
PROD-UNI-01433,Ricolino Emperador Queso y Chile 153g,Snacks y Sabritas,14.52,137
PROD-UNI-01434,Totis Chokis Queso y Chile 30g,Snacks y Sabritas,38.77,23
PROD-UNI-01435,Ricolino Crujitos Habanero 187g,Snacks y Sabritas,19.54,30
PROD-UNI-01436,Boing Jugo de Manzana Botella 1L,Bebidas y Refrescos,46.1,79
PROD-UNI-01437,Clamato Refresco de Manzana Familia 2L,Bebidas y Refrescos,17.23,168
PROD-UNI-01438,San Marcos Chocolate en Polvo Botella 370ml,Abarrotes y Despensa,34.03,86
PROD-UNI-01439,Bonafont Bebida Isotónica Pak 4x500ml,Bebidas y Refrescos,27.37,127
PROD-UNI-01440,Sonrics Takis Sal y Limón 69g,Snacks y Sabritas,39.51,164
PROD-UNI-01441,Mafer cacahuates Con Limón 136g,Snacks y Sabritas,48.71,127
PROD-UNI-01442,Churrumais Kranky Habanero 103g,Snacks y Sabritas,22.66,290
PROD-UNI-01443,Lala Chocolate en Polvo Lata 140g,Abarrotes y Despensa,61.31,267
PROD-UNI-01444,Barcel Chokis Queso Nacho 35g,Snacks y Sabritas,20.04,123
PROD-UNI-01445,San Marcos Mayonesa Lata 140g,Abarrotes y Despensa,22.56,293
PROD-UNI-01446,Bimbo Fritos Habanero 138g,Snacks y Sabritas,39.17,275
PROD-UNI-01447,Mafer Crujitos Crema y Especias 147g,Snacks y Sabritas,14.85,58
PROD-UNI-01448,Ciel Té Negro No Retornable 500ml,Bebidas y Refrescos,22.85,259
PROD-UNI-01449,Coca-Cola Company Bebida Isotónica Vidrio 400ml,Bebidas y Refrescos,25.7,166
PROD-UNI-01450,Gamesa Chokis Sal y Limón 200g,Snacks y Sabritas,49.73,268
PROD-UNI-01451,Krilin Emperador Originales 102g,Snacks y Sabritas,21.83,201
PROD-UNI-01452,Jarritos Jugo de Manzana Vidrio 400ml,Bebidas y Refrescos,35.55,228
PROD-UNI-01453,Alpura Leche Deslactosada Lata 220g,Abarrotes y Despensa,52.21,97
PROD-UNI-01454,La Corona Fritos Extreme 448g,Snacks y Sabritas,21.26,241
PROD-UNI-01455,Totis Chokis Crema y Especias 417g,Snacks y Sabritas,54.55,298
PROD-UNI-01456,La Corona Chips Crujientes 416g,Snacks y Sabritas,28.61,206
PROD-UNI-01457,Sabritas Paleta Payaso Con Limón 170g,Snacks y Sabritas,29.88,281
PROD-UNI-01458,Jumex Refresco de Naranja Familia 2L,Bebidas y Refrescos,31.79,155
PROD-UNI-01459,Ciel Agua Purificada Lata 355ml,Bebidas y Refrescos,17.99,248
PROD-UNI-01460,Bimbo Chokis Queso y Chile 154g,Snacks y Sabritas,25.93,55
PROD-UNI-01461,Churrumais Takis Crema y Especias 232g,Snacks y Sabritas,36.03,26
PROD-UNI-01462,Boing Néctar de Mango Lata 355ml,Bebidas y Refrescos,38.05,216
PROD-UNI-01463,Sonrics Fritos Originales 333g,Snacks y Sabritas,54.8,240
PROD-UNI-01464,Mafer Saladitas Queso y Chile 201g,Snacks y Sabritas,43.65,196
PROD-UNI-01465,Sabritas Chips Con Limón 283g,Snacks y Sabritas,13.29,181
PROD-UNI-01466,Peñafiel Bebida Energética No Retornable 500ml,Bebidas y Refrescos,33.84,19
PROD-UNI-01467,Duvalin Fritos Sal y Limón 323g,Snacks y Sabritas,47.73,267
PROD-UNI-01468,Duvalin cacahuates Habanero 99g,Snacks y Sabritas,26.08,121
PROD-UNI-01469,La Corona Fritos Flaming Hot 63g,Snacks y Sabritas,26.76,245
PROD-UNI-01470,Ricolino cacahuates Sal Marina 148g,Snacks y Sabritas,13.15,77
PROD-UNI-01471,Gamesa Bubulubu Crujientes 214g,Snacks y Sabritas,48.3,179
PROD-UNI-01472,Marinela Saladitas Queso y Chile 159g,Snacks y Sabritas,46.07,131
PROD-UNI-01473,Krilin Totis Queso Nacho 48g,Snacks y Sabritas,19.8,148
PROD-UNI-01474,Krilin Cheetos Extreme 48g,Snacks y Sabritas,52.35,136
PROD-UNI-01475,Fuze Tea Té Negro Lata 355ml,Bebidas y Refrescos,44.85,189
PROD-UNI-01476,Totis Fritos Originales 396g,Snacks y Sabritas,26.54,140
PROD-UNI-01477,Mafer Donas Queso y Chile 135g,Snacks y Sabritas,51.92,192
PROD-UNI-01478,Bimbo Kranky Con Limón 191g,Snacks y Sabritas,25.58,60
PROD-UNI-01479,Ricolino Chokis Crujientes 68g,Snacks y Sabritas,27.63,238
PROD-UNI-01480,Ricolino Gansito Flaming Hot 174g,Snacks y Sabritas,12.13,276
PROD-UNI-01481,Sabritas Cheetos Flaming Hot 431g,Snacks y Sabritas,33.05,129
PROD-UNI-01482,Krilin Takis Extreme 442g,Snacks y Sabritas,42.52,200
PROD-UNI-01483,Grupo Modelo Refresco de Manzana Botella 1L,Bebidas y Refrescos,36.11,169
PROD-UNI-01484,Mafer Paleta Payaso Sal y Limón 266g,Snacks y Sabritas,18.87,170
PROD-UNI-01485,Krilin Totis Fuego 331g,Snacks y Sabritas,27.03,47
PROD-UNI-01486,Bimex Sopa de Tomate Frasco 400g,Abarrotes y Despensa,84.74,21
PROD-UNI-01487,Sonrics Cheetos Con Limón 166g,Snacks y Sabritas,31.22,295
PROD-UNI-01488,Ricolino Takis Originales 114g,Snacks y Sabritas,36.59,57
PROD-UNI-01489,Mafer Takis Sal Marina 281g,Snacks y Sabritas,39.38,92
PROD-UNI-01490,Ricolino Emperador Adobadas 201g,Snacks y Sabritas,37.08,96
PROD-UNI-01491,Sonrics Gansito Extreme 140g,Snacks y Sabritas,37.97,150
PROD-UNI-01492,Duvalin Kranky Crujientes 227g,Snacks y Sabritas,46.94,135
PROD-UNI-01493,Fuze Tea Bebida Energética 600ml,Bebidas y Refrescos,34.61,121
PROD-UNI-01494,La Corona Cheetos Fuego 111g,Snacks y Sabritas,44.38,288
PROD-UNI-01495,Gamesa Crujitos Queso Nacho 403g,Snacks y Sabritas,30.11,218
PROD-UNI-01496,Knorr Salsa Valentina Botella 370ml,Abarrotes y Despensa,31.04,186
PROD-UNI-01497,Sonrics Saladitas Con Limón 69g,Snacks y Sabritas,47.04,221
PROD-UNI-01498,Mafer Fritos Adobadas 366g,Snacks y Sabritas,41.29,88
PROD-UNI-01499,PepsiCo Agua Purificada 600ml,Bebidas y Refrescos,17.41,58
PROD-UNI-01500,Jumex Té Verde No Retornable 500ml,Bebidas y Refrescos,14.72,51
PROD-UNI-01501,Marinela Emperador Queso y Chile 261g,Snacks y Sabritas,32.28,276
PROD-UNI-01502,Herdez Frijoles Bayos Caja 500g,Abarrotes y Despensa,19.85,86
PROD-UNI-01503,Duvalin Totis Fuego 410g,Snacks y Sabritas,27.09,23
PROD-UNI-01504,Bonafont Refresco de Manzana Botella 1L,Bebidas y Refrescos,28.92,243
PROD-UNI-01505,Lala Chocolate en Polvo Pouch 200g,Abarrotes y Despensa,68.74,54
PROD-UNI-01506,Lala Frijoles Bayos Frasco 400g,Abarrotes y Despensa,39.59,205
PROD-UNI-01507,Mafer Crujitos Adobadas 186g,Snacks y Sabritas,44.9,146
PROD-UNI-01508,Sonrics Chokis Flaming Hot 298g,Snacks y Sabritas,19.64,288
PROD-UNI-01509,Sabritas Donas Queso y Chile 331g,Snacks y Sabritas,31.11,129
PROD-UNI-01510,Alpura Sopa de Tomate Caja 500g,Abarrotes y Despensa,38.87,277
PROD-UNI-01511,Jumex Refresco de Naranja Vidrio 400ml,Bebidas y Refrescos,14.13,77
PROD-UNI-01512,Sonrics Papas Flaming Hot 284g,Snacks y Sabritas,39.79,170
PROD-UNI-01513,Grupo Modelo Té Verde Botella 1L,Bebidas y Refrescos,20.61,280
PROD-UNI-01514,Bimbo Kranky Crema y Especias 49g,Snacks y Sabritas,36.4,130
PROD-UNI-01515,Del Valle Refresco de Naranja 600ml,Bebidas y Refrescos,15,108
PROD-UNI-01516,Bonafont Refresco de Toronja Botella 1L,Bebidas y Refrescos,33.14,40
PROD-UNI-01517,Del Valle Refrescos de Cola Vidrio 400ml,Bebidas y Refrescos,27.29,153
PROD-UNI-01518,Knorr Atún en Aceite Caja 500g,Abarrotes y Despensa,60.73,240
PROD-UNI-01519,La Corona Takis Originales 237g,Snacks y Sabritas,13.07,154
PROD-UNI-01520,Barcel Chips Queso Nacho 101g,Snacks y Sabritas,51.25,278
PROD-UNI-01521,Sidral Mundet Jugo de Manzana Lata 355ml,Bebidas y Refrescos,33.16,97
PROD-UNI-01522,Churrumais Papas Extreme 125g,Snacks y Sabritas,32.92,177
PROD-UNI-01523,Barcel Totis Originales 437g,Snacks y Sabritas,18.18,80
PROD-UNI-01524,Bimex Frijoles Bayos Caja 500g,Abarrotes y Despensa,68.43,162
PROD-UNI-01525,Churrumais Emperador Adobadas 429g,Snacks y Sabritas,16.79,123
PROD-UNI-01526,Krilin Saladitas Sal y Limón 447g,Snacks y Sabritas,28.52,148
PROD-UNI-01527,Krilin Cheetos Sal y Limón 275g,Snacks y Sabritas,20.13,95
PROD-UNI-01528,Sidral Mundet Bebida Isotónica Pak 4x500ml,Bebidas y Refrescos,45.44,183
PROD-UNI-01529,Gamesa Gansito Crujientes 47g,Snacks y Sabritas,31.27,262
PROD-UNI-01530,Marinela Takis Queso Nacho 380g,Snacks y Sabritas,42.83,256
PROD-UNI-01531,Churrumais Paleta Payaso Fuego 74g,Snacks y Sabritas,45.05,160
PROD-UNI-01532,La Corona Totis Adobadas 288g,Snacks y Sabritas,27.78,55
PROD-UNI-01533,Grupo Modelo Jugo de Manzana Vidrio 400ml,Bebidas y Refrescos,31.95,247
PROD-UNI-01534,Bonafont Néctar de Mango Botella 1L,Bebidas y Refrescos,35.69,242
PROD-UNI-01535,Grupo Modelo Agua Mineral Botella 1L,Bebidas y Refrescos,43.43,96
PROD-UNI-01536,Coca-Cola Company Néctar de Mango Lata 473ml,Bebidas y Refrescos,47.21,172
PROD-UNI-01537,Marinela Crujitos Crema y Especias 235g,Snacks y Sabritas,15.42,279
PROD-UNI-01538,La Costeña Leche Entera Caja 500g,Abarrotes y Despensa,31.4,141
PROD-UNI-01539,Duvalin Kranky Crema y Especias 129g,Snacks y Sabritas,53.92,16
PROD-UNI-01540,Gamesa Chokis Extreme 261g,Snacks y Sabritas,48.06,111
PROD-UNI-01541,Jumex Bebida Isotónica No Retornable 500ml,Bebidas y Refrescos,36.08,201
PROD-UNI-01542,Grupo Modelo Jugo de Manzana No Retornable 500ml,Bebidas y Refrescos,41.78,253
PROD-UNI-01543,Totis Donas Queso Nacho 423g,Snacks y Sabritas,31.56,284
PROD-UNI-01544,Krilin Kranky Habanero 252g,Snacks y Sabritas,26.48,300
PROD-UNI-01545,Clamato Refresco de Manzana Pak 4x500ml,Bebidas y Refrescos,18.56,109
PROD-UNI-01546,Sabritas Saladitas Adobadas 377g,Snacks y Sabritas,46.33,266
PROD-UNI-01547,Sabritas Gansito Fuego 354g,Snacks y Sabritas,19.73,162
PROD-UNI-01548,PepsiCo Néctar de Durazno 600ml,Bebidas y Refrescos,15.11,144
PROD-UNI-01549,Boing Té Verde Pak 4x500ml,Bebidas y Refrescos,40.91,217
PROD-UNI-01550,Duvalin Bubulubu Extreme 294g,Snacks y Sabritas,32.47,93
PROD-UNI-01551,Duvalin Donas Sal y Limón 379g,Snacks y Sabritas,12.24,167
PROD-UNI-01552,Gamesa Emperador Queso y Chile 350g,Snacks y Sabritas,31.21,158
PROD-UNI-01553,La Corona Emperador Sal Marina 404g,Snacks y Sabritas,21.85,112
PROD-UNI-01554,Churrumais Cheetos Fuego 377g,Snacks y Sabritas,15.06,64
PROD-UNI-01555,Grupo Modelo Refresco de Manzana Lata 473ml,Bebidas y Refrescos,16.38,225
PROD-UNI-01556,Barcel Chokis Habanero 422g,Snacks y Sabritas,51.51,225
PROD-UNI-01557,Lala Leche Deslactosada Lata 220g,Abarrotes y Despensa,54,86
PROD-UNI-01558,Bimbo cacahuates Originales 120g,Snacks y Sabritas,41.64,200
PROD-UNI-01559,Totis Fritos Sal y Limón 428g,Snacks y Sabritas,23.65,152
PROD-UNI-01560,Peñafiel Té Negro 600ml,Bebidas y Refrescos,27.04,101
PROD-UNI-01561,Gamesa Chips Adobadas 101g,Snacks y Sabritas,41.1,216
PROD-UNI-01562,Grupo Modelo Té Verde Lata 473ml,Bebidas y Refrescos,36.93,91
PROD-UNI-01563,Barcel Donas Queso y Chile 378g,Snacks y Sabritas,51.21,140
PROD-UNI-01564,Churrumais Donas Sal y Limón 195g,Snacks y Sabritas,29.85,152
PROD-UNI-01565,Krilin Bubulubu Crujientes 97g,Snacks y Sabritas,28.61,231
PROD-UNI-01566,La Costeña Chiles Jalapeños Lata 140g,Abarrotes y Despensa,57.56,289
PROD-UNI-01567,Barcel Paleta Payaso Crema y Especias 70g,Snacks y Sabritas,51.76,140
PROD-UNI-01568,Ricolino Chips Extreme 234g,Snacks y Sabritas,36.76,268
PROD-UNI-01569,Churrumais Chips Flaming Hot 353g,Snacks y Sabritas,16.39,78
PROD-UNI-01570,Ricolino Paleta Payaso Queso y Chile 54g,Snacks y Sabritas,15.62,139
PROD-UNI-01571,Lala Chocolate en Polvo Botella 370ml,Abarrotes y Despensa,35.48,247
PROD-UNI-01572,Lala Sopa de Tomate Caja 500g,Abarrotes y Despensa,53.75,203
PROD-UNI-01573,Gamesa Takis Sal Marina 156g,Snacks y Sabritas,49.84,233
PROD-UNI-01574,Jumex Refresco de Naranja 600ml,Bebidas y Refrescos,39.19,185
PROD-UNI-01575,Sabritas Papas Sal Marina 106g,Snacks y Sabritas,15.99,243
PROD-UNI-01576,Sabritas Saladitas Crema y Especias 170g,Snacks y Sabritas,48.26,79
PROD-UNI-01577,Jarritos Té Negro No Retornable 500ml,Bebidas y Refrescos,16.87,15
PROD-UNI-01578,Del Valle Refresco de Toronja Lata 473ml,Bebidas y Refrescos,46.9,174
PROD-UNI-01579,Peñafiel Té Verde Botella 1L,Bebidas y Refrescos,14.32,38
PROD-UNI-01580,Churrumais Crujitos Sal Marina 326g,Snacks y Sabritas,44.33,241
PROD-UNI-01581,Totis Cheetos Crema y Especias 120g,Snacks y Sabritas,45.56,101
PROD-UNI-01582,Boing Refresco de Manzana Lata 355ml,Bebidas y Refrescos,26.05,274
PROD-UNI-01583,La Corona Emperador Crujientes 92g,Snacks y Sabritas,22.34,290
PROD-UNI-01584,La Corona Crujitos Crujientes 96g,Snacks y Sabritas,36.62,281
PROD-UNI-01585,Sabritas Paleta Payaso Sal Marina 443g,Snacks y Sabritas,32.92,18
PROD-UNI-01586,Grupo Modelo Té Verde Vidrio 400ml,Bebidas y Refrescos,42.15,201
PROD-UNI-01587,La Costeña Chocolate en Polvo 1L,Abarrotes y Despensa,28.14,286
PROD-UNI-01588,Krilin Paleta Payaso Sal Marina 158g,Snacks y Sabritas,19.64,71
PROD-UNI-01589,Jumex Refresco de Manzana No Retornable 500ml,Bebidas y Refrescos,44.64,47
PROD-UNI-01590,Krilin Cheetos Fuego 207g,Snacks y Sabritas,29.01,251
PROD-UNI-01591,Jarritos Bebida Energética Lata 355ml,Bebidas y Refrescos,14.85,129
PROD-UNI-01592,Jarritos Jugo de Manzana Lata 473ml,Bebidas y Refrescos,28.09,49
PROD-UNI-01593,Churrumais Gansito Sal y Limón 60g,Snacks y Sabritas,17.37,105
PROD-UNI-01594,Sonrics Crujitos Adobadas 46g,Snacks y Sabritas,34.2,31
PROD-UNI-01595,Totis Chips Sal Marina 312g,Snacks y Sabritas,42.22,223
PROD-UNI-01596,Totis Gansito Fuego 328g,Snacks y Sabritas,42.41,160
PROD-UNI-01597,Sonrics Chokis Queso y Chile 108g,Snacks y Sabritas,32.47,241
PROD-UNI-01598,Sonrics Gansito Flaming Hot 398g,Snacks y Sabritas,44.7,217
PROD-UNI-01599,Bimbo Donas Originales 85g,Snacks y Sabritas,35.23,19
PROD-UNI-01600,Coca-Cola Company Té Negro Familia 2L,Bebidas y Refrescos,23.47,52
PROD-UNI-01601,Sonrics Totis Sal y Limón 126g,Snacks y Sabritas,24.94,289
PROD-UNI-01602,Jarritos Refresco de Toronja Vidrio 400ml,Bebidas y Refrescos,41.7,161
PROD-UNI-01603,Jumex Jugo de Manzana Familia 2L,Bebidas y Refrescos,15.93,290
PROD-UNI-01604,Grupo Modelo Agua Purificada No Retornable 500ml,Bebidas y Refrescos,29.92,29
PROD-UNI-01605,Ricolino cacahuates Con Limón 203g,Snacks y Sabritas,46.24,53
PROD-UNI-01606,Krilin Emperador Extreme 76g,Snacks y Sabritas,25.34,145
PROD-UNI-01607,Bonafont Refresco de Manzana Familia 2L,Bebidas y Refrescos,47.49,290
PROD-UNI-01608,Ricolino Cheetos Queso y Chile 134g,Snacks y Sabritas,16.77,134
PROD-UNI-01609,Knorr Salsa Valentina Pouch 200g,Abarrotes y Despensa,32.51,228
PROD-UNI-01610,Nestlé Salsa Valentina Frasco 400g,Abarrotes y Despensa,72.14,89
PROD-UNI-01611,Lala Chiles Jalapeños Pouch 200g,Abarrotes y Despensa,67.79,148
PROD-UNI-01612,Sidral Mundet Refresco de Manzana Lata 355ml,Bebidas y Refrescos,20.77,93
PROD-UNI-01613,Ricolino cacahuates Sal y Limón 369g,Snacks y Sabritas,24.15,17
PROD-UNI-01614,Knorr Cereal de Maíz Lata 220g,Abarrotes y Despensa,71.79,218
PROD-UNI-01615,Fuze Tea Refresco de Manzana 600ml,Bebidas y Refrescos,39.63,55
PROD-UNI-01616,Bimbo cacahuates Fuego 437g,Snacks y Sabritas,36.94,151
PROD-UNI-01617,Sabritas Totis Con Limón 301g,Snacks y Sabritas,15.34,82
PROD-UNI-01618,PepsiCo Refrescos de Cola Pak 4x500ml,Bebidas y Refrescos,35.9,45
PROD-UNI-01619,Bimbo Totis Originales 153g,Snacks y Sabritas,19.88,202
PROD-UNI-01620,Alpura Leche Entera Lata 140g,Abarrotes y Despensa,33.78,278
PROD-UNI-01621,Coca-Cola Company Bebida Isotónica 600ml,Bebidas y Refrescos,44.56,78
PROD-UNI-01622,La Costeña Sopa de Tomate Caja 500g,Abarrotes y Despensa,29.43,258
PROD-UNI-01623,Totis Totis Originales 282g,Snacks y Sabritas,41.34,239
PROD-UNI-01624,Fuze Tea Jugo de Manzana Botella 1L,Bebidas y Refrescos,33.85,216
PROD-UNI-01625,Krilin Gansito Habanero 427g,Snacks y Sabritas,28.38,278
PROD-UNI-01626,La Corona Chokis Fuego 373g,Snacks y Sabritas,13.29,196
PROD-UNI-01627,La Corona Gansito Fuego 372g,Snacks y Sabritas,19.59,148
PROD-UNI-01628,Churrumais Emperador Queso Nacho 450g,Snacks y Sabritas,12.59,254
PROD-UNI-01629,Ricolino Takis Flaming Hot 286g,Snacks y Sabritas,19.87,298
PROD-UNI-01630,Peñafiel Refrescos de Cola Familia 2L,Bebidas y Refrescos,23.12,264
PROD-UNI-01631,Ricolino Bubulubu Extreme 342g,Snacks y Sabritas,33.23,52
PROD-UNI-01632,Mafer Papas Queso y Chile 170g,Snacks y Sabritas,17.89,274
PROD-UNI-01633,Coca-Cola Company Refresco de Manzana Vidrio 400ml,Bebidas y Refrescos,16.32,271
PROD-UNI-01634,Jarritos Agua Mineral Familia 2L,Bebidas y Refrescos,16,127
PROD-UNI-01635,San Marcos Chocolate en Polvo Lata 140g,Abarrotes y Despensa,54.19,184
PROD-UNI-01636,Krilin Emperador Habanero 237g,Snacks y Sabritas,24.04,198
PROD-UNI-01637,Sabritas cacahuates Sal Marina 277g,Snacks y Sabritas,53.46,38
PROD-UNI-01638,Fuze Tea Refrescos de Cola Vidrio 400ml,Bebidas y Refrescos,40.97,156
PROD-UNI-01639,Clamato Refresco de Manzana Lata 473ml,Bebidas y Refrescos,47.27,37
PROD-UNI-01640,Gamesa Chokis Queso y Chile 82g,Snacks y Sabritas,22.84,274
PROD-UNI-01641,Ricolino Bubulubu Con Limón 429g,Snacks y Sabritas,29.9,15
PROD-UNI-01642,Ciel Néctar de Durazno Pak 4x500ml,Bebidas y Refrescos,29.08,119
PROD-UNI-01643,Barcel Bubulubu Sal Marina 305g,Snacks y Sabritas,19.66,291
PROD-UNI-01644,Grupo Modelo Refrescos de Cola Vidrio 400ml,Bebidas y Refrescos,20.24,187
PROD-UNI-01645,Mafer Fritos Habanero 126g,Snacks y Sabritas,52.35,215
PROD-UNI-01646,Fuze Tea Agua Mineral Lata 355ml,Bebidas y Refrescos,24,79
PROD-UNI-01647,Herdez Chocolate en Polvo Botella 370ml,Abarrotes y Despensa,42.58,40
PROD-UNI-01648,Sonrics cacahuates Sal Marina 157g,Snacks y Sabritas,40.45,105
PROD-UNI-01649,PepsiCo Agua Mineral Lata 355ml,Bebidas y Refrescos,42.42,157
PROD-UNI-01650,Nestlé Leche Deslactosada Lata 220g,Abarrotes y Despensa,20.06,128
PROD-UNI-01651,Totis Chips Fuego 137g,Snacks y Sabritas,21.47,53
PROD-UNI-01652,Alpura Chiles Jalapeños Botella 370ml,Abarrotes y Despensa,65.52,231
PROD-UNI-01653,Jarritos Refrescos de Cola 600ml,Bebidas y Refrescos,28.02,194
PROD-UNI-01654,Krilin Chokis Crema y Especias 188g,Snacks y Sabritas,38.82,76
PROD-UNI-01655,La Costeña Salsa Valentina Lata 140g,Abarrotes y Despensa,26.66,206
PROD-UNI-01656,Krilin Chokis Queso y Chile 30g,Snacks y Sabritas,48.86,84
PROD-UNI-01657,Boing Té Negro Familia 2L,Bebidas y Refrescos,28.21,297
PROD-UNI-01658,Peñafiel Té Negro Familia 2L,Bebidas y Refrescos,22.78,237
PROD-UNI-01659,Bimbo Donas Sal Marina 137g,Snacks y Sabritas,39.02,138
PROD-UNI-01660,Clamato Refresco de Naranja Lata 473ml,Bebidas y Refrescos,29.01,51
PROD-UNI-01661,Jarritos Refresco de Manzana 600ml,Bebidas y Refrescos,36.74,281
PROD-UNI-01662,Totis Kranky Sal Marina 317g,Snacks y Sabritas,32.1,93
PROD-UNI-01663,Sabritas cacahuates Crujientes 225g,Snacks y Sabritas,47.87,291
PROD-UNI-01664,Totis Chokis Extreme 328g,Snacks y Sabritas,39.33,284
PROD-UNI-01665,Bimbo Saladitas Sal Marina 394g,Snacks y Sabritas,24.21,173
PROD-UNI-01666,Totis cacahuates Extreme 162g,Snacks y Sabritas,50.52,157
PROD-UNI-01667,Gamesa Gansito Sal Marina 315g,Snacks y Sabritas,53.26,202
PROD-UNI-01668,Duvalin Chokis Queso Nacho 137g,Snacks y Sabritas,38.56,105
PROD-UNI-01669,Mafer Chips Queso Nacho 436g,Snacks y Sabritas,25.34,65
PROD-UNI-01670,Totis Crujitos Extreme 307g,Snacks y Sabritas,40.16,116
PROD-UNI-01671,Sonrics Gansito Originales 401g,Snacks y Sabritas,22.49,112
PROD-UNI-01672,Barcel Paleta Payaso Extreme 265g,Snacks y Sabritas,43.95,27
PROD-UNI-01673,Totis cacahuates Fuego 143g,Snacks y Sabritas,36.39,236
PROD-UNI-01674,Krilin Papas Crema y Especias 253g,Snacks y Sabritas,32.44,291
PROD-UNI-01675,Duvalin Emperador Queso y Chile 236g,Snacks y Sabritas,42.69,66
PROD-UNI-01676,San Marcos Sopa de Tomate Pouch 200g,Abarrotes y Despensa,20.78,78
PROD-UNI-01677,Churrumais Saladitas Queso Nacho 318g,Snacks y Sabritas,51.66,103
PROD-UNI-01678,Bimex Salsa Valentina Caja 500g,Abarrotes y Despensa,25.03,166
PROD-UNI-01679,PepsiCo Refresco de Manzana Lata 473ml,Bebidas y Refrescos,46.55,80
PROD-UNI-01680,La Corona Kranky Queso Nacho 306g,Snacks y Sabritas,48.47,80
PROD-UNI-01681,Gamesa Kranky Adobadas 322g,Snacks y Sabritas,22.99,104
PROD-UNI-01682,Ricolino Papas Crema y Especias 193g,Snacks y Sabritas,30.46,18
PROD-UNI-01683,Alpura Chiles Jalapeños Lata 220g,Abarrotes y Despensa,68.89,84
PROD-UNI-01684,Krilin Paleta Payaso Queso y Chile 213g,Snacks y Sabritas,54.46,151
PROD-UNI-01685,Mafer Gansito Adobadas 275g,Snacks y Sabritas,44.94,288
PROD-UNI-01686,Jarritos Agua Purificada Pak 4x500ml,Bebidas y Refrescos,34.58,203
PROD-UNI-01687,Marinela Totis Originales 64g,Snacks y Sabritas,48.07,183
PROD-UNI-01688,Barcel Cheetos Adobadas 200g,Snacks y Sabritas,46.32,142
PROD-UNI-01689,Boing Agua Purificada 600ml,Bebidas y Refrescos,39.19,141
PROD-UNI-01690,Barcel Kranky Sal Marina 364g,Snacks y Sabritas,51.15,288
PROD-UNI-01691,Barcel Saladitas Originales 349g,Snacks y Sabritas,35.37,48
PROD-UNI-01692,Sidral Mundet Jugo de Manzana Pak 4x500ml,Bebidas y Refrescos,14.19,95
PROD-UNI-01693,Jumex Néctar de Durazno Lata 473ml,Bebidas y Refrescos,31.57,219
PROD-UNI-01694,Barcel cacahuates Queso Nacho 440g,Snacks y Sabritas,39.26,133
PROD-UNI-01695,Bimbo Cheetos Sal Marina 103g,Snacks y Sabritas,16.21,116
PROD-UNI-01696,Peñafiel Agua Purificada 600ml,Bebidas y Refrescos,25.78,271
PROD-UNI-01697,Boing Bebida Energética Lata 473ml,Bebidas y Refrescos,27.14,82
PROD-UNI-01698,Mafer Kranky Extreme 64g,Snacks y Sabritas,29.24,134
PROD-UNI-01699,Jarritos Agua Purificada Vidrio 400ml,Bebidas y Refrescos,30.55,109
PROD-UNI-01700,Lala Cereal de Maíz Frasco 400g,Abarrotes y Despensa,65.5,147
PROD-UNI-01701,Barcel Saladitas Con Limón 164g,Snacks y Sabritas,45.44,153
PROD-UNI-01702,Marinela Gansito Fuego 44g,Snacks y Sabritas,21.38,213
PROD-UNI-01703,Jarritos Té Negro 600ml,Bebidas y Refrescos,47.67,194
PROD-UNI-01704,Bonafont Bebida Energética Botella 1L,Bebidas y Refrescos,14.91,18
PROD-UNI-01705,Fuze Tea Néctar de Durazno Pak 4x500ml,Bebidas y Refrescos,36.73,219
PROD-UNI-01706,McCormick Cereal de Maíz Botella 370ml,Abarrotes y Despensa,35.13,108
PROD-UNI-01707,Churrumais Chokis Habanero 196g,Snacks y Sabritas,37.01,177
PROD-UNI-01708,Bonafont Refresco de Naranja Familia 2L,Bebidas y Refrescos,28.88,93
PROD-UNI-01709,Totis Cheetos Habanero 259g,Snacks y Sabritas,29.49,114
PROD-UNI-01710,Bonafont Bebida Energética No Retornable 500ml,Bebidas y Refrescos,27.19,105
PROD-UNI-01711,Churrumais Takis Habanero 222g,Snacks y Sabritas,50.36,227
PROD-UNI-01712,Del Valle Refrescos de Cola 600ml,Bebidas y Refrescos,45.2,229
PROD-UNI-01713,Gamesa Crujitos Habanero 129g,Snacks y Sabritas,12.22,282
PROD-UNI-01714,Churrumais Bubulubu Fuego 308g,Snacks y Sabritas,23.26,86
PROD-UNI-01715,La Corona Saladitas Sal Marina 139g,Snacks y Sabritas,26.75,225
PROD-UNI-01716,Sonrics Bubulubu Originales 352g,Snacks y Sabritas,45.5,226
PROD-UNI-01717,Herdez Cereal de Maíz Caja 500g,Abarrotes y Despensa,59.55,41
PROD-UNI-01718,La Corona Cheetos Crema y Especias 180g,Snacks y Sabritas,15.35,192
PROD-UNI-01719,Marinela Takis Crema y Especias 431g,Snacks y Sabritas,44.7,35
PROD-UNI-01720,Coca-Cola Company Refrescos de Cola Vidrio 400ml,Bebidas y Refrescos,22.72,30
PROD-UNI-01721,Churrumais Emperador Crema y Especias 326g,Snacks y Sabritas,21.57,124
PROD-UNI-01722,McCormick Cereal de Maíz Frasco 400g,Abarrotes y Despensa,57.86,175
PROD-UNI-01723,Boing Té Negro Pak 4x500ml,Bebidas y Refrescos,24.82,209
PROD-UNI-01724,Bimex Atún en Aceite Botella 370ml,Abarrotes y Despensa,56.45,272
PROD-UNI-01725,La Corona Cheetos Queso Nacho 254g,Snacks y Sabritas,23.97,242
PROD-UNI-01726,Bimex Chocolate en Polvo Caja 500g,Abarrotes y Despensa,34.87,76
PROD-UNI-01727,Sabritas Fritos Habanero 77g,Snacks y Sabritas,21.14,244
PROD-UNI-01728,Mafer Bubulubu Queso y Chile 195g,Snacks y Sabritas,31.56,51
PROD-UNI-01729,McCormick Sopa de Tomate Lata 220g,Abarrotes y Despensa,47.4,186
PROD-UNI-01730,Boing Refresco de Manzana Vidrio 400ml,Bebidas y Refrescos,23.8,69
PROD-UNI-01731,Mafer Chokis Sal y Limón 222g,Snacks y Sabritas,47.51,145
PROD-UNI-01732,Peñafiel Refresco de Manzana No Retornable 500ml,Bebidas y Refrescos,14.11,66
PROD-UNI-01733,Sonrics Kranky Queso y Chile 446g,Snacks y Sabritas,42.54,171
PROD-UNI-01734,La Costeña Mayonesa Frasco 400g,Abarrotes y Despensa,57.97,143
PROD-UNI-01735,Bonafont Néctar de Mango Lata 473ml,Bebidas y Refrescos,45.12,97
PROD-UNI-01736,Marinela Chips Extreme 290g,Snacks y Sabritas,26.07,275
PROD-UNI-01737,Sabritas Bubulubu Habanero 106g,Snacks y Sabritas,12.37,112
PROD-UNI-01738,Ricolino Totis Originales 64g,Snacks y Sabritas,37.88,221
PROD-UNI-01739,Bimex Atún en Aceite Lata 140g,Abarrotes y Despensa,38.17,85
PROD-UNI-01740,Krilin Saladitas Queso Nacho 247g,Snacks y Sabritas,25.09,38
PROD-UNI-01741,Marinela Fritos Originales 43g,Snacks y Sabritas,15.38,134
PROD-UNI-01742,Marinela Emperador Originales 202g,Snacks y Sabritas,21.68,80
PROD-UNI-01743,Ciel Néctar de Durazno Lata 355ml,Bebidas y Refrescos,32.54,128
PROD-UNI-01744,Totis Crujitos Flaming Hot 326g,Snacks y Sabritas,12.28,106
PROD-UNI-01745,Marinela Emperador Queso Nacho 416g,Snacks y Sabritas,32.66,193
PROD-UNI-01746,Barcel Donas Queso Nacho 339g,Snacks y Sabritas,15.19,83
PROD-UNI-01747,Coca-Cola Company Agua Mineral 600ml,Bebidas y Refrescos,36.34,21
PROD-UNI-01748,Mafer Chokis Flaming Hot 172g,Snacks y Sabritas,18.16,23
PROD-UNI-01749,Churrumais Cheetos Con Limón 66g,Snacks y Sabritas,33.03,83
PROD-UNI-01750,Sabritas cacahuates Queso y Chile 312g,Snacks y Sabritas,15.99,289
PROD-UNI-01751,Fuze Tea Bebida Isotónica Lata 473ml,Bebidas y Refrescos,22.37,200
PROD-UNI-01752,Bimbo Bubulubu Con Limón 259g,Snacks y Sabritas,36.88,289
PROD-UNI-01753,San Marcos Salsa Valentina Caja 500g,Abarrotes y Despensa,22.7,220
PROD-UNI-01754,Ricolino Totis Adobadas 123g,Snacks y Sabritas,20.37,170
PROD-UNI-01755,Krilin Chips Crujientes 182g,Snacks y Sabritas,32.96,293
PROD-UNI-01756,La Corona Bubulubu Sal Marina 169g,Snacks y Sabritas,23.44,45
PROD-UNI-01757,Lala Chiles Jalapeños Botella 370ml,Abarrotes y Despensa,27.25,96
PROD-UNI-01758,Krilin Papas Adobadas 121g,Snacks y Sabritas,43.2,67
PROD-UNI-01759,La Costeña Chiles Jalapeños Frasco 400g,Abarrotes y Despensa,72.1,154
PROD-UNI-01760,Totis Gansito Extreme 449g,Snacks y Sabritas,52.69,219
PROD-UNI-01761,Ricolino Chokis Queso y Chile 218g,Snacks y Sabritas,21,237
PROD-UNI-01762,Fuze Tea Té Negro Vidrio 400ml,Bebidas y Refrescos,17.4,238
PROD-UNI-01763,Barcel Donas Habanero 371g,Snacks y Sabritas,53.43,56
PROD-UNI-01764,La Corona Donas Fuego 348g,Snacks y Sabritas,17.88,297
PROD-UNI-01765,Coca-Cola Company Té Verde 600ml,Bebidas y Refrescos,24.55,191
PROD-UNI-01766,Totis Crujitos Queso y Chile 60g,Snacks y Sabritas,15.04,171
PROD-UNI-01767,Marinela Takis Flaming Hot 119g,Snacks y Sabritas,21.89,59
PROD-UNI-01768,Ricolino Emperador Habanero 446g,Snacks y Sabritas,54.1,175
PROD-UNI-01769,Barcel Takis Originales 244g,Snacks y Sabritas,44.71,49
PROD-UNI-01770,Peñafiel Refresco de Manzana Botella 1L,Bebidas y Refrescos,19.26,273
PROD-UNI-01771,Grupo Modelo Bebida Isotónica Lata 355ml,Bebidas y Refrescos,15.39,266
PROD-UNI-01772,Del Valle Jugo de Manzana Vidrio 400ml,Bebidas y Refrescos,19.6,252
PROD-UNI-01773,Jumex Agua Purificada Lata 473ml,Bebidas y Refrescos,24.11,148
PROD-UNI-01774,Gamesa Bubulubu Extreme 153g,Snacks y Sabritas,32.77,230
PROD-UNI-01775,Sonrics Donas Habanero 344g,Snacks y Sabritas,30.99,158
PROD-UNI-01776,Krilin Papas Sal Marina 225g,Snacks y Sabritas,23.66,300
PROD-UNI-01777,Duvalin Emperador Adobadas 108g,Snacks y Sabritas,46.2,141
PROD-UNI-01778,Churrumais Kranky Crujientes 379g,Snacks y Sabritas,16.45,141
PROD-UNI-01779,Del Valle Agua Mineral Lata 355ml,Bebidas y Refrescos,38.14,47
PROD-UNI-01780,Ricolino cacahuates Queso y Chile 272g,Snacks y Sabritas,54.81,260
PROD-UNI-01781,Del Valle Bebida Energética Lata 473ml,Bebidas y Refrescos,29.24,155
PROD-UNI-01782,Sonrics cacahuates Queso Nacho 321g,Snacks y Sabritas,51.37,201
PROD-UNI-01783,Knorr Leche Deslactosada Botella 370ml,Abarrotes y Despensa,61.74,244
PROD-UNI-01784,Fuze Tea Refresco de Manzana Lata 355ml,Bebidas y Refrescos,22.9,127
PROD-UNI-01785,Sabritas Crujitos Adobadas 70g,Snacks y Sabritas,28.83,131
PROD-UNI-01786,Herdez Salsa Valentina Lata 140g,Abarrotes y Despensa,20.72,61
PROD-UNI-01787,PepsiCo Bebida Energética Lata 473ml,Bebidas y Refrescos,26.28,85
PROD-UNI-01788,Krilin Crujitos Sal y Limón 437g,Snacks y Sabritas,31.8,83
PROD-UNI-01789,Krilin cacahuates Flaming Hot 220g,Snacks y Sabritas,34.78,149
PROD-UNI-01790,McCormick Leche Entera Caja 500g,Abarrotes y Despensa,38.85,239
PROD-UNI-01791,Sabritas cacahuates Originales 185g,Snacks y Sabritas,37.48,170
PROD-UNI-01792,Jarritos Bebida Isotónica Lata 355ml,Bebidas y Refrescos,30.42,119
PROD-UNI-01793,Mafer Gansito Queso y Chile 142g,Snacks y Sabritas,54.21,26
PROD-UNI-01794,Mafer Kranky Adobadas 256g,Snacks y Sabritas,26.71,93
PROD-UNI-01795,Sabritas cacahuates Adobadas 44g,Snacks y Sabritas,12.95,256
PROD-UNI-01796,Jumex Agua Purificada Vidrio 400ml,Bebidas y Refrescos,40.5,86
PROD-UNI-01797,Krilin Donas Extreme 405g,Snacks y Sabritas,31.85,18
PROD-UNI-01798,Bimbo Cheetos Crema y Especias 183g,Snacks y Sabritas,38.9,275
PROD-UNI-01799,Duvalin cacahuates Adobadas 54g,Snacks y Sabritas,38.35,124
PROD-UNI-01800,Sidral Mundet Bebida Energética Pak 4x500ml,Bebidas y Refrescos,19.29,36
PROD-UNI-01801,Lala Leche Entera Pouch 200g,Abarrotes y Despensa,72.01,183
PROD-UNI-01802,Bimbo Takis Crema y Especias 283g,Snacks y Sabritas,46.19,95
PROD-UNI-01803,Krilin Chips Habanero 200g,Snacks y Sabritas,31.55,182
PROD-UNI-01804,Sonrics Kranky Extreme 395g,Snacks y Sabritas,48.13,294
PROD-UNI-01805,Fuze Tea Jugo de Manzana Pak 4x500ml,Bebidas y Refrescos,34.38,52
PROD-UNI-01806,Totis Kranky Con Limón 285g,Snacks y Sabritas,29.06,224
PROD-UNI-01807,Grupo Modelo Agua Purificada Familia 2L,Bebidas y Refrescos,44.7,264
PROD-UNI-01808,Ricolino Bubulubu Queso Nacho 183g,Snacks y Sabritas,16.11,271
PROD-UNI-01809,Krilin Donas Fuego 44g,Snacks y Sabritas,34.94,89
PROD-UNI-01810,Peñafiel Jugo de Manzana Vidrio 400ml,Bebidas y Refrescos,46.26,249
PROD-UNI-01811,Fuze Tea Néctar de Durazno Botella 1L,Bebidas y Refrescos,43.74,63
PROD-UNI-01812,Boing Refresco de Naranja Botella 1L,Bebidas y Refrescos,24.69,246
PROD-UNI-01813,Grupo Modelo Néctar de Durazno Pak 4x500ml,Bebidas y Refrescos,43.81,87
PROD-UNI-01814,Barcel Chips Originales 110g,Snacks y Sabritas,38.95,212
PROD-UNI-01815,Gamesa Saladitas Extreme 336g,Snacks y Sabritas,48.02,177
PROD-UNI-01816,Mafer Fritos Sal y Limón 430g,Snacks y Sabritas,28.2,287
PROD-UNI-01817,Grupo Modelo Néctar de Durazno Vidrio 400ml,Bebidas y Refrescos,32.37,172
PROD-UNI-01818,Churrumais cacahuates Sal y Limón 450g,Snacks y Sabritas,26.23,80
PROD-UNI-01819,Alpura Mayonesa Frasco 400g,Abarrotes y Despensa,21.18,64
PROD-UNI-01820,Sonrics Totis Originales 55g,Snacks y Sabritas,30.58,220
PROD-UNI-01821,Marinela Bubulubu Queso Nacho 90g,Snacks y Sabritas,16.83,133
PROD-UNI-01822,Marinela Paleta Payaso Sal y Limón 393g,Snacks y Sabritas,41.59,46
PROD-UNI-01823,Jarritos Agua Purificada Lata 355ml,Bebidas y Refrescos,16.08,115
PROD-UNI-01824,San Marcos Frijoles Bayos Lata 220g,Abarrotes y Despensa,21.34,99
PROD-UNI-01825,Ciel Refresco de Naranja Botella 1L,Bebidas y Refrescos,24.56,184
PROD-UNI-01826,Sabritas Takis Queso Nacho 200g,Snacks y Sabritas,45.57,67
PROD-UNI-01827,Sonrics Totis Extreme 299g,Snacks y Sabritas,22.72,120
PROD-UNI-01828,Boing Jugo de Manzana Familia 2L,Bebidas y Refrescos,46.77,291
PROD-UNI-01829,Sabritas Kranky Queso y Chile 443g,Snacks y Sabritas,48.71,101
PROD-UNI-01830,Marinela Totis Con Limón 222g,Snacks y Sabritas,41.32,279
PROD-UNI-01831,Lala Leche Entera Lata 220g,Abarrotes y Despensa,64.45,43
PROD-UNI-01832,Ricolino Crujitos Extreme 361g,Snacks y Sabritas,34.54,34
PROD-UNI-01833,Bimex Mayonesa Lata 220g,Abarrotes y Despensa,58.32,174
PROD-UNI-01834,Coca-Cola Company Té Negro Lata 355ml,Bebidas y Refrescos,28.36,32
PROD-UNI-01835,Alpura Atún en Aceite Frasco 400g,Abarrotes y Despensa,39.78,153
PROD-UNI-01836,Gamesa Papas Crema y Especias 323g,Snacks y Sabritas,18.49,117
PROD-UNI-01837,Duvalin Saladitas Queso Nacho 195g,Snacks y Sabritas,34.64,109
PROD-UNI-01838,Krilin Paleta Payaso Sal y Limón 413g,Snacks y Sabritas,35.83,73
PROD-UNI-01839,Bonafont Néctar de Durazno Vidrio 400ml,Bebidas y Refrescos,23.93,70
PROD-UNI-01840,La Costeña Frijoles Bayos Caja 500g,Abarrotes y Despensa,73,73
PROD-UNI-01841,Sabritas Donas Sal y Limón 172g,Snacks y Sabritas,16.01,66
PROD-UNI-01842,Barcel Saladitas Crujientes 251g,Snacks y Sabritas,35.49,122
PROD-UNI-01843,Krilin Saladitas Adobadas 131g,Snacks y Sabritas,19.95,284
PROD-UNI-01844,Duvalin Takis Extreme 381g,Snacks y Sabritas,29.79,252
PROD-UNI-01845,Gamesa Emperador Adobadas 379g,Snacks y Sabritas,15.17,206
PROD-UNI-01846,San Marcos Chiles Jalapeños Frasco 400g,Abarrotes y Despensa,60.85,290
PROD-UNI-01847,Bimbo Takis Extreme 389g,Snacks y Sabritas,36.53,109
PROD-UNI-01848,Churrumais Chips Con Limón 121g,Snacks y Sabritas,24.41,205
PROD-UNI-01849,Bimbo Totis Habanero 275g,Snacks y Sabritas,39.63,80
PROD-UNI-01850,Bimbo Bubulubu Flaming Hot 445g,Snacks y Sabritas,54.12,175
PROD-UNI-01851,Totis Chips Flaming Hot 97g,Snacks y Sabritas,26.86,157
PROD-UNI-01852,Gamesa Chokis Adobadas 237g,Snacks y Sabritas,49.62,122
PROD-UNI-01853,Del Valle Bebida Energética Lata 355ml,Bebidas y Refrescos,22.87,299
PROD-UNI-01854,Bimbo Chokis Sal y Limón 202g,Snacks y Sabritas,22.63,49
PROD-UNI-01855,Sidral Mundet Té Verde Pak 4x500ml,Bebidas y Refrescos,18.86,99
PROD-UNI-01856,Jumex Agua Mineral Lata 355ml,Bebidas y Refrescos,45.59,20
PROD-UNI-01857,Barcel Kranky Con Limón 126g,Snacks y Sabritas,53.27,156
PROD-UNI-01858,Nestlé Salsa Valentina Botella 370ml,Abarrotes y Despensa,20.92,128
PROD-UNI-01859,Sonrics Chokis Sal y Limón 376g,Snacks y Sabritas,29.56,263
PROD-UNI-01860,Duvalin Takis Adobadas 108g,Snacks y Sabritas,17.18,185
PROD-UNI-01861,Mafer Fritos Crujientes 60g,Snacks y Sabritas,23.88,124
PROD-UNI-01862,Krilin Papas Habanero 422g,Snacks y Sabritas,12.74,158
PROD-UNI-01863,Ricolino Papas Flaming Hot 130g,Snacks y Sabritas,19.83,258
PROD-UNI-01864,Bimbo Chips Queso Nacho 140g,Snacks y Sabritas,27.53,212
PROD-UNI-01865,Lala Leche Deslactosada Caja 500g,Abarrotes y Despensa,84.56,297
PROD-UNI-01866,Knorr Frijoles Bayos Caja 500g,Abarrotes y Despensa,46.1,172
PROD-UNI-01867,Sonrics Emperador Sal y Limón 64g,Snacks y Sabritas,51.55,50
PROD-UNI-01868,Del Valle Refrescos de Cola No Retornable 500ml,Bebidas y Refrescos,34.7,170
PROD-UNI-01869,Marinela Donas Queso y Chile 83g,Snacks y Sabritas,42.53,112
PROD-UNI-01870,Churrumais Paleta Payaso Sal Marina 208g,Snacks y Sabritas,41.7,114
PROD-UNI-01871,Totis Fritos Adobadas 203g,Snacks y Sabritas,31.76,152
PROD-UNI-01872,Fuze Tea Refresco de Toronja Lata 355ml,Bebidas y Refrescos,37.03,247
PROD-UNI-01873,Sabritas Donas Crujientes 417g,Snacks y Sabritas,28.49,79
PROD-UNI-01874,Bimbo Paleta Payaso Extreme 76g,Snacks y Sabritas,39.01,250
PROD-UNI-01875,Knorr Salsa Valentina Caja 500g,Abarrotes y Despensa,52.56,213
PROD-UNI-01876,La Corona Fritos Habanero 62g,Snacks y Sabritas,25.62,194
PROD-UNI-01877,Duvalin Totis Con Limón 367g,Snacks y Sabritas,22.06,37
PROD-UNI-01878,Peñafiel Agua Mineral Lata 355ml,Bebidas y Refrescos,35.19,140
PROD-UNI-01879,La Corona cacahuates Con Limón 90g,Snacks y Sabritas,44.69,183
PROD-UNI-01880,La Costeña Chiles Jalapeños 1L,Abarrotes y Despensa,79.3,248
PROD-UNI-01881,Boing Agua Mineral Botella 1L,Bebidas y Refrescos,30.94,227
PROD-UNI-01882,Krilin Emperador Crema y Especias 246g,Snacks y Sabritas,29.68,160
PROD-UNI-01883,Duvalin Crujitos Crema y Especias 417g,Snacks y Sabritas,14.86,154
PROD-UNI-01884,Jarritos Agua Mineral Botella 1L,Bebidas y Refrescos,44.5,179
PROD-UNI-01885,Totis Emperador Queso y Chile 353g,Snacks y Sabritas,29.46,249
PROD-UNI-01886,La Corona Fritos Crema y Especias 77g,Snacks y Sabritas,17.22,254
PROD-UNI-01887,La Corona Papas Queso y Chile 138g,Snacks y Sabritas,19.85,195
PROD-UNI-01888,Sonrics Bubulubu Queso Nacho 330g,Snacks y Sabritas,33.59,22
PROD-UNI-01889,Duvalin Crujitos Fuego 190g,Snacks y Sabritas,28.22,214
PROD-UNI-01890,Del Valle Néctar de Durazno No Retornable 500ml,Bebidas y Refrescos,23.27,28
PROD-UNI-01891,Marinela Cheetos Sal y Limón 124g,Snacks y Sabritas,47.9,297
PROD-UNI-01892,Totis Totis Sal y Limón 86g,Snacks y Sabritas,13.87,248
PROD-UNI-01893,PepsiCo Jugo de Manzana 600ml,Bebidas y Refrescos,15.64,51
PROD-UNI-01894,Mafer Kranky Queso y Chile 238g,Snacks y Sabritas,26.84,140
PROD-UNI-01895,Krilin Cheetos Queso y Chile 48g,Snacks y Sabritas,22.63,86
PROD-UNI-01896,Sidral Mundet Agua Purificada No Retornable 500ml,Bebidas y Refrescos,33.85,177
PROD-UNI-01897,Churrumais Fritos Sal y Limón 83g,Snacks y Sabritas,38.17,167
PROD-UNI-01898,Bimex Chocolate en Polvo Botella 370ml,Abarrotes y Despensa,62.71,146
PROD-UNI-01899,Bimbo Chokis Crema y Especias 223g,Snacks y Sabritas,15.97,124
PROD-UNI-01900,San Marcos Atún en Aceite Lata 220g,Abarrotes y Despensa,47.15,40
PROD-UNI-01901,Churrumais Totis Adobadas 41g,Snacks y Sabritas,12,113
PROD-UNI-01902,Sabritas Papas Crema y Especias 158g,Snacks y Sabritas,35.8,146
PROD-UNI-01903,Marinela Donas Sal Marina 415g,Snacks y Sabritas,39.92,264
PROD-UNI-01904,Jarritos Agua Mineral Lata 355ml,Bebidas y Refrescos,33.02,106
PROD-UNI-01905,Mafer Cheetos Fuego 76g,Snacks y Sabritas,33.15,59
PROD-UNI-01906,Ricolino Kranky Extreme 182g,Snacks y Sabritas,49.27,105
PROD-UNI-01907,Gamesa Takis Flaming Hot 412g,Snacks y Sabritas,46.96,132
PROD-UNI-01908,Barcel Saladitas Queso Nacho 312g,Snacks y Sabritas,36.19,234
PROD-UNI-01909,Totis Paleta Payaso Con Limón 296g,Snacks y Sabritas,38.61,242
PROD-UNI-01910,Totis Kranky Queso y Chile 91g,Snacks y Sabritas,14.15,19
PROD-UNI-01911,Gamesa Fritos Queso Nacho 146g,Snacks y Sabritas,41.42,32
PROD-UNI-01912,Sidral Mundet Té Verde No Retornable 500ml,Bebidas y Refrescos,25.18,82
PROD-UNI-01913,Mafer Paleta Payaso Queso y Chile 44g,Snacks y Sabritas,47.91,158
PROD-UNI-01914,Krilin Papas Sal y Limón 376g,Snacks y Sabritas,35.77,37
PROD-UNI-01915,Barcel Paleta Payaso Con Limón 144g,Snacks y Sabritas,39.4,95
PROD-UNI-01916,Sonrics Crujitos Crema y Especias 145g,Snacks y Sabritas,50.82,184
PROD-UNI-01917,Churrumais Cheetos Sal y Limón 97g,Snacks y Sabritas,41.7,180
PROD-UNI-01918,Peñafiel Refresco de Naranja Pak 4x500ml,Bebidas y Refrescos,17.77,131
PROD-UNI-01919,Bimbo Cheetos Crujientes 317g,Snacks y Sabritas,30.72,267
PROD-UNI-01920,Mafer Saladitas Flaming Hot 395g,Snacks y Sabritas,35.9,120
PROD-UNI-01921,Del Valle Té Verde No Retornable 500ml,Bebidas y Refrescos,35.67,185
PROD-UNI-01922,Krilin cacahuates Sal Marina 308g,Snacks y Sabritas,50.96,224
PROD-UNI-01923,Bimbo Donas Crema y Especias 235g,Snacks y Sabritas,39.98,200
PROD-UNI-01924,Totis Emperador Sal Marina 345g,Snacks y Sabritas,34.09,21
PROD-UNI-01925,Del Valle Jugo de Manzana 600ml,Bebidas y Refrescos,23.44,56
PROD-UNI-01926,Churrumais Chokis Sal Marina 446g,Snacks y Sabritas,50.82,193
PROD-UNI-01927,Bonafont Bebida Isotónica 600ml,Bebidas y Refrescos,33.97,228
PROD-UNI-01928,Lala Cereal de Maíz Pouch 200g,Abarrotes y Despensa,82.91,90
PROD-UNI-01929,Duvalin Saladitas Con Limón 91g,Snacks y Sabritas,33.49,76
PROD-UNI-01930,Sabritas Chokis Sal y Limón 286g,Snacks y Sabritas,29.39,172
PROD-UNI-01931,Jumex Refresco de Toronja No Retornable 500ml,Bebidas y Refrescos,40.55,275
PROD-UNI-01932,Sabritas Papas Crujientes 215g,Snacks y Sabritas,21.4,213
PROD-UNI-01933,Duvalin Papas Queso Nacho 331g,Snacks y Sabritas,47.97,185
PROD-UNI-01934,Totis Totis Habanero 413g,Snacks y Sabritas,12.28,221
PROD-UNI-01935,Krilin Chips Con Limón 43g,Snacks y Sabritas,13.94,64
PROD-UNI-01936,Mafer Takis Con Limón 126g,Snacks y Sabritas,38.45,208
PROD-UNI-01937,Coca-Cola Company Refresco de Manzana No Retornable 500ml,Bebidas y Refrescos,27.3,279
PROD-UNI-01938,Gamesa Fritos Extreme 220g,Snacks y Sabritas,37.77,36
PROD-UNI-01939,Clamato Té Verde No Retornable 500ml,Bebidas y Refrescos,30.45,199
PROD-UNI-01940,Knorr Cereal de Maíz Pouch 200g,Abarrotes y Despensa,18.09,174
PROD-UNI-01941,Sonrics Crujitos Sal y Limón 228g,Snacks y Sabritas,46.59,94
PROD-UNI-01942,Grupo Modelo Refresco de Toronja Botella 1L,Bebidas y Refrescos,30.82,66
PROD-UNI-01943,La Corona Saladitas Adobadas 48g,Snacks y Sabritas,38.91,284
PROD-UNI-01944,Boing Néctar de Mango 600ml,Bebidas y Refrescos,19.42,150
PROD-UNI-01945,Bimbo Saladitas Queso Nacho 143g,Snacks y Sabritas,27.89,72
PROD-UNI-01946,Bimbo Totis Queso y Chile 369g,Snacks y Sabritas,27.51,53
PROD-UNI-01947,Bimbo Paleta Payaso Fuego 115g,Snacks y Sabritas,48.53,210
PROD-UNI-01948,Grupo Modelo Jugo de Manzana 600ml,Bebidas y Refrescos,27.74,230
PROD-UNI-01949,Gamesa Gansito Fuego 141g,Snacks y Sabritas,48.25,245
PROD-UNI-01950,Bimex Chocolate en Polvo Frasco 400g,Abarrotes y Despensa,49,174
PROD-UNI-01951,Barcel Crujitos Extreme 304g,Snacks y Sabritas,46.57,23
PROD-UNI-01952,Grupo Modelo Bebida Isotónica Pak 4x500ml,Bebidas y Refrescos,29.43,195
PROD-UNI-01953,McCormick Chiles Jalapeños Pouch 200g,Abarrotes y Despensa,47.52,270
PROD-UNI-01954,Sidral Mundet Agua Mineral Lata 473ml,Bebidas y Refrescos,25.94,271
PROD-UNI-01955,PepsiCo Refrescos de Cola 600ml,Bebidas y Refrescos,41.42,15
PROD-UNI-01956,Churrumais Donas Extreme 242g,Snacks y Sabritas,37.36,69
PROD-UNI-01957,Mafer Donas Originales 211g,Snacks y Sabritas,30.5,128
PROD-UNI-01958,Lala Cereal de Maíz Lata 220g,Abarrotes y Despensa,79.03,181
PROD-UNI-01959,Marinela Cheetos Queso Nacho 301g,Snacks y Sabritas,28.06,237
PROD-UNI-01960,Gamesa Gansito Extreme 322g,Snacks y Sabritas,42.42,236
PROD-UNI-01961,Duvalin Paleta Payaso Queso y Chile 292g,Snacks y Sabritas,32,188
PROD-UNI-01962,Jarritos Agua Mineral Pak 4x500ml,Bebidas y Refrescos,41.05,183
PROD-UNI-01963,San Marcos Leche Deslactosada Botella 370ml,Abarrotes y Despensa,33.99,120
PROD-UNI-01964,Boing Bebida Energética Lata 355ml,Bebidas y Refrescos,18.08,297
PROD-UNI-01965,Boing Néctar de Mango Lata 473ml,Bebidas y Refrescos,28.98,265
PROD-UNI-01966,Ciel Néctar de Durazno 600ml,Bebidas y Refrescos,31.84,174
PROD-UNI-01967,Marinela Saladitas Crema y Especias 346g,Snacks y Sabritas,47.07,242
PROD-UNI-01968,Jarritos Bebida Isotónica Familia 2L,Bebidas y Refrescos,42.38,146
PROD-UNI-01969,Jarritos Refresco de Toronja No Retornable 500ml,Bebidas y Refrescos,39.77,20
PROD-UNI-01970,Barcel Chokis Crujientes 150g,Snacks y Sabritas,30.52,242
PROD-UNI-01971,PepsiCo Refresco de Toronja 600ml,Bebidas y Refrescos,20.89,276
PROD-UNI-01972,Churrumais Emperador Con Limón 38g,Snacks y Sabritas,36.5,121
PROD-UNI-01973,Bonafont Jugo de Manzana 600ml,Bebidas y Refrescos,25.45,291
PROD-UNI-01974,Coca-Cola Company Refresco de Toronja 600ml,Bebidas y Refrescos,36.43,227
PROD-UNI-01975,Marinela Gansito Crema y Especias 46g,Snacks y Sabritas,30.64,280
PROD-UNI-01976,Duvalin Papas Flaming Hot 35g,Snacks y Sabritas,17.22,270
PROD-UNI-01977,Ciel Agua Purificada Vidrio 400ml,Bebidas y Refrescos,17.69,26
PROD-UNI-01978,La Corona Totis Sal Marina 41g,Snacks y Sabritas,18.18,29
PROD-UNI-01979,PepsiCo Refrescos de Cola No Retornable 500ml,Bebidas y Refrescos,34.2,245
PROD-UNI-01980,Jarritos Refresco de Naranja Lata 355ml,Bebidas y Refrescos,23.3,49
PROD-UNI-01981,Gamesa cacahuates Con Limón 202g,Snacks y Sabritas,35.81,119
PROD-UNI-01982,Totis Kranky Adobadas 287g,Snacks y Sabritas,46.21,237
PROD-UNI-01983,Mafer Paleta Payaso Con Limón 312g,Snacks y Sabritas,29.96,85
PROD-UNI-01984,Sonrics Papas Queso Nacho 190g,Snacks y Sabritas,26.25,263
PROD-UNI-01985,Nestlé Mayonesa Botella 370ml,Abarrotes y Despensa,81.99,96
PROD-UNI-01986,Sidral Mundet Jugo de Manzana Lata 473ml,Bebidas y Refrescos,25.93,98
PROD-UNI-01987,Bonafont Néctar de Mango Lata 355ml,Bebidas y Refrescos,43.79,101
PROD-UNI-01988,Bimbo Takis Flaming Hot 107g,Snacks y Sabritas,54.95,229
PROD-UNI-01989,Ciel Jugo de Manzana Botella 1L,Bebidas y Refrescos,44.64,221
PROD-UNI-01990,Duvalin Bubulubu Adobadas 263g,Snacks y Sabritas,15.99,46
PROD-UNI-01991,Ricolino cacahuates Originales 401g,Snacks y Sabritas,30.09,58
PROD-UNI-01992,Grupo Modelo Bebida Isotónica Vidrio 400ml,Bebidas y Refrescos,42.04,188
PROD-UNI-01993,Ricolino Cheetos Crema y Especias 137g,Snacks y Sabritas,28.25,279
PROD-UNI-01994,Fuze Tea Refrescos de Cola Pak 4x500ml,Bebidas y Refrescos,36.89,76
PROD-UNI-01995,Ricolino Bubulubu Queso y Chile 272g,Snacks y Sabritas,46.73,186
PROD-UNI-01996,Marinela Cheetos Crujientes 214g,Snacks y Sabritas,51.37,295
PROD-UNI-01997,Duvalin Totis Originales 383g,Snacks y Sabritas,50.16,284
PROD-UNI-01998,Barcel Totis Crujientes 136g,Snacks y Sabritas,43.23,221
PROD-UNI-01999,La Corona Takis Sal Marina 270g,Snacks y Sabritas,28.12,247
PROD-UNI-02000,Peñafiel Refrescos de Cola Lata 473ml,Bebidas y Refrescos,25.1,278
PROD-UNI-02001,PepsiCo Jugo de Manzana Botella 1L,Bebidas y Refrescos,46.55,265
PROD-UNI-02002,Fuze Tea Refresco de Toronja No Retornable 500ml,Bebidas y Refrescos,22.98,23
PROD-UNI-02003,Coca-Cola Company Refrescos de Cola No Retornable 500ml,Bebidas y Refrescos,40.13,297
PROD-UNI-02004,Bimbo Donas Extreme 94g,Snacks y Sabritas,17.73,109
PROD-UNI-02005,Mafer Kranky Originales 292g,Snacks y Sabritas,17.92,88
PROD-UNI-02006,Sabritas Donas Sal Marina 354g,Snacks y Sabritas,41.88,251
PROD-UNI-02007,Ciel Bebida Isotónica Lata 355ml,Bebidas y Refrescos,46.58,291
PROD-UNI-02008,Krilin Chokis Extreme 218g,Snacks y Sabritas,50.52,183
PROD-UNI-02009,Knorr Sopa de Tomate Botella 370ml,Abarrotes y Despensa,52.18,94
PROD-UNI-02010,Totis Chokis Con Limón 364g,Snacks y Sabritas,35.63,300
PROD-UNI-02011,Churrumais Fritos Extreme 45g,Snacks y Sabritas,49.6,277
PROD-UNI-02012,Ciel Néctar de Mango Botella 1L,Bebidas y Refrescos,44.73,136
PROD-UNI-02013,Boing Refresco de Naranja Familia 2L,Bebidas y Refrescos,23.59,82
PROD-UNI-02014,Krilin Gansito Sal Marina 124g,Snacks y Sabritas,49.74,283
PROD-UNI-02015,Boing Bebida Isotónica Botella 1L,Bebidas y Refrescos,46.43,237
PROD-UNI-02016,PepsiCo Refrescos de Cola Lata 473ml,Bebidas y Refrescos,31.23,49
PROD-UNI-02017,Sabritas Cheetos Fuego 34g,Snacks y Sabritas,52.39,221
PROD-UNI-02018,Totis Papas Crujientes 103g,Snacks y Sabritas,47.47,50
PROD-UNI-02019,Bimbo Emperador Sal y Limón 254g,Snacks y Sabritas,16.07,272
PROD-UNI-02020,Alpura Salsa Valentina Pouch 200g,Abarrotes y Despensa,83.99,196
PROD-UNI-02021,Ricolino cacahuates Fuego 38g,Snacks y Sabritas,53.38,239
PROD-UNI-02022,Jarritos Té Verde Familia 2L,Bebidas y Refrescos,36.1,68
PROD-UNI-02023,Gamesa Fritos Crema y Especias 367g,Snacks y Sabritas,15.94,224
PROD-UNI-02024,Peñafiel Agua Mineral No Retornable 500ml,Bebidas y Refrescos,31.75,40
PROD-UNI-02025,Coca-Cola Company Té Verde Lata 473ml,Bebidas y Refrescos,39.53,238
PROD-UNI-02026,Sonrics Gansito Sal Marina 230g,Snacks y Sabritas,44.11,177
PROD-UNI-02027,Marinela Totis Sal y Limón 140g,Snacks y Sabritas,35.73,200
PROD-UNI-02028,Totis Chips Adobadas 392g,Snacks y Sabritas,12.34,22
PROD-UNI-02029,Clamato Jugo de Manzana Familia 2L,Bebidas y Refrescos,43.64,101
PROD-UNI-02030,Churrumais Gansito Crujientes 231g,Snacks y Sabritas,42.28,237
PROD-UNI-02031,Ricolino Paleta Payaso Queso Nacho 329g,Snacks y Sabritas,43.31,179
PROD-UNI-02032,Krilin Kranky Sal Marina 182g,Snacks y Sabritas,12.1,183
PROD-UNI-02033,Krilin Totis Queso y Chile 400g,Snacks y Sabritas,31,118
PROD-UNI-02034,Coca-Cola Company Agua Mineral Pak 4x500ml,Bebidas y Refrescos,40.01,62
PROD-UNI-02035,Totis Saladitas Queso Nacho 61g,Snacks y Sabritas,16.79,77
PROD-UNI-02036,Ricolino Totis Extreme 390g,Snacks y Sabritas,21.98,291
PROD-UNI-02037,Coca-Cola Company Néctar de Mango No Retornable 500ml,Bebidas y Refrescos,15.22,187
PROD-UNI-02038,Sonrics Fritos Flaming Hot 58g,Snacks y Sabritas,24.44,245
PROD-UNI-02039,La Corona Fritos Sal y Limón 83g,Snacks y Sabritas,34.12,220
PROD-UNI-02040,Bimex Leche Deslactosada Pouch 200g,Abarrotes y Despensa,53.92,122
PROD-UNI-02041,Ricolino Emperador Fuego 394g,Snacks y Sabritas,42.56,213
PROD-UNI-02042,Ciel Bebida Isotónica 600ml,Bebidas y Refrescos,34.51,279
PROD-UNI-02043,Totis Totis Crema y Especias 231g,Snacks y Sabritas,51.51,154
PROD-UNI-02044,Del Valle Néctar de Durazno Lata 355ml,Bebidas y Refrescos,38.77,31
PROD-UNI-02045,Sidral Mundet Refresco de Toronja Pak 4x500ml,Bebidas y Refrescos,32.46,294
PROD-UNI-02046,PepsiCo Refresco de Manzana No Retornable 500ml,Bebidas y Refrescos,19.28,244
PROD-UNI-02047,Herdez Mayonesa 1L,Abarrotes y Despensa,35.81,232
PROD-UNI-02048,Coca-Cola Company Agua Purificada 600ml,Bebidas y Refrescos,15.3,230
PROD-UNI-02049,Sidral Mundet Jugo de Manzana Vidrio 400ml,Bebidas y Refrescos,22.56,276
PROD-UNI-02050,Duvalin Saladitas Sal Marina 217g,Snacks y Sabritas,43.72,50
PROD-UNI-02051,McCormick Salsa Valentina Lata 140g,Abarrotes y Despensa,40.71,36
PROD-UNI-02052,Jumex Bebida Isotónica Lata 473ml,Bebidas y Refrescos,15.17,60
PROD-UNI-02053,Marinela Papas Sal y Limón 65g,Snacks y Sabritas,44.88,179
PROD-UNI-02054,Duvalin Gansito Fuego 395g,Snacks y Sabritas,17.97,231
PROD-UNI-02055,Gamesa Saladitas Queso y Chile 445g,Snacks y Sabritas,33.09,270
PROD-UNI-02056,Grupo Modelo Agua Mineral Pak 4x500ml,Bebidas y Refrescos,17.9,24
PROD-UNI-02057,Sonrics Cheetos Extreme 161g,Snacks y Sabritas,50.19,18
PROD-UNI-02058,Duvalin Kranky Sal y Limón 323g,Snacks y Sabritas,45.98,139
PROD-UNI-02059,Jarritos Jugo de Manzana 600ml,Bebidas y Refrescos,20.12,220
PROD-UNI-02060,La Costeña Mayonesa Botella 370ml,Abarrotes y Despensa,80.14,74
PROD-UNI-02061,Mafer Takis Habanero 371g,Snacks y Sabritas,47.62,34
PROD-UNI-02062,Gamesa Totis Con Limón 439g,Snacks y Sabritas,24.34,78
PROD-UNI-02063,Clamato Agua Mineral 600ml,Bebidas y Refrescos,22.72,161
PROD-UNI-02064,Bonafont Bebida Isotónica No Retornable 500ml,Bebidas y Refrescos,31.18,180
PROD-UNI-02065,Sonrics Emperador Adobadas 344g,Snacks y Sabritas,13.48,99
PROD-UNI-02066,Jumex Néctar de Durazno Familia 2L,Bebidas y Refrescos,15.72,179
PROD-UNI-02067,Sabritas Gansito Queso Nacho 159g,Snacks y Sabritas,42.08,24
PROD-UNI-02068,Bonafont Refresco de Toronja No Retornable 500ml,Bebidas y Refrescos,39.53,128
PROD-UNI-02069,Sabritas Papas Flaming Hot 259g,Snacks y Sabritas,14.16,36
PROD-UNI-02070,Churrumais Bubulubu Adobadas 338g,Snacks y Sabritas,49.76,54
PROD-UNI-02071,La Corona Emperador Flaming Hot 266g,Snacks y Sabritas,53.39,278
PROD-UNI-02072,Marinela Fritos Crujientes 353g,Snacks y Sabritas,48.26,190
PROD-UNI-02073,Boing Bebida Isotónica Pak 4x500ml,Bebidas y Refrescos,45.49,300
PROD-UNI-02074,Duvalin cacahuates Flaming Hot 47g,Snacks y Sabritas,27.89,65
PROD-UNI-02075,Herdez Mayonesa Lata 140g,Abarrotes y Despensa,64.62,170
PROD-UNI-02076,La Corona Totis Crema y Especias 136g,Snacks y Sabritas,30.28,188
PROD-UNI-02077,Gamesa Paleta Payaso Extreme 445g,Snacks y Sabritas,47.51,277
PROD-UNI-02078,Marinela Takis Sal y Limón 128g,Snacks y Sabritas,17.87,267
PROD-UNI-02079,Krilin Donas Sal Marina 450g,Snacks y Sabritas,52.69,179
PROD-UNI-02080,Ricolino Papas Extreme 134g,Snacks y Sabritas,37.89,65
PROD-UNI-02081,Coca-Cola Company Té Verde Pak 4x500ml,Bebidas y Refrescos,36.36,91
PROD-UNI-02082,Sabritas Kranky Con Limón 439g,Snacks y Sabritas,43.14,59
PROD-UNI-02083,Mafer Papas Flaming Hot 74g,Snacks y Sabritas,47.83,48
PROD-UNI-02084,Del Valle Néctar de Mango Vidrio 400ml,Bebidas y Refrescos,24.53,58
PROD-UNI-02085,Krilin Saladitas Extreme 100g,Snacks y Sabritas,50.37,100
PROD-UNI-02086,Sonrics Chips Originales 206g,Snacks y Sabritas,35.77,77
PROD-UNI-02087,Boing Refresco de Naranja Lata 355ml,Bebidas y Refrescos,22.51,90
PROD-UNI-02088,La Corona Chips Con Limón 244g,Snacks y Sabritas,13.08,91
PROD-UNI-02089,Totis Cheetos Sal y Limón 418g,Snacks y Sabritas,19.99,129
PROD-UNI-02090,Sidral Mundet Refresco de Toronja Lata 355ml,Bebidas y Refrescos,14.89,202
PROD-UNI-02091,Alpura Frijoles Bayos Botella 370ml,Abarrotes y Despensa,46.81,297
PROD-UNI-02092,Sonrics Papas Crujientes 380g,Snacks y Sabritas,17.96,182
PROD-UNI-02093,San Marcos Frijoles Bayos Lata 140g,Abarrotes y Despensa,72.1,268
PROD-UNI-02094,Bimbo Cheetos Extreme 189g,Snacks y Sabritas,41.98,167
PROD-UNI-02095,Del Valle Té Verde Vidrio 400ml,Bebidas y Refrescos,36.96,74
PROD-UNI-02096,Jumex Bebida Energética Pak 4x500ml,Bebidas y Refrescos,19.6,86
PROD-UNI-02097,Fuze Tea Refresco de Toronja Pak 4x500ml,Bebidas y Refrescos,46.11,30
PROD-UNI-02098,Sabritas Gansito Sal y Limón 118g,Snacks y Sabritas,24.87,280
PROD-UNI-02099,Sonrics Chokis Con Limón 72g,Snacks y Sabritas,29.74,141
PROD-UNI-02100,Churrumais Bubulubu Extreme 263g,Snacks y Sabritas,54.34,85
PROD-UNI-02101,Clamato Bebida Isotónica Pak 4x500ml,Bebidas y Refrescos,39.33,70
PROD-UNI-02102,Bimbo Emperador Queso Nacho 422g,Snacks y Sabritas,34.79,172
PROD-UNI-02103,PepsiCo Bebida Energética Familia 2L,Bebidas y Refrescos,33.29,236
PROD-UNI-02104,Lala Salsa Valentina Pouch 200g,Abarrotes y Despensa,41.04,68
PROD-UNI-02105,Barcel Totis Crema y Especias 338g,Snacks y Sabritas,54.88,269
PROD-UNI-02106,Sabritas Chokis Fuego 379g,Snacks y Sabritas,33.61,298
PROD-UNI-02107,Sabritas Kranky Crema y Especias 42g,Snacks y Sabritas,37.56,291
PROD-UNI-02108,Nestlé Chiles Jalapeños Botella 370ml,Abarrotes y Despensa,70.3,234
PROD-UNI-02109,La Corona Totis Fuego 216g,Snacks y Sabritas,35.61,121
PROD-UNI-02110,Krilin Paleta Payaso Habanero 263g,Snacks y Sabritas,26.62,126
PROD-UNI-02111,Barcel cacahuates Queso y Chile 114g,Snacks y Sabritas,21.71,102
PROD-UNI-02112,Churrumais Totis Originales 260g,Snacks y Sabritas,26.53,200
PROD-UNI-02113,Fuze Tea Refresco de Manzana Vidrio 400ml,Bebidas y Refrescos,32.61,191
PROD-UNI-02114,La Corona Saladitas Originales 186g,Snacks y Sabritas,31.59,192
PROD-UNI-02115,Sonrics Kranky Sal y Limón 185g,Snacks y Sabritas,30.19,90
PROD-UNI-02116,Mafer Chips Fuego 284g,Snacks y Sabritas,29.45,291
PROD-UNI-02117,Clamato Jugo de Manzana 600ml,Bebidas y Refrescos,21.33,99
PROD-UNI-02118,Sidral Mundet Agua Mineral Botella 1L,Bebidas y Refrescos,44.31,198
PROD-UNI-02119,Boing Refrescos de Cola Familia 2L,Bebidas y Refrescos,18.78,287
PROD-UNI-02120,Sidral Mundet Néctar de Durazno Familia 2L,Bebidas y Refrescos,37.11,98
PROD-UNI-02121,La Corona Cheetos Sal y Limón 271g,Snacks y Sabritas,16.09,119
PROD-UNI-02122,Barcel Gansito Habanero 416g,Snacks y Sabritas,13.61,143
PROD-UNI-02123,Krilin cacahuates Adobadas 200g,Snacks y Sabritas,24.64,241
PROD-UNI-02124,Sonrics Takis Crujientes 156g,Snacks y Sabritas,14.05,240
PROD-UNI-02125,Sonrics Saladitas Sal Marina 117g,Snacks y Sabritas,36.32,266
PROD-UNI-02126,Ciel Refresco de Manzana Familia 2L,Bebidas y Refrescos,35.49,294
PROD-UNI-02127,Sonrics Takis Fuego 131g,Snacks y Sabritas,52.66,252
PROD-UNI-02128,Marinela Cheetos Queso y Chile 61g,Snacks y Sabritas,51.43,55
PROD-UNI-02129,Sabritas Crujitos Con Limón 372g,Snacks y Sabritas,15.79,55
PROD-UNI-02130,Bimbo Kranky Fuego 194g,Snacks y Sabritas,44.26,33
PROD-UNI-02131,Churrumais Totis Fuego 411g,Snacks y Sabritas,54.97,183
PROD-UNI-02132,Sonrics Donas Sal y Limón 139g,Snacks y Sabritas,25.68,87
PROD-UNI-02133,Jumex Bebida Energética 600ml,Bebidas y Refrescos,38.11,158
PROD-UNI-02134,Grupo Modelo Té Negro Lata 355ml,Bebidas y Refrescos,22.64,217
PROD-UNI-02135,Sabritas Saladitas Flaming Hot 281g,Snacks y Sabritas,20.23,138
PROD-UNI-02136,Peñafiel Néctar de Durazno Pak 4x500ml,Bebidas y Refrescos,36.33,119
PROD-UNI-02137,Grupo Modelo Bebida Energética Vidrio 400ml,Bebidas y Refrescos,18.91,89
PROD-UNI-02138,Sabritas Chips Habanero 324g,Snacks y Sabritas,15.82,228
PROD-UNI-02139,Del Valle Bebida Isotónica Pak 4x500ml,Bebidas y Refrescos,23.46,264
PROD-UNI-02140,Boing Agua Mineral Familia 2L,Bebidas y Refrescos,35.83,214
PROD-UNI-02141,Knorr Salsa Valentina Frasco 400g,Abarrotes y Despensa,25.48,257
PROD-UNI-02142,Peñafiel Bebida Energética Botella 1L,Bebidas y Refrescos,27.08,245
PROD-UNI-02143,Duvalin Paleta Payaso Con Limón 39g,Snacks y Sabritas,15.11,149
PROD-UNI-02144,McCormick Chocolate en Polvo Frasco 400g,Abarrotes y Despensa,58.03,257
PROD-UNI-02145,Bimex Atún en Aceite 1L,Abarrotes y Despensa,39.11,78
PROD-UNI-02146,Sonrics Cheetos Flaming Hot 152g,Snacks y Sabritas,33.65,97
PROD-UNI-02147,Totis Cheetos Flaming Hot 302g,Snacks y Sabritas,37.24,79
PROD-UNI-02148,Duvalin Gansito Extreme 40g,Snacks y Sabritas,31.14,83
PROD-UNI-02149,Herdez Cereal de Maíz 1L,Abarrotes y Despensa,79.21,283
PROD-UNI-02150,Clamato Refrescos de Cola Familia 2L,Bebidas y Refrescos,47.7,251
PROD-UNI-02151,Grupo Modelo Néctar de Durazno Lata 473ml,Bebidas y Refrescos,22.89,163
PROD-UNI-02152,Alpura Sopa de Tomate Lata 220g,Abarrotes y Despensa,73.86,189
PROD-UNI-02153,Gamesa Chokis Fuego 171g,Snacks y Sabritas,13.61,54
PROD-UNI-02154,Churrumais Paleta Payaso Crema y Especias 364g,Snacks y Sabritas,28,93
PROD-UNI-02155,Bimbo Takis Fuego 154g,Snacks y Sabritas,28.71,65
PROD-UNI-02156,Bonafont Bebida Energética Lata 473ml,Bebidas y Refrescos,41.22,96
PROD-UNI-02157,Barcel Crujitos Queso Nacho 122g,Snacks y Sabritas,40.8,285
PROD-UNI-02158,Totis Saladitas Queso y Chile 207g,Snacks y Sabritas,50.5,130
PROD-UNI-02159,Ricolino Donas Queso Nacho 62g,Snacks y Sabritas,12.93,253
PROD-UNI-02160,Krilin Takis Con Limón 142g,Snacks y Sabritas,45.98,210
PROD-UNI-02161,Barcel Paleta Payaso Queso Nacho 427g,Snacks y Sabritas,42.22,15
PROD-UNI-02162,Totis Papas Crema y Especias 52g,Snacks y Sabritas,33.48,208
PROD-UNI-02163,Boing Té Verde 600ml,Bebidas y Refrescos,24.28,206
PROD-UNI-02164,Coca-Cola Company Bebida Energética 600ml,Bebidas y Refrescos,41.34,140
PROD-UNI-02165,Bimbo Chokis Sal Marina 360g,Snacks y Sabritas,28.57,159
PROD-UNI-02166,Bimex Salsa Valentina Pouch 200g,Abarrotes y Despensa,51.05,84
PROD-UNI-02167,Churrumais Donas Crujientes 441g,Snacks y Sabritas,45.59,272
PROD-UNI-02168,Totis Totis Fuego 123g,Snacks y Sabritas,45.4,128
PROD-UNI-02169,Ricolino Papas Con Limón 381g,Snacks y Sabritas,16.86,292
PROD-UNI-02170,La Costeña Salsa Valentina Botella 370ml,Abarrotes y Despensa,58.53,46
PROD-UNI-02171,Barcel Crujitos Sal Marina 362g,Snacks y Sabritas,48.97,88
PROD-UNI-02172,Bonafont Refresco de Toronja Lata 355ml,Bebidas y Refrescos,15.95,64
PROD-UNI-02173,McCormick Chocolate en Polvo Caja 500g,Abarrotes y Despensa,20.13,250
PROD-UNI-02174,Sabritas Paleta Payaso Crema y Especias 224g,Snacks y Sabritas,27.21,218
PROD-UNI-02175,Krilin Bubulubu Queso Nacho 302g,Snacks y Sabritas,31.58,264
PROD-UNI-02176,Sonrics Totis Flaming Hot 135g,Snacks y Sabritas,24.24,160
PROD-UNI-02177,Gamesa Cheetos Sal y Limón 432g,Snacks y Sabritas,12.1,54
PROD-UNI-02178,Herdez Sopa de Tomate 1L,Abarrotes y Despensa,65.76,159
PROD-UNI-02179,Churrumais Paleta Payaso Extreme 77g,Snacks y Sabritas,35.2,240
PROD-UNI-02180,Clamato Té Verde Vidrio 400ml,Bebidas y Refrescos,15.84,151
PROD-UNI-02181,Mafer Saladitas Originales 60g,Snacks y Sabritas,15.46,170
PROD-UNI-02182,Jarritos Néctar de Durazno Vidrio 400ml,Bebidas y Refrescos,25.07,202
PROD-UNI-02183,PepsiCo Néctar de Mango Familia 2L,Bebidas y Refrescos,38.83,223
PROD-UNI-02184,Clamato Bebida Isotónica 600ml,Bebidas y Refrescos,38.85,109
PROD-UNI-02185,Bimbo cacahuates Sal Marina 189g,Snacks y Sabritas,52.3,196
PROD-UNI-02186,Sabritas Totis Sal Marina 440g,Snacks y Sabritas,27.16,91
PROD-UNI-02187,Sabritas Saladitas Crujientes 193g,Snacks y Sabritas,18.14,91
PROD-UNI-02188,Mafer Totis Adobadas 399g,Snacks y Sabritas,35.21,224
PROD-UNI-02189,Totis Totis Crujientes 334g,Snacks y Sabritas,46.67,33
PROD-UNI-02190,Peñafiel Bebida Energética Lata 473ml,Bebidas y Refrescos,35.4,77
PROD-UNI-02191,Coca-Cola Company Refresco de Naranja 600ml,Bebidas y Refrescos,19.6,247
PROD-UNI-02192,Barcel Takis Sal y Limón 388g,Snacks y Sabritas,19.5,268
PROD-UNI-02193,Bonafont Refrescos de Cola Vidrio 400ml,Bebidas y Refrescos,17.51,159
PROD-UNI-02194,Clamato Agua Mineral Botella 1L,Bebidas y Refrescos,22.69,92
PROD-UNI-02195,La Corona Takis Crema y Especias 279g,Snacks y Sabritas,36.35,53
PROD-UNI-02196,Mafer Totis Queso Nacho 385g,Snacks y Sabritas,35.87,167
PROD-UNI-02197,Sabritas Papas Con Limón 147g,Snacks y Sabritas,23.87,271
PROD-UNI-02198,Grupo Modelo Jugo de Manzana Familia 2L,Bebidas y Refrescos,44.91,48
PROD-UNI-02199,Marinela Saladitas Sal Marina 319g,Snacks y Sabritas,12.98,106
PROD-UNI-02200,Sabritas Gansito Con Limón 408g,Snacks y Sabritas,50.76,67
PROD-UNI-02201,Ricolino Gansito Habanero 302g,Snacks y Sabritas,13.17,24
PROD-UNI-02202,La Corona Kranky Queso y Chile 420g,Snacks y Sabritas,26.69,255
PROD-UNI-02203,Coca-Cola Company Néctar de Mango 600ml,Bebidas y Refrescos,23.71,28
PROD-UNI-02204,Mafer Saladitas Queso Nacho 120g,Snacks y Sabritas,49.92,257
PROD-UNI-02205,Clamato Té Verde Pak 4x500ml,Bebidas y Refrescos,33.46,146
PROD-UNI-02206,PepsiCo Bebida Isotónica Vidrio 400ml,Bebidas y Refrescos,28.83,280
PROD-UNI-02207,Jarritos Refresco de Naranja 600ml,Bebidas y Refrescos,46.82,243
PROD-UNI-02208,Bimex Cereal de Maíz Lata 140g,Abarrotes y Despensa,21.03,248
PROD-UNI-02209,Sidral Mundet Agua Mineral No Retornable 500ml,Bebidas y Refrescos,15.65,230
PROD-UNI-02210,Alpura Salsa Valentina Botella 370ml,Abarrotes y Despensa,37.49,84
PROD-UNI-02211,La Corona Chips Crema y Especias 382g,Snacks y Sabritas,12.09,112
PROD-UNI-02212,Mafer Crujitos Fuego 253g,Snacks y Sabritas,41.22,169
PROD-UNI-02213,Gamesa Donas Habanero 275g,Snacks y Sabritas,28.05,262
PROD-UNI-02214,San Marcos Leche Entera Lata 140g,Abarrotes y Despensa,54.1,240
PROD-UNI-02215,Marinela Saladitas Flaming Hot 56g,Snacks y Sabritas,52.06,146
PROD-UNI-02216,Krilin Chips Crema y Especias 374g,Snacks y Sabritas,51.2,184
PROD-UNI-02217,Duvalin Donas Habanero 251g,Snacks y Sabritas,42.11,200
PROD-UNI-02218,Boing Néctar de Durazno Pak 4x500ml,Bebidas y Refrescos,29.95,242
PROD-UNI-02219,Bimbo Papas Con Limón 396g,Snacks y Sabritas,52.83,74
PROD-UNI-02220,Duvalin Crujitos Adobadas 168g,Snacks y Sabritas,53.86,201
PROD-UNI-02221,Marinela Chips Queso Nacho 81g,Snacks y Sabritas,37.02,60
PROD-UNI-02222,Barcel Totis Adobadas 232g,Snacks y Sabritas,46.82,272
PROD-UNI-02223,Mafer Paleta Payaso Fuego 356g,Snacks y Sabritas,47.75,219
PROD-UNI-02224,Totis Gansito Originales 101g,Snacks y Sabritas,39.9,236
PROD-UNI-02225,La Corona Papas Sal y Limón 57g,Snacks y Sabritas,51.96,88
PROD-UNI-02226,Sidral Mundet Agua Purificada Lata 473ml,Bebidas y Refrescos,32.08,253
PROD-UNI-02227,Bimbo Papas Originales 134g,Snacks y Sabritas,23.04,94
PROD-UNI-02228,Churrumais Fritos Flaming Hot 202g,Snacks y Sabritas,25.47,26
PROD-UNI-02229,Gamesa Chips Crema y Especias 138g,Snacks y Sabritas,43.88,196
PROD-UNI-02230,Mafer cacahuates Adobadas 48g,Snacks y Sabritas,35.99,227
PROD-UNI-02231,Mafer Paleta Payaso Sal Marina 339g,Snacks y Sabritas,46.47,291
PROD-UNI-02232,Alpura Cereal de Maíz Lata 140g,Abarrotes y Despensa,59.96,102
PROD-UNI-02233,La Costeña Leche Deslactosada Lata 140g,Abarrotes y Despensa,83.84,119
PROD-UNI-02234,Ciel Agua Purificada 600ml,Bebidas y Refrescos,23.38,129
PROD-UNI-02235,Clamato Bebida Isotónica Vidrio 400ml,Bebidas y Refrescos,34.96,75
PROD-UNI-02236,Grupo Modelo Néctar de Mango Familia 2L,Bebidas y Refrescos,43.69,282
PROD-UNI-02237,Grupo Modelo Néctar de Mango Vidrio 400ml,Bebidas y Refrescos,21.94,53
PROD-UNI-02238,Bimex Atún en Aceite Caja 500g,Abarrotes y Despensa,83.97,247
PROD-UNI-02239,Lala Mayonesa Botella 370ml,Abarrotes y Despensa,46.04,114
PROD-UNI-02240,Alpura Leche Entera Frasco 400g,Abarrotes y Despensa,81.02,69
PROD-UNI-02241,Lala Sopa de Tomate Lata 220g,Abarrotes y Despensa,33.75,295
PROD-UNI-02242,Sonrics Crujitos Crujientes 316g,Snacks y Sabritas,14.31,186
PROD-UNI-02243,Nestlé Leche Deslactosada Pouch 200g,Abarrotes y Despensa,76.85,274
PROD-UNI-02244,Mafer cacahuates Sal Marina 146g,Snacks y Sabritas,51.32,37
PROD-UNI-02245,Duvalin Totis Sal Marina 67g,Snacks y Sabritas,13.83,284
PROD-UNI-02246,Mafer Saladitas Sal y Limón 42g,Snacks y Sabritas,42.75,58
PROD-UNI-02247,Sonrics cacahuates Crema y Especias 157g,Snacks y Sabritas,50.7,207
PROD-UNI-02248,Ricolino Crujitos Con Limón 407g,Snacks y Sabritas,16.57,265
PROD-UNI-02249,Marinela Donas Fuego 399g,Snacks y Sabritas,26.41,62
PROD-UNI-02250,Boing Néctar de Mango Botella 1L,Bebidas y Refrescos,37.6,295
PROD-UNI-02251,Herdez Chiles Jalapeños Lata 220g,Abarrotes y Despensa,38.34,259
PROD-UNI-02252,Jarritos Refresco de Naranja Pak 4x500ml,Bebidas y Refrescos,16.63,160
PROD-UNI-02253,Churrumais Totis Sal y Limón 116g,Snacks y Sabritas,41.35,296
PROD-UNI-02254,Gamesa Saladitas Flaming Hot 200g,Snacks y Sabritas,13.35,53
PROD-UNI-02255,Totis Paleta Payaso Sal y Limón 435g,Snacks y Sabritas,25.97,36
PROD-UNI-02256,Jumex Refresco de Toronja Lata 355ml,Bebidas y Refrescos,30.98,259
PROD-UNI-02257,Marinela Chips Fuego 385g,Snacks y Sabritas,53.85,277
PROD-UNI-02258,Barcel Papas Sal Marina 69g,Snacks y Sabritas,40.01,222
PROD-UNI-02259,La Corona Chips Originales 279g,Snacks y Sabritas,33.13,71
PROD-UNI-02260,Fuze Tea Néctar de Durazno No Retornable 500ml,Bebidas y Refrescos,34.93,92
PROD-UNI-02261,Sonrics Fritos Queso Nacho 285g,Snacks y Sabritas,23.23,230
PROD-UNI-02262,Ricolino Chokis Flaming Hot 222g,Snacks y Sabritas,45.33,202
PROD-UNI-02263,Churrumais Gansito Adobadas 54g,Snacks y Sabritas,25.76,241
PROD-UNI-02264,Duvalin Emperador Queso Nacho 57g,Snacks y Sabritas,44.47,296
PROD-UNI-02265,Barcel Bubulubu Habanero 309g,Snacks y Sabritas,13.26,218
PROD-UNI-02266,Peñafiel Refresco de Naranja Lata 473ml,Bebidas y Refrescos,25.83,66
PROD-UNI-02267,Peñafiel Néctar de Mango Pak 4x500ml,Bebidas y Refrescos,20.39,26
PROD-UNI-02268,Krilin Gansito Originales 183g,Snacks y Sabritas,39.46,173
PROD-UNI-02269,Bimex Chiles Jalapeños Lata 140g,Abarrotes y Despensa,43.26,186
PROD-UNI-02270,Sidral Mundet Agua Mineral Vidrio 400ml,Bebidas y Refrescos,14.78,230
PROD-UNI-02271,Alpura Sopa de Tomate Botella 370ml,Abarrotes y Despensa,20.82,221
PROD-UNI-02272,Marinela Emperador Fuego 171g,Snacks y Sabritas,25.71,213
PROD-UNI-02273,Lala Frijoles Bayos Lata 140g,Abarrotes y Despensa,18.54,129
PROD-UNI-02274,Clamato Refresco de Naranja Familia 2L,Bebidas y Refrescos,47.92,239
PROD-UNI-02275,Clamato Té Negro Vidrio 400ml,Bebidas y Refrescos,35.44,240
PROD-UNI-02276,McCormick Chocolate en Polvo 1L,Abarrotes y Despensa,76.58,222
PROD-UNI-02277,Clamato Té Negro Botella 1L,Bebidas y Refrescos,14.82,102
PROD-UNI-02278,Totis Donas Sal y Limón 259g,Snacks y Sabritas,24.96,18
PROD-UNI-02279,Nestlé Cereal de Maíz Caja 500g,Abarrotes y Despensa,30.75,241
PROD-UNI-02280,Lala Chiles Jalapeños Frasco 400g,Abarrotes y Despensa,67.97,122
PROD-UNI-02281,Mafer Crujitos Habanero 314g,Snacks y Sabritas,24.07,59
PROD-UNI-02282,PepsiCo Té Negro Vidrio 400ml,Bebidas y Refrescos,25.28,185
PROD-UNI-02283,Lala Salsa Valentina Lata 220g,Abarrotes y Despensa,58.63,122
PROD-UNI-02284,Lala Atún en Aceite Lata 220g,Abarrotes y Despensa,79.84,233
PROD-UNI-02285,La Corona cacahuates Crema y Especias 81g,Snacks y Sabritas,20.94,292
PROD-UNI-02286,Churrumais Chips Sal Marina 305g,Snacks y Sabritas,14.4,252
PROD-UNI-02287,Ricolino Chips Crujientes 369g,Snacks y Sabritas,45.87,211
PROD-UNI-02288,Ciel Refresco de Manzana 600ml,Bebidas y Refrescos,14.89,210
PROD-UNI-02289,McCormick Chiles Jalapeños 1L,Abarrotes y Despensa,81.21,193
PROD-UNI-02290,Mafer Chips Habanero 328g,Snacks y Sabritas,17.81,125
PROD-UNI-02291,Del Valle Jugo de Manzana Botella 1L,Bebidas y Refrescos,24.29,22
PROD-UNI-02292,Bonafont Té Negro Familia 2L,Bebidas y Refrescos,28.74,221
PROD-UNI-02293,PepsiCo Agua Purificada No Retornable 500ml,Bebidas y Refrescos,29.81,188
PROD-UNI-02294,Peñafiel Refresco de Manzana Vidrio 400ml,Bebidas y Refrescos,47.3,21
PROD-UNI-02295,Churrumais Crujitos Queso y Chile 448g,Snacks y Sabritas,17.47,73
PROD-UNI-02296,Sabritas Crujitos Crema y Especias 175g,Snacks y Sabritas,34.11,97
PROD-UNI-02297,Herdez Chocolate en Polvo Lata 220g,Abarrotes y Despensa,21.53,125
PROD-UNI-02298,Jarritos Bebida Isotónica Vidrio 400ml,Bebidas y Refrescos,32.22,268
PROD-UNI-02299,McCormick Leche Entera Lata 220g,Abarrotes y Despensa,47.42,69
PROD-UNI-02300,Totis Paleta Payaso Crujientes 203g,Snacks y Sabritas,36.83,95
PROD-UNI-02301,Lala Leche Entera Botella 370ml,Abarrotes y Despensa,40.59,296
PROD-UNI-02302,Sabritas Bubulubu Sal y Limón 308g,Snacks y Sabritas,13.14,162
PROD-UNI-02303,Alpura Chiles Jalapeños 1L,Abarrotes y Despensa,79.78,291
PROD-UNI-02304,Ciel Néctar de Durazno Vidrio 400ml,Bebidas y Refrescos,45.59,177
PROD-UNI-02305,Gamesa Totis Originales 439g,Snacks y Sabritas,35.13,233
PROD-UNI-02306,Mafer Chips Sal Marina 224g,Snacks y Sabritas,38.36,82
PROD-UNI-02307,Herdez Leche Deslactosada Lata 220g,Abarrotes y Despensa,45.41,231
PROD-UNI-02308,Churrumais Papas Queso y Chile 164g,Snacks y Sabritas,47.76,269
PROD-UNI-02309,Duvalin Cheetos Habanero 91g,Snacks y Sabritas,34.14,18
PROD-UNI-02310,Boing Refrescos de Cola No Retornable 500ml,Bebidas y Refrescos,39.16,245
PROD-UNI-02311,Barcel Paleta Payaso Originales 325g,Snacks y Sabritas,54.01,269
PROD-UNI-02312,Gamesa Donas Fuego 436g,Snacks y Sabritas,26.71,174
PROD-UNI-02313,Gamesa Kranky Originales 225g,Snacks y Sabritas,17.07,284
PROD-UNI-02314,Sonrics Totis Adobadas 168g,Snacks y Sabritas,47.54,247
PROD-UNI-02315,Alpura Mayonesa Lata 220g,Abarrotes y Despensa,74.8,228
PROD-UNI-02316,Ciel Jugo de Manzana 600ml,Bebidas y Refrescos,23.4,209
PROD-UNI-02317,Sabritas Paleta Payaso Sal y Limón 419g,Snacks y Sabritas,36.26,170
PROD-UNI-02318,Totis Takis Habanero 296g,Snacks y Sabritas,49.12,218
PROD-UNI-02319,McCormick Leche Deslactosada Lata 220g,Abarrotes y Despensa,79.71,192
PROD-UNI-02320,Duvalin Takis Flaming Hot 157g,Snacks y Sabritas,16.31,72
PROD-UNI-02321,PepsiCo Jugo de Manzana Lata 355ml,Bebidas y Refrescos,27.42,193
PROD-UNI-02322,Grupo Modelo Néctar de Durazno No Retornable 500ml,Bebidas y Refrescos,34.06,266
PROD-UNI-02323,Marinela Chokis Flaming Hot 355g,Snacks y Sabritas,30.29,36
PROD-UNI-02324,Sabritas Chokis Queso y Chile 328g,Snacks y Sabritas,48.67,70
PROD-UNI-02325,Boing Néctar de Mango Pak 4x500ml,Bebidas y Refrescos,25.77,238
PROD-UNI-02326,La Corona cacahuates Crujientes 407g,Snacks y Sabritas,39.38,23
PROD-UNI-02327,Boing Refresco de Toronja Familia 2L,Bebidas y Refrescos,27.01,298
PROD-UNI-02328,Coca-Cola Company Refresco de Manzana Familia 2L,Bebidas y Refrescos,32.72,164
PROD-UNI-02329,Coca-Cola Company Refresco de Manzana Lata 355ml,Bebidas y Refrescos,43.04,135
PROD-UNI-02330,Gamesa Chokis Queso Nacho 410g,Snacks y Sabritas,19.34,164
PROD-UNI-02331,Sidral Mundet Refresco de Naranja Vidrio 400ml,Bebidas y Refrescos,39.6,57
PROD-UNI-02332,Sonrics Bubulubu Sal Marina 406g,Snacks y Sabritas,24.89,89
PROD-UNI-02333,Fuze Tea Té Verde Lata 355ml,Bebidas y Refrescos,38.19,114
PROD-UNI-02334,Fuze Tea Té Verde 600ml,Bebidas y Refrescos,37.95,155
PROD-UNI-02335,Grupo Modelo Té Negro No Retornable 500ml,Bebidas y Refrescos,35.15,262
PROD-UNI-02336,Barcel Totis Con Limón 313g,Snacks y Sabritas,32.93,26
PROD-UNI-02337,Sidral Mundet Refresco de Toronja Vidrio 400ml,Bebidas y Refrescos,19.66,68
PROD-UNI-02338,Ricolino Donas Crema y Especias 167g,Snacks y Sabritas,33.79,283
PROD-UNI-02339,Sonrics Chokis Queso Nacho 217g,Snacks y Sabritas,50.71,199
PROD-UNI-02340,Sabritas Fritos Originales 332g,Snacks y Sabritas,54.33,143
PROD-UNI-02341,Fuze Tea Bebida Isotónica Vidrio 400ml,Bebidas y Refrescos,19.28,131
PROD-UNI-02342,Totis Crujitos Sal y Limón 148g,Snacks y Sabritas,14.65,113
PROD-UNI-02343,Gamesa Fritos Con Limón 193g,Snacks y Sabritas,39.83,162
PROD-UNI-02344,McCormick Atún en Aceite Lata 140g,Abarrotes y Despensa,44.23,21
PROD-UNI-02345,Totis Crujitos Adobadas 215g,Snacks y Sabritas,43.89,93
PROD-UNI-02346,Del Valle Bebida Energética 600ml,Bebidas y Refrescos,45.17,282
PROD-UNI-02347,Herdez Atún en Aceite Botella 370ml,Abarrotes y Despensa,65.21,77
PROD-UNI-02348,Jumex Refresco de Toronja Familia 2L,Bebidas y Refrescos,23.46,37
PROD-UNI-02349,Marinela Saladitas Habanero 249g,Snacks y Sabritas,42.37,261
PROD-UNI-02350,Sabritas Chips Queso y Chile 207g,Snacks y Sabritas,47.3,183
PROD-UNI-02351,Krilin Chips Flaming Hot 406g,Snacks y Sabritas,29.82,296
PROD-UNI-02352,Sidral Mundet Refresco de Manzana 600ml,Bebidas y Refrescos,29.86,181
PROD-UNI-02353,San Marcos Atún en Aceite Botella 370ml,Abarrotes y Despensa,76.93,37
PROD-UNI-02354,Jumex Refresco de Manzana Familia 2L,Bebidas y Refrescos,33.26,149
PROD-UNI-02355,Jumex Bebida Energética Lata 473ml,Bebidas y Refrescos,22.34,101
PROD-UNI-02356,Gamesa Kranky Con Limón 245g,Snacks y Sabritas,40.58,146
PROD-UNI-02357,Jarritos Jugo de Manzana Botella 1L,Bebidas y Refrescos,33.93,193
PROD-UNI-02358,Sidral Mundet Té Negro Pak 4x500ml,Bebidas y Refrescos,14.13,235
PROD-UNI-02359,Alpura Sopa de Tomate Frasco 400g,Abarrotes y Despensa,57.69,278
PROD-UNI-02360,Sonrics Paleta Payaso Adobadas 413g,Snacks y Sabritas,49.46,170
PROD-UNI-02361,Krilin Totis Con Limón 92g,Snacks y Sabritas,31.22,81
PROD-UNI-02362,Sabritas Totis Queso y Chile 204g,Snacks y Sabritas,36.17,265
PROD-UNI-02363,Jumex Bebida Energética Familia 2L,Bebidas y Refrescos,28.95,284
PROD-UNI-02364,Mafer Saladitas Crema y Especias 211g,Snacks y Sabritas,33.57,190
PROD-UNI-02365,Churrumais Gansito Queso Nacho 396g,Snacks y Sabritas,31.65,29
PROD-UNI-02366,Mafer Fritos Con Limón 414g,Snacks y Sabritas,50.79,44
PROD-UNI-02367,Alpura Leche Entera Lata 220g,Abarrotes y Despensa,62.63,215
PROD-UNI-02368,Bimbo Totis Sal Marina 137g,Snacks y Sabritas,29.49,118
PROD-UNI-02369,Mafer Bubulubu Extreme 91g,Snacks y Sabritas,22.64,109
PROD-UNI-02370,Jarritos Refresco de Naranja Familia 2L,Bebidas y Refrescos,24.04,261
PROD-UNI-02371,Alpura Chiles Jalapeños Lata 140g,Abarrotes y Despensa,78.74,91
PROD-UNI-02372,Totis Chips Sal y Limón 184g,Snacks y Sabritas,30.36,57
PROD-UNI-02373,Del Valle Té Negro Lata 473ml,Bebidas y Refrescos,21.14,290
PROD-UNI-02374,Ciel Refresco de Naranja 600ml,Bebidas y Refrescos,30.03,37
PROD-UNI-02375,Bimbo Emperador Fuego 267g,Snacks y Sabritas,24.55,97
PROD-UNI-02376,Churrumais Paleta Payaso Queso Nacho 97g,Snacks y Sabritas,14.75,120
PROD-UNI-02377,La Costeña Sopa de Tomate Pouch 200g,Abarrotes y Despensa,83.6,160
PROD-UNI-02378,Marinela Paleta Payaso Originales 434g,Snacks y Sabritas,28.37,139
PROD-UNI-02379,Peñafiel Agua Purificada Pak 4x500ml,Bebidas y Refrescos,43.05,235
PROD-UNI-02380,Sabritas Emperador Crema y Especias 429g,Snacks y Sabritas,29.67,34
PROD-UNI-02381,Churrumais cacahuates Crema y Especias 196g,Snacks y Sabritas,45.87,212
PROD-UNI-02382,Churrumais Totis Crujientes 422g,Snacks y Sabritas,23.57,35
PROD-UNI-02383,Gamesa Crujitos Originales 221g,Snacks y Sabritas,38.54,235
PROD-UNI-02384,Marinela Emperador Extreme 127g,Snacks y Sabritas,41.85,182
PROD-UNI-02385,Duvalin Totis Sal y Limón 418g,Snacks y Sabritas,51.64,115
PROD-UNI-02386,Bimbo Emperador Con Limón 199g,Snacks y Sabritas,50.21,178
PROD-UNI-02387,Peñafiel Bebida Isotónica Lata 355ml,Bebidas y Refrescos,46.61,134
PROD-UNI-02388,Duvalin Totis Flaming Hot 155g,Snacks y Sabritas,19.09,202
PROD-UNI-02389,Totis Chokis Adobadas 70g,Snacks y Sabritas,31.91,68
PROD-UNI-02390,Jumex Refresco de Manzana Lata 473ml,Bebidas y Refrescos,30.41,188
PROD-UNI-02391,Ciel Té Verde 600ml,Bebidas y Refrescos,39.72,158
PROD-UNI-02392,Grupo Modelo Té Negro Familia 2L,Bebidas y Refrescos,40.74,57
PROD-UNI-02393,Barcel Takis Queso y Chile 443g,Snacks y Sabritas,24.37,170
PROD-UNI-02394,Del Valle Té Negro Lata 355ml,Bebidas y Refrescos,47.99,185
PROD-UNI-02395,Ricolino Cheetos Adobadas 55g,Snacks y Sabritas,37.27,141
PROD-UNI-02396,La Corona cacahuates Originales 164g,Snacks y Sabritas,51.64,183
PROD-UNI-02397,Boing Refrescos de Cola Vidrio 400ml,Bebidas y Refrescos,37.24,116
PROD-UNI-02398,San Marcos Atún en Aceite 1L,Abarrotes y Despensa,81.62,105
PROD-UNI-02399,Grupo Modelo Refresco de Manzana Familia 2L,Bebidas y Refrescos,18.77,62
PROD-UNI-02400,Duvalin Saladitas Crujientes 447g,Snacks y Sabritas,24.84,265
PROD-UNI-02401,Gamesa Totis Sal y Limón 303g,Snacks y Sabritas,51.69,229
PROD-UNI-02402,Duvalin Cheetos Crema y Especias 387g,Snacks y Sabritas,49.63,223
PROD-UNI-02403,Ricolino cacahuates Crema y Especias 34g,Snacks y Sabritas,49.88,165
PROD-UNI-02404,Sonrics Gansito Habanero 44g,Snacks y Sabritas,40.7,217
PROD-UNI-02405,Totis Totis Flaming Hot 85g,Snacks y Sabritas,52.38,149
PROD-UNI-02406,Barcel Emperador Crujientes 274g,Snacks y Sabritas,37.46,84
PROD-UNI-02407,Churrumais Gansito Crema y Especias 289g,Snacks y Sabritas,35.74,270
PROD-UNI-02408,Ricolino Donas Extreme 131g,Snacks y Sabritas,25.96,214
PROD-UNI-02409,Grupo Modelo Agua Purificada Pak 4x500ml,Bebidas y Refrescos,39.42,72
PROD-UNI-02410,Herdez Mayonesa Lata 220g,Abarrotes y Despensa,22.23,200
PROD-UNI-02411,Ricolino Takis Sal Marina 158g,Snacks y Sabritas,36.97,177
PROD-UNI-02412,Churrumais Donas Queso Nacho 80g,Snacks y Sabritas,54.06,60
PROD-UNI-02413,Coca-Cola Company Té Negro Botella 1L,Bebidas y Refrescos,44.81,194
PROD-UNI-02414,Duvalin Crujitos Queso Nacho 262g,Snacks y Sabritas,28.04,25
PROD-UNI-02415,Sabritas Takis Flaming Hot 93g,Snacks y Sabritas,30.9,258
PROD-UNI-02416,Sonrics Emperador Crema y Especias 336g,Snacks y Sabritas,34.72,232
PROD-UNI-02417,Sabritas Crujitos Sal y Limón 376g,Snacks y Sabritas,17.92,270
PROD-UNI-02418,Nestlé Chiles Jalapeños Caja 500g,Abarrotes y Despensa,81.97,25
PROD-UNI-02419,Clamato Bebida Energética Pak 4x500ml,Bebidas y Refrescos,46.1,266
PROD-UNI-02420,Del Valle Agua Mineral Vidrio 400ml,Bebidas y Refrescos,26.06,266
PROD-UNI-02421,Jumex Refrescos de Cola Familia 2L,Bebidas y Refrescos,20.19,35
PROD-UNI-02422,Ciel Jugo de Manzana Lata 355ml,Bebidas y Refrescos,27.82,134
PROD-UNI-02423,Sonrics Chokis Adobadas 82g,Snacks y Sabritas,17.85,32
PROD-UNI-02424,Mafer Fritos Queso Nacho 390g,Snacks y Sabritas,32.2,281
PROD-UNI-02425,San Marcos Chocolate en Polvo 1L,Abarrotes y Despensa,68.45,19
PROD-UNI-02426,Gamesa Gansito Habanero 427g,Snacks y Sabritas,17.29,83
PROD-UNI-02427,Sonrics Paleta Payaso Queso y Chile 374g,Snacks y Sabritas,12.63,238
PROD-UNI-02428,Ricolino Bubulubu Crema y Especias 193g,Snacks y Sabritas,27.94,176
PROD-UNI-02429,Duvalin Cheetos Sal y Limón 162g,Snacks y Sabritas,25.3,213
PROD-UNI-02430,Jarritos Té Negro Lata 473ml,Bebidas y Refrescos,25.76,209
PROD-UNI-02431,Del Valle Néctar de Mango Lata 473ml,Bebidas y Refrescos,16.45,19
PROD-UNI-02432,Marinela Gansito Sal Marina 274g,Snacks y Sabritas,26.92,23
PROD-UNI-02433,Totis Cheetos Extreme 349g,Snacks y Sabritas,36.27,264
PROD-UNI-02434,Gamesa cacahuates Queso Nacho 85g,Snacks y Sabritas,48.78,26
PROD-UNI-02435,Sonrics Donas Extreme 397g,Snacks y Sabritas,34.22,82
PROD-UNI-02436,Gamesa Chips Habanero 73g,Snacks y Sabritas,15.44,18
PROD-UNI-02437,Del Valle Agua Purificada Lata 355ml,Bebidas y Refrescos,29.27,210
PROD-UNI-02438,Churrumais Kranky Con Limón 398g,Snacks y Sabritas,27.63,173
PROD-UNI-02439,Bimbo Bubulubu Queso Nacho 431g,Snacks y Sabritas,30.18,130
PROD-UNI-02440,Jumex Refrescos de Cola No Retornable 500ml,Bebidas y Refrescos,47.6,93
PROD-UNI-02441,Ricolino Gansito Con Limón 179g,Snacks y Sabritas,27.76,40
PROD-UNI-02442,La Costeña Salsa Valentina Frasco 400g,Abarrotes y Despensa,27.02,237
PROD-UNI-02443,Sabritas Saladitas Originales 167g,Snacks y Sabritas,52.19,60
PROD-UNI-02444,Totis Saladitas Habanero 375g,Snacks y Sabritas,28.87,90
PROD-UNI-02445,Fuze Tea Agua Purificada Lata 473ml,Bebidas y Refrescos,38.35,54
PROD-UNI-02446,Sabritas Emperador Sal Marina 377g,Snacks y Sabritas,37.12,105
PROD-UNI-02447,Marinela Saladitas Adobadas 147g,Snacks y Sabritas,50.66,254
PROD-UNI-02448,Marinela Saladitas Crujientes 436g,Snacks y Sabritas,39.67,153
PROD-UNI-02449,Bimbo Crujitos Flaming Hot 59g,Snacks y Sabritas,51.6,74
PROD-UNI-02450,Mafer Emperador Con Limón 412g,Snacks y Sabritas,16.09,292
PROD-UNI-02451,La Corona Kranky Originales 411g,Snacks y Sabritas,50.62,135
PROD-UNI-02452,Gamesa Totis Crujientes 409g,Snacks y Sabritas,17.21,69
PROD-UNI-02453,La Corona Saladitas Queso y Chile 325g,Snacks y Sabritas,26.3,141
PROD-UNI-02454,Del Valle Refresco de Toronja Vidrio 400ml,Bebidas y Refrescos,30.39,74
PROD-UNI-02455,Barcel Chokis Con Limón 357g,Snacks y Sabritas,43.84,59
PROD-UNI-02456,Gamesa Gansito Adobadas 306g,Snacks y Sabritas,28.74,154
PROD-UNI-02457,Krilin Chips Queso Nacho 281g,Snacks y Sabritas,22.03,52
PROD-UNI-02458,Gamesa Gansito Queso y Chile 287g,Snacks y Sabritas,52.89,287
PROD-UNI-02459,Grupo Modelo Té Verde Pak 4x500ml,Bebidas y Refrescos,30.64,90
PROD-UNI-02460,Barcel Totis Sal Marina 179g,Snacks y Sabritas,30.42,84
PROD-UNI-02461,Krilin Kranky Extreme 294g,Snacks y Sabritas,17.05,273
PROD-UNI-02462,Bonafont Jugo de Manzana Botella 1L,Bebidas y Refrescos,24.46,54
PROD-UNI-02463,Marinela Gansito Con Limón 149g,Snacks y Sabritas,47.32,85
PROD-UNI-02464,Boing Agua Purificada Familia 2L,Bebidas y Refrescos,27.1,27
PROD-UNI-02465,Bonafont Té Verde Botella 1L,Bebidas y Refrescos,47.28,67
PROD-UNI-02466,Marinela Paleta Payaso Queso y Chile 192g,Snacks y Sabritas,16.01,66
PROD-UNI-02467,La Corona Crujitos Sal Marina 345g,Snacks y Sabritas,22.14,189
PROD-UNI-02468,Fuze Tea Refresco de Manzana Botella 1L,Bebidas y Refrescos,27.99,28
PROD-UNI-02469,Bimbo cacahuates Sal y Limón 54g,Snacks y Sabritas,20.87,31
PROD-UNI-02470,Sidral Mundet Agua Purificada Lata 355ml,Bebidas y Refrescos,43.21,256
PROD-UNI-02471,Sabritas Saladitas Queso y Chile 418g,Snacks y Sabritas,31.96,124
PROD-UNI-02472,Peñafiel Refresco de Manzana Lata 355ml,Bebidas y Refrescos,42.49,274
PROD-UNI-02473,Mafer Chips Sal y Limón 184g,Snacks y Sabritas,30.74,193
PROD-UNI-02474,Churrumais Bubulubu Habanero 231g,Snacks y Sabritas,37.77,63
PROD-UNI-02475,Sonrics Kranky Fuego 139g,Snacks y Sabritas,36.27,163
PROD-UNI-02476,Gamesa Paleta Payaso Habanero 407g,Snacks y Sabritas,43.56,128
PROD-UNI-02477,Clamato Néctar de Mango Botella 1L,Bebidas y Refrescos,27.49,191
PROD-UNI-02478,Mafer Takis Adobadas 75g,Snacks y Sabritas,52.16,89
PROD-UNI-02479,Gamesa Bubulubu Crema y Especias 366g,Snacks y Sabritas,13.42,71
PROD-UNI-02480,Lala Sopa de Tomate Frasco 400g,Abarrotes y Despensa,27.23,255
PROD-UNI-02481,La Corona Takis Flaming Hot 389g,Snacks y Sabritas,15.64,123
PROD-UNI-02482,Krilin Chips Sal Marina 104g,Snacks y Sabritas,49.39,173
PROD-UNI-02483,La Corona Crujitos Queso y Chile 304g,Snacks y Sabritas,30.86,129
PROD-UNI-02484,Krilin Papas Extreme 82g,Snacks y Sabritas,32.88,287
PROD-UNI-02485,PepsiCo Refresco de Toronja Botella 1L,Bebidas y Refrescos,17.63,216
PROD-UNI-02486,Fuze Tea Agua Mineral Pak 4x500ml,Bebidas y Refrescos,31.3,63
PROD-UNI-02487,Gamesa Emperador Habanero 274g,Snacks y Sabritas,22.42,115
PROD-UNI-02488,Marinela Kranky Extreme 449g,Snacks y Sabritas,12.85,248
PROD-UNI-02489,Barcel Crujitos Crujientes 427g,Snacks y Sabritas,15.67,164
PROD-UNI-02490,Barcel Kranky Originales 68g,Snacks y Sabritas,37.6,120
PROD-UNI-02491,Jarritos Bebida Isotónica Lata 473ml,Bebidas y Refrescos,22.22,66
PROD-UNI-02492,Gamesa Takis Adobadas 60g,Snacks y Sabritas,36.38,261
PROD-UNI-02493,Sonrics Bubulubu Flaming Hot 399g,Snacks y Sabritas,41.48,254
PROD-UNI-02494,Mafer Fritos Originales 38g,Snacks y Sabritas,35.39,63
PROD-UNI-02495,Fuze Tea Néctar de Mango Familia 2L,Bebidas y Refrescos,42.44,127
PROD-UNI-02496,Boing Té Negro Vidrio 400ml,Bebidas y Refrescos,36.05,106
PROD-UNI-02497,Lala Salsa Valentina Botella 370ml,Abarrotes y Despensa,49.17,134
PROD-UNI-02498,Churrumais Paleta Payaso Habanero 290g,Snacks y Sabritas,35.93,21
PROD-UNI-02499,Duvalin Saladitas Fuego 220g,Snacks y Sabritas,26.76,221
PROD-UNI-02500,Fuze Tea Refresco de Naranja Botella 1L,Bebidas y Refrescos,33.52,166
PROD-UNI-02501,Krilin Emperador Flaming Hot 412g,Snacks y Sabritas,47.32,172
PROD-UNI-02502,Churrumais Saladitas Crema y Especias 363g,Snacks y Sabritas,54.21,120
PROD-UNI-02503,Ciel Refrescos de Cola 600ml,Bebidas y Refrescos,34.36,198
PROD-UNI-02504,La Corona Kranky Extreme 245g,Snacks y Sabritas,36.33,24
PROD-UNI-02505,Sonrics Bubulubu Adobadas 416g,Snacks y Sabritas,20.91,163
PROD-UNI-02506,Del Valle Refresco de Manzana 600ml,Bebidas y Refrescos,28.61,213
PROD-UNI-02507,McCormick Salsa Valentina Frasco 400g,Abarrotes y Despensa,48.52,206
PROD-UNI-02508,Ricolino Chips Originales 243g,Snacks y Sabritas,46.17,85
PROD-UNI-02509,Gamesa Saladitas Con Limón 399g,Snacks y Sabritas,30.22,235
PROD-UNI-02510,Marinela Takis Crujientes 232g,Snacks y Sabritas,29.72,101
PROD-UNI-02511,Barcel Fritos Con Limón 181g,Snacks y Sabritas,15.85,40
PROD-UNI-02512,PepsiCo Refresco de Toronja Pak 4x500ml,Bebidas y Refrescos,19.92,37
PROD-UNI-02513,Krilin cacahuates Extreme 401g,Snacks y Sabritas,23.22,71
PROD-UNI-02514,La Corona Saladitas Flaming Hot 380g,Snacks y Sabritas,37.35,268
PROD-UNI-02515,Krilin Bubulubu Sal y Limón 306g,Snacks y Sabritas,24.8,99
PROD-UNI-02516,Marinela Cheetos Con Limón 115g,Snacks y Sabritas,48.43,49
PROD-UNI-02517,PepsiCo Néctar de Durazno Familia 2L,Bebidas y Refrescos,26.78,48
PROD-UNI-02518,Ciel Bebida Isotónica No Retornable 500ml,Bebidas y Refrescos,18.07,72
PROD-UNI-02519,Gamesa cacahuates Sal y Limón 203g,Snacks y Sabritas,20.85,173
PROD-UNI-02520,Fuze Tea Refresco de Naranja Vidrio 400ml,Bebidas y Refrescos,24.26,69
PROD-UNI-02521,Ricolino Saladitas Queso y Chile 321g,Snacks y Sabritas,30.86,267
PROD-UNI-02522,Grupo Modelo Refresco de Naranja Pak 4x500ml,Bebidas y Refrescos,15.86,222
PROD-UNI-02523,Bimex Chocolate en Polvo Pouch 200g,Abarrotes y Despensa,52.58,197
PROD-UNI-02524,Sabritas Donas Habanero 402g,Snacks y Sabritas,23.88,182
PROD-UNI-02525,Marinela Papas Extreme 339g,Snacks y Sabritas,43.19,165
PROD-UNI-02526,Duvalin Paleta Payaso Crujientes 405g,Snacks y Sabritas,29.61,81
PROD-UNI-02527,La Corona Bubulubu Habanero 412g,Snacks y Sabritas,17.65,291
PROD-UNI-02528,Grupo Modelo Agua Mineral Lata 473ml,Bebidas y Refrescos,19.72,103
PROD-UNI-02529,Krilin Emperador Sal Marina 131g,Snacks y Sabritas,16.33,144
PROD-UNI-02530,Knorr Chocolate en Polvo Frasco 400g,Abarrotes y Despensa,44.56,170
PROD-UNI-02531,Mafer Cheetos Crema y Especias 42g,Snacks y Sabritas,17.85,52
PROD-UNI-02532,Clamato Néctar de Mango Lata 355ml,Bebidas y Refrescos,37.49,226
PROD-UNI-02533,Lala Sopa de Tomate 1L,Abarrotes y Despensa,58.9,200
PROD-UNI-02534,Bimex Chiles Jalapeños Botella 370ml,Abarrotes y Despensa,32.42,107
PROD-UNI-02535,PepsiCo Néctar de Mango Botella 1L,Bebidas y Refrescos,27.82,205
PROD-UNI-02536,PepsiCo Refrescos de Cola Vidrio 400ml,Bebidas y Refrescos,28.48,45
PROD-UNI-02537,Peñafiel Jugo de Manzana Lata 355ml,Bebidas y Refrescos,26.58,207
PROD-UNI-02538,Herdez Mayonesa Caja 500g,Abarrotes y Despensa,77.94,81
PROD-UNI-02539,Bimex Leche Entera Pouch 200g,Abarrotes y Despensa,27.51,106
PROD-UNI-02540,Peñafiel Néctar de Durazno Lata 355ml,Bebidas y Refrescos,33.29,216
PROD-UNI-02541,Sidral Mundet Bebida Isotónica Familia 2L,Bebidas y Refrescos,45.86,44
PROD-UNI-02542,Alpura Chocolate en Polvo Frasco 400g,Abarrotes y Despensa,57.39,280
PROD-UNI-02543,Lala Sopa de Tomate Botella 370ml,Abarrotes y Despensa,78.16,281
PROD-UNI-02544,Marinela Crujitos Sal y Limón 346g,Snacks y Sabritas,27.67,98
PROD-UNI-02545,Marinela Chips Habanero 106g,Snacks y Sabritas,46.58,255
PROD-UNI-02546,Fuze Tea Jugo de Manzana Familia 2L,Bebidas y Refrescos,47.4,216
PROD-UNI-02547,Duvalin Totis Crema y Especias 375g,Snacks y Sabritas,14.14,136
PROD-UNI-02548,Churrumais Papas Crema y Especias 178g,Snacks y Sabritas,37.37,39
PROD-UNI-02549,Totis Fritos Flaming Hot 381g,Snacks y Sabritas,19.15,190
PROD-UNI-02550,Ricolino cacahuates Adobadas 44g,Snacks y Sabritas,16.27,113
PROD-UNI-02551,Churrumais Crujitos Con Limón 55g,Snacks y Sabritas,37.62,76
PROD-UNI-02552,Sonrics Paleta Payaso Sal Marina 117g,Snacks y Sabritas,12.71,216
PROD-UNI-02553,Marinela Cheetos Extreme 284g,Snacks y Sabritas,44.13,226
PROD-UNI-02554,Knorr Atún en Aceite 1L,Abarrotes y Despensa,67.73,73
PROD-UNI-02555,McCormick Chocolate en Polvo Pouch 200g,Abarrotes y Despensa,45.49,265
PROD-UNI-02556,Bonafont Bebida Energética Pak 4x500ml,Bebidas y Refrescos,35.11,128
PROD-UNI-02557,La Corona Takis Queso Nacho 53g,Snacks y Sabritas,45.83,71
PROD-UNI-02558,Alpura Leche Deslactosada 1L,Abarrotes y Despensa,78.23,185
PROD-UNI-02559,Alpura Chiles Jalapeños Pouch 200g,Abarrotes y Despensa,27.85,210
PROD-UNI-02560,Sonrics Chokis Habanero 331g,Snacks y Sabritas,49.17,230
PROD-UNI-02561,Krilin Chokis Flaming Hot 326g,Snacks y Sabritas,17.18,35
PROD-UNI-02562,Fuze Tea Agua Purificada 600ml,Bebidas y Refrescos,39.41,30
PROD-UNI-02563,Del Valle Refresco de Toronja 600ml,Bebidas y Refrescos,30.28,155
PROD-UNI-02564,Ciel Bebida Energética Pak 4x500ml,Bebidas y Refrescos,40.66,87
PROD-UNI-02565,Ricolino Kranky Habanero 239g,Snacks y Sabritas,47.21,267
PROD-UNI-02566,Churrumais Donas Sal Marina 210g,Snacks y Sabritas,42.94,168
PROD-UNI-02567,La Costeña Leche Entera Pouch 200g,Abarrotes y Despensa,36.78,232
PROD-UNI-02568,Barcel Kranky Queso y Chile 164g,Snacks y Sabritas,39.08,58
PROD-UNI-02569,Bimbo Cheetos Originales 326g,Snacks y Sabritas,21.44,59
PROD-UNI-02570,Marinela Fritos Queso Nacho 286g,Snacks y Sabritas,25.3,245
PROD-UNI-02571,Clamato Jugo de Manzana Lata 473ml,Bebidas y Refrescos,47.74,99
PROD-UNI-02572,Ricolino Fritos Originales 316g,Snacks y Sabritas,22.99,179
PROD-UNI-02573,PepsiCo Agua Mineral Lata 473ml,Bebidas y Refrescos,29.84,103
PROD-UNI-02574,Del Valle Refresco de Naranja Lata 355ml,Bebidas y Refrescos,24.06,202
PROD-UNI-02575,Ricolino Paleta Payaso Extreme 431g,Snacks y Sabritas,45.96,149
PROD-UNI-02576,Ricolino Takis Extreme 300g,Snacks y Sabritas,49.12,298
PROD-UNI-02577,Sidral Mundet Té Verde Familia 2L,Bebidas y Refrescos,42.83,221
PROD-UNI-02578,Sabritas Bubulubu Adobadas 206g,Snacks y Sabritas,18.11,245
PROD-UNI-02579,Jarritos Refresco de Toronja Familia 2L,Bebidas y Refrescos,24.39,149
PROD-UNI-02580,Churrumais Takis Con Limón 45g,Snacks y Sabritas,24.27,235
PROD-UNI-02581,Ciel Néctar de Durazno Familia 2L,Bebidas y Refrescos,14.83,158
PROD-UNI-02582,Clamato Refresco de Naranja Botella 1L,Bebidas y Refrescos,20.95,271
PROD-UNI-02583,Boing Néctar de Mango Familia 2L,Bebidas y Refrescos,31.16,87
PROD-UNI-02584,Sonrics Donas Sal Marina 442g,Snacks y Sabritas,49.51,45
PROD-UNI-02585,Churrumais Cheetos Crema y Especias 94g,Snacks y Sabritas,46.71,264
PROD-UNI-02586,Clamato Té Negro Pak 4x500ml,Bebidas y Refrescos,31.67,56
PROD-UNI-02587,Knorr Leche Entera Pouch 200g,Abarrotes y Despensa,41.33,287
PROD-UNI-02588,Churrumais Fritos Queso Nacho 437g,Snacks y Sabritas,26.1,18
PROD-UNI-02589,Clamato Jugo de Manzana Lata 355ml,Bebidas y Refrescos,18.27,118
PROD-UNI-02590,Bonafont Bebida Isotónica Vidrio 400ml,Bebidas y Refrescos,37.52,86
PROD-UNI-02591,Duvalin Paleta Payaso Sal y Limón 197g,Snacks y Sabritas,26.97,130
PROD-UNI-02592,Mafer Totis Sal y Limón 68g,Snacks y Sabritas,43.98,203
PROD-UNI-02593,La Corona Donas Queso Nacho 134g,Snacks y Sabritas,22.37,29
PROD-UNI-02594,Coca-Cola Company Jugo de Manzana Lata 473ml,Bebidas y Refrescos,22.95,141
PROD-UNI-02595,Fuze Tea Agua Purificada Pak 4x500ml,Bebidas y Refrescos,32.28,240
PROD-UNI-02596,Ciel Té Negro Pak 4x500ml,Bebidas y Refrescos,29.4,193
PROD-UNI-02597,Bonafont Refrescos de Cola Familia 2L,Bebidas y Refrescos,35.34,197
PROD-UNI-02598,Duvalin Cheetos Sal Marina 96g,Snacks y Sabritas,20.13,215
PROD-UNI-02599,Knorr Leche Deslactosada Frasco 400g,Abarrotes y Despensa,52.05,119
PROD-UNI-02600,Fuze Tea Refresco de Naranja Lata 473ml,Bebidas y Refrescos,31.11,293
PROD-UNI-02601,Peñafiel Refresco de Manzana 600ml,Bebidas y Refrescos,23.99,153
PROD-UNI-02602,Totis Takis Queso Nacho 209g,Snacks y Sabritas,50.94,44
PROD-UNI-02603,Duvalin Takis Fuego 262g,Snacks y Sabritas,17.28,245
PROD-UNI-02604,Barcel Donas Crujientes 346g,Snacks y Sabritas,43.25,48
PROD-UNI-02605,Coca-Cola Company Refresco de Manzana 600ml,Bebidas y Refrescos,41.2,213
PROD-UNI-02606,Mafer Bubulubu Adobadas 357g,Snacks y Sabritas,32.59,218
PROD-UNI-02607,Krilin Totis Adobadas 412g,Snacks y Sabritas,31.46,280
PROD-UNI-02608,Bimex Salsa Valentina Lata 220g,Abarrotes y Despensa,36.62,278
PROD-UNI-02609,Bimbo Crujitos Queso Nacho 423g,Snacks y Sabritas,39.66,282
PROD-UNI-02610,Alpura Frijoles Bayos Lata 220g,Abarrotes y Despensa,82.63,24
PROD-UNI-02611,Gamesa Paleta Payaso Sal Marina 303g,Snacks y Sabritas,12.54,250
PROD-UNI-02612,Totis Paleta Payaso Queso Nacho 358g,Snacks y Sabritas,36.06,67
PROD-UNI-02613,Clamato Refresco de Manzana No Retornable 500ml,Bebidas y Refrescos,47.41,208
PROD-UNI-02614,Knorr Leche Entera Caja 500g,Abarrotes y Despensa,45.23,177
PROD-UNI-02615,Clamato Néctar de Mango Familia 2L,Bebidas y Refrescos,21.66,74
PROD-UNI-02616,Totis Chokis Fuego 44g,Snacks y Sabritas,12.22,227
PROD-UNI-02617,La Corona Paleta Payaso Sal y Limón 314g,Snacks y Sabritas,12.32,36
PROD-UNI-02618,Ciel Agua Mineral Pak 4x500ml,Bebidas y Refrescos,21.78,58
PROD-UNI-02619,Bonafont Néctar de Mango Familia 2L,Bebidas y Refrescos,15.4,44
PROD-UNI-02620,Mafer Chokis Crema y Especias 442g,Snacks y Sabritas,28.47,232
PROD-UNI-02621,PepsiCo Jugo de Manzana No Retornable 500ml,Bebidas y Refrescos,34.49,116
PROD-UNI-02622,Sonrics Emperador Habanero 188g,Snacks y Sabritas,37.78,202
PROD-UNI-02623,Knorr Salsa Valentina Lata 140g,Abarrotes y Despensa,57.91,144
PROD-UNI-02624,Fuze Tea Refresco de Manzana No Retornable 500ml,Bebidas y Refrescos,47.48,154
PROD-UNI-02625,PepsiCo Té Negro Pak 4x500ml,Bebidas y Refrescos,33.89,54
PROD-UNI-02626,Fuze Tea Refresco de Naranja 600ml,Bebidas y Refrescos,35.82,290
PROD-UNI-02627,Ricolino Fritos Adobadas 173g,Snacks y Sabritas,25.53,90
PROD-UNI-02628,Bonafont Refresco de Manzana Vidrio 400ml,Bebidas y Refrescos,46.51,242
PROD-UNI-02629,La Corona cacahuates Habanero 90g,Snacks y Sabritas,30.65,88
PROD-UNI-02630,Grupo Modelo Té Verde 600ml,Bebidas y Refrescos,28.58,214
PROD-UNI-02631,Gamesa Chips Flaming Hot 176g,Snacks y Sabritas,51.34,90
PROD-UNI-02632,Duvalin Chips Originales 162g,Snacks y Sabritas,43.83,173
PROD-UNI-02633,Knorr Chocolate en Polvo Lata 140g,Abarrotes y Despensa,38.54,30
PROD-UNI-02634,Totis Fritos Extreme 441g,Snacks y Sabritas,13.87,238
PROD-UNI-02635,Churrumais Fritos Crema y Especias 343g,Snacks y Sabritas,53.51,263
PROD-UNI-02636,La Corona Fritos Originales 432g,Snacks y Sabritas,40.71,142
PROD-UNI-02637,Churrumais Crujitos Originales 195g,Snacks y Sabritas,43.27,232
PROD-UNI-02638,Bimbo Chokis Extreme 424g,Snacks y Sabritas,38.21,289
PROD-UNI-02639,Nestlé Leche Deslactosada 1L,Abarrotes y Despensa,25.32,259
PROD-UNI-02640,Alpura Salsa Valentina Frasco 400g,Abarrotes y Despensa,63.48,239
PROD-UNI-02641,PepsiCo Bebida Isotónica No Retornable 500ml,Bebidas y Refrescos,25.49,262
PROD-UNI-02642,Bimbo Saladitas Habanero 394g,Snacks y Sabritas,45.38,61
PROD-UNI-02643,Sabritas Donas Fuego 380g,Snacks y Sabritas,27.63,185
PROD-UNI-02644,Totis Donas Fuego 340g,Snacks y Sabritas,42.37,178
PROD-UNI-02645,Ricolino Chokis Originales 423g,Snacks y Sabritas,18.23,191
PROD-UNI-02646,Sabritas Crujitos Sal Marina 365g,Snacks y Sabritas,52.56,246
PROD-UNI-02647,Peñafiel Refresco de Toronja No Retornable 500ml,Bebidas y Refrescos,25.49,32
PROD-UNI-02648,Coca-Cola Company Refresco de Toronja No Retornable 500ml,Bebidas y Refrescos,20.64,281
PROD-UNI-02649,Marinela Bubulubu Sal Marina 287g,Snacks y Sabritas,48.85,36
PROD-UNI-02650,Nestlé Atún en Aceite 1L,Abarrotes y Despensa,37.95,154
PROD-UNI-02651,Barcel Gansito Flaming Hot 327g,Snacks y Sabritas,31.97,28
PROD-UNI-02652,Marinela Kranky Sal y Limón 334g,Snacks y Sabritas,44.87,166
PROD-UNI-02653,PepsiCo Refresco de Toronja Lata 355ml,Bebidas y Refrescos,32.66,237
PROD-UNI-02654,Gamesa Chips Sal Marina 171g,Snacks y Sabritas,21.22,116
PROD-UNI-02655,Sidral Mundet Refresco de Naranja No Retornable 500ml,Bebidas y Refrescos,14.28,149
PROD-UNI-02656,Jarritos Té Negro Vidrio 400ml,Bebidas y Refrescos,44.67,217
PROD-UNI-02657,Totis Cheetos Sal Marina 146g,Snacks y Sabritas,47.28,231
PROD-UNI-02658,Marinela Chips Originales 441g,Snacks y Sabritas,32.83,190
PROD-UNI-02659,Sabritas Emperador Sal y Limón 428g,Snacks y Sabritas,45.99,151
PROD-UNI-02660,Ricolino Bubulubu Fuego 95g,Snacks y Sabritas,40.38,113
PROD-UNI-02661,McCormick Chiles Jalapeños Caja 500g,Abarrotes y Despensa,70.38,65
PROD-UNI-02662,Mafer Crujitos Sal Marina 287g,Snacks y Sabritas,25.13,193
PROD-UNI-02663,Krilin Crujitos Sal Marina 274g,Snacks y Sabritas,25.66,77
PROD-UNI-02664,Totis Kranky Sal y Limón 246g,Snacks y Sabritas,19.37,222
PROD-UNI-02665,Sabritas Fritos Extreme 214g,Snacks y Sabritas,44.58,91
PROD-UNI-02666,Sidral Mundet Néctar de Durazno Lata 355ml,Bebidas y Refrescos,40.59,124
PROD-UNI-02667,Nestlé Sopa de Tomate Lata 140g,Abarrotes y Despensa,34.55,77
PROD-UNI-02668,La Corona Emperador Sal y Limón 110g,Snacks y Sabritas,49.13,29
PROD-UNI-02669,Nestlé Atún en Aceite Pouch 200g,Abarrotes y Despensa,33.16,71
PROD-UNI-02670,Barcel Papas Crujientes 209g,Snacks y Sabritas,31.05,287
PROD-UNI-02671,Duvalin Fritos Queso Nacho 89g,Snacks y Sabritas,30.32,93
PROD-UNI-02672,Ciel Agua Purificada No Retornable 500ml,Bebidas y Refrescos,43.15,136
PROD-UNI-02673,La Corona Paleta Payaso Sal Marina 274g,Snacks y Sabritas,26.88,79
PROD-UNI-02674,Knorr Chiles Jalapeños Caja 500g,Abarrotes y Despensa,60.37,203
PROD-UNI-02675,Duvalin Totis Adobadas 210g,Snacks y Sabritas,46.11,190
PROD-UNI-02676,Duvalin Kranky Extreme 206g,Snacks y Sabritas,21.59,125
PROD-UNI-02677,Ricolino Gansito Crema y Especias 71g,Snacks y Sabritas,25.35,224
PROD-UNI-02678,Ricolino Saladitas Crema y Especias 246g,Snacks y Sabritas,49.42,223
PROD-UNI-02679,Ricolino Cheetos Sal Marina 160g,Snacks y Sabritas,35.07,112
PROD-UNI-02680,Churrumais Chokis Crujientes 57g,Snacks y Sabritas,51.69,278
PROD-UNI-02681,Gamesa Paleta Payaso Flaming Hot 309g,Snacks y Sabritas,51.65,224
PROD-UNI-02682,Mafer cacahuates Sal y Limón 306g,Snacks y Sabritas,36.25,34
PROD-UNI-02683,Barcel Paleta Payaso Flaming Hot 210g,Snacks y Sabritas,54.49,97
PROD-UNI-02684,Boing Bebida Energética Botella 1L,Bebidas y Refrescos,42.13,188
PROD-UNI-02685,Totis Chokis Flaming Hot 301g,Snacks y Sabritas,20.77,165
PROD-UNI-02686,Sabritas Paleta Payaso Originales 336g,Snacks y Sabritas,48.88,186
PROD-UNI-02687,La Costeña Sopa de Tomate Frasco 400g,Abarrotes y Despensa,46.7,111
PROD-UNI-02688,Boing Té Verde No Retornable 500ml,Bebidas y Refrescos,36.88,85
PROD-UNI-02689,Bimbo Totis Adobadas 207g,Snacks y Sabritas,20.4,114
PROD-UNI-02690,Gamesa Papas Queso y Chile 409g,Snacks y Sabritas,18.19,81
PROD-UNI-02691,Marinela Fritos Extreme 165g,Snacks y Sabritas,29.05,262
PROD-UNI-02692,Churrumais Saladitas Queso y Chile 184g,Snacks y Sabritas,44.56,158
PROD-UNI-02693,Gamesa Donas Originales 79g,Snacks y Sabritas,35.11,77
PROD-UNI-02694,Ricolino Saladitas Sal y Limón 391g,Snacks y Sabritas,14.66,250
PROD-UNI-02695,Sonrics Saladitas Queso Nacho 80g,Snacks y Sabritas,40.03,49
PROD-UNI-02696,San Marcos Chiles Jalapeños Lata 140g,Abarrotes y Despensa,76.37,95
PROD-UNI-02697,Jarritos Refresco de Naranja Botella 1L,Bebidas y Refrescos,38.49,125
PROD-UNI-02698,Barcel Chokis Fuego 289g,Snacks y Sabritas,42.82,100
PROD-UNI-02699,Barcel Chips Con Limón 243g,Snacks y Sabritas,30.7,158
PROD-UNI-02700,Peñafiel Néctar de Durazno No Retornable 500ml,Bebidas y Refrescos,24.27,110
PROD-UNI-02701,McCormick Atún en Aceite Pouch 200g,Abarrotes y Despensa,71.05,294
PROD-UNI-02702,Knorr Sopa de Tomate Lata 220g,Abarrotes y Despensa,50.85,66
PROD-UNI-02703,Knorr Mayonesa Lata 140g,Abarrotes y Despensa,70.74,261
PROD-UNI-02704,Sabritas Cheetos Extreme 336g,Snacks y Sabritas,27.97,154
PROD-UNI-02705,Coca-Cola Company Té Negro Lata 473ml,Bebidas y Refrescos,26.98,158
PROD-UNI-02706,Mafer Bubulubu Originales 440g,Snacks y Sabritas,49.57,186
PROD-UNI-02707,McCormick Leche Deslactosada 1L,Abarrotes y Despensa,39.23,32
PROD-UNI-02708,Marinela cacahuates Fuego 324g,Snacks y Sabritas,51.58,23
PROD-UNI-02709,Del Valle Refresco de Toronja Botella 1L,Bebidas y Refrescos,46.3,194
PROD-UNI-02710,Knorr Mayonesa Pouch 200g,Abarrotes y Despensa,38.57,31
PROD-UNI-02711,Duvalin Chips Habanero 348g,Snacks y Sabritas,25.53,249
PROD-UNI-02712,Marinela Donas Queso Nacho 372g,Snacks y Sabritas,27.97,160
PROD-UNI-02713,Duvalin cacahuates Sal Marina 304g,Snacks y Sabritas,31.72,79
PROD-UNI-02714,Jarritos Refrescos de Cola Pak 4x500ml,Bebidas y Refrescos,30.27,282
PROD-UNI-02715,Churrumais cacahuates Con Limón 119g,Snacks y Sabritas,21.27,56
PROD-UNI-02716,Churrumais Donas Crema y Especias 169g,Snacks y Sabritas,25.91,281
PROD-UNI-02717,Bimbo Takis Crujientes 180g,Snacks y Sabritas,49.29,32
PROD-UNI-02718,Sonrics Cheetos Crema y Especias 415g,Snacks y Sabritas,49.27,165
PROD-UNI-02719,Sabritas Kranky Fuego 41g,Snacks y Sabritas,37.02,107
PROD-UNI-02720,Bimex Leche Entera Botella 370ml,Abarrotes y Despensa,54.15,271
PROD-UNI-02721,Churrumais Chips Crujientes 199g,Snacks y Sabritas,20.01,242
PROD-UNI-02722,Mafer Kranky Queso Nacho 143g,Snacks y Sabritas,29.29,103
PROD-UNI-02723,Grupo Modelo Té Negro 600ml,Bebidas y Refrescos,18.51,289
PROD-UNI-02724,Bimex Leche Entera Lata 140g,Abarrotes y Despensa,69.71,85
PROD-UNI-02725,PepsiCo Refresco de Naranja 600ml,Bebidas y Refrescos,46.6,256
PROD-UNI-02726,Gamesa Totis Extreme 57g,Snacks y Sabritas,35.53,184
PROD-UNI-02727,Sidral Mundet Bebida Isotónica Vidrio 400ml,Bebidas y Refrescos,32.2,100
PROD-UNI-02728,Herdez Leche Entera Frasco 400g,Abarrotes y Despensa,33.7,38
PROD-UNI-02729,Clamato Té Negro No Retornable 500ml,Bebidas y Refrescos,46.37,159
PROD-UNI-02730,Krilin Gansito Crujientes 122g,Snacks y Sabritas,18.48,80
PROD-UNI-02731,Ciel Bebida Energética Lata 355ml,Bebidas y Refrescos,24.12,30
PROD-UNI-02732,Jarritos Néctar de Durazno Familia 2L,Bebidas y Refrescos,29.43,189
PROD-UNI-02733,La Corona Bubulubu Adobadas 323g,Snacks y Sabritas,41.5,170
PROD-UNI-02734,Bonafont Refresco de Naranja Lata 473ml,Bebidas y Refrescos,34.88,82
PROD-UNI-02735,Mafer Bubulubu Crema y Especias 53g,Snacks y Sabritas,20.17,186
PROD-UNI-02736,Barcel Kranky Queso Nacho 327g,Snacks y Sabritas,19.36,74
PROD-UNI-02737,Jarritos Refresco de Toronja Pak 4x500ml,Bebidas y Refrescos,32.36,140
PROD-UNI-02738,Totis Bubulubu Fuego 291g,Snacks y Sabritas,33.37,143
PROD-UNI-02739,Churrumais cacahuates Fuego 335g,Snacks y Sabritas,52.92,292
PROD-UNI-02740,Grupo Modelo Refresco de Naranja Familia 2L,Bebidas y Refrescos,41.3,67
PROD-UNI-02741,Nestlé Cereal de Maíz Pouch 200g,Abarrotes y Despensa,26.83,151
PROD-UNI-02742,Marinela Paleta Payaso Adobadas 259g,Snacks y Sabritas,44.92,111
PROD-UNI-02743,Coca-Cola Company Néctar de Mango Pak 4x500ml,Bebidas y Refrescos,34.03,279
PROD-UNI-02744,Duvalin Papas Sal Marina 122g,Snacks y Sabritas,25.33,64
PROD-UNI-02745,Jarritos Té Verde Vidrio 400ml,Bebidas y Refrescos,26.74,218
PROD-UNI-02746,Bonafont Refrescos de Cola Pak 4x500ml,Bebidas y Refrescos,35.58,16
PROD-UNI-02747,Mafer Chokis Con Limón 316g,Snacks y Sabritas,29.04,126
PROD-UNI-02748,Totis Gansito Crujientes 435g,Snacks y Sabritas,31.95,107
PROD-UNI-02749,Mafer Kranky Flaming Hot 36g,Snacks y Sabritas,43.08,214
PROD-UNI-02750,Duvalin Bubulubu Crujientes 143g,Snacks y Sabritas,50.12,70
PROD-UNI-02751,Duvalin cacahuates Crujientes 324g,Snacks y Sabritas,36.88,203
PROD-UNI-02752,Bimbo Takis Adobadas 82g,Snacks y Sabritas,24.25,183
PROD-UNI-02753,Knorr Salsa Valentina 1L,Abarrotes y Despensa,30.38,79
PROD-UNI-02754,Jumex Agua Purificada Pak 4x500ml,Bebidas y Refrescos,47.83,248
PROD-UNI-02755,Boing Agua Mineral Lata 355ml,Bebidas y Refrescos,34.14,297
PROD-UNI-02756,Sabritas Cheetos Crujientes 404g,Snacks y Sabritas,52.93,172
PROD-UNI-02757,Mafer Bubulubu Flaming Hot 381g,Snacks y Sabritas,26.53,39
PROD-UNI-02758,Duvalin Fritos Con Limón 199g,Snacks y Sabritas,50.56,264
PROD-UNI-02759,Barcel Emperador Habanero 445g,Snacks y Sabritas,25.42,256
PROD-UNI-02760,Jumex Jugo de Manzana No Retornable 500ml,Bebidas y Refrescos,21.89,46
PROD-UNI-02761,Totis cacahuates Flaming Hot 259g,Snacks y Sabritas,43,181
PROD-UNI-02762,Marinela Crujitos Crujientes 439g,Snacks y Sabritas,53.33,250
PROD-UNI-02763,Marinela cacahuates Adobadas 238g,Snacks y Sabritas,26.8,63
PROD-UNI-02764,Krilin cacahuates Fuego 53g,Snacks y Sabritas,48.19,213
PROD-UNI-02765,Sonrics Crujitos Flaming Hot 73g,Snacks y Sabritas,16.26,81
PROD-UNI-02766,Krilin Totis Sal Marina 262g,Snacks y Sabritas,38.73,285
PROD-UNI-02767,San Marcos Mayonesa Frasco 400g,Abarrotes y Despensa,20.83,31
PROD-UNI-02768,Ricolino Kranky Crema y Especias 278g,Snacks y Sabritas,52.15,194
PROD-UNI-02769,Gamesa Papas Con Limón 449g,Snacks y Sabritas,31.4,22
PROD-UNI-02770,San Marcos Chiles Jalapeños Lata 220g,Abarrotes y Despensa,69.56,34
PROD-UNI-02771,Boing Bebida Isotónica Familia 2L,Bebidas y Refrescos,32.84,274
PROD-UNI-02772,Grupo Modelo Refresco de Toronja Lata 473ml,Bebidas y Refrescos,25.5,59
PROD-UNI-02773,Mafer Takis Flaming Hot 270g,Snacks y Sabritas,17.67,107
PROD-UNI-02774,Grupo Modelo Té Negro Lata 473ml,Bebidas y Refrescos,23.11,138
PROD-UNI-02775,Marinela Donas Originales 323g,Snacks y Sabritas,31.82,15
PROD-UNI-02776,McCormick Leche Entera Lata 140g,Abarrotes y Despensa,56.69,257
PROD-UNI-02777,Duvalin Saladitas Flaming Hot 264g,Snacks y Sabritas,24.69,140
PROD-UNI-02778,Marinela Fritos Sal y Limón 386g,Snacks y Sabritas,33.09,163
PROD-UNI-02779,Mafer Gansito Extreme 407g,Snacks y Sabritas,38.99,36
PROD-UNI-02780,Mafer Totis Crujientes 414g,Snacks y Sabritas,47.91,110
PROD-UNI-02781,Sidral Mundet Bebida Isotónica Lata 355ml,Bebidas y Refrescos,23.93,48
PROD-UNI-02782,Ciel Jugo de Manzana Lata 473ml,Bebidas y Refrescos,34.4,114
PROD-UNI-02783,Bonafont Refresco de Toronja Lata 473ml,Bebidas y Refrescos,17.76,33
PROD-UNI-02784,Peñafiel Bebida Isotónica 600ml,Bebidas y Refrescos,15.68,217
PROD-UNI-02785,Marinela Cheetos Flaming Hot 61g,Snacks y Sabritas,53.65,198
PROD-UNI-02786,Sabritas Fritos Fuego 99g,Snacks y Sabritas,20.2,84
PROD-UNI-02787,PepsiCo Refresco de Naranja Vidrio 400ml,Bebidas y Refrescos,38.57,159
PROD-UNI-02788,Del Valle Refresco de Manzana No Retornable 500ml,Bebidas y Refrescos,38.87,111
PROD-UNI-02789,La Corona Donas Flaming Hot 173g,Snacks y Sabritas,27.96,117
PROD-UNI-02790,Boing Bebida Isotónica No Retornable 500ml,Bebidas y Refrescos,43.39,17
PROD-UNI-02791,Lala Sopa de Tomate Lata 140g,Abarrotes y Despensa,22.48,218
PROD-UNI-02792,Ricolino Emperador Extreme 221g,Snacks y Sabritas,34.81,166
PROD-UNI-02793,Jarritos Té Negro Pak 4x500ml,Bebidas y Refrescos,35.61,220
PROD-UNI-02794,Sidral Mundet Bebida Isotónica Botella 1L,Bebidas y Refrescos,47.97,112
PROD-UNI-02795,Del Valle Néctar de Mango Pak 4x500ml,Bebidas y Refrescos,36.51,204
PROD-UNI-02796,Peñafiel Jugo de Manzana Pak 4x500ml,Bebidas y Refrescos,47.35,282
PROD-UNI-02797,Ciel Agua Purificada Botella 1L,Bebidas y Refrescos,20.48,133
PROD-UNI-02798,Boing Jugo de Manzana Lata 355ml,Bebidas y Refrescos,33.65,231
PROD-UNI-02799,Clamato Agua Mineral Pak 4x500ml,Bebidas y Refrescos,24.95,195
PROD-UNI-02800,Sonrics Kranky Adobadas 284g,Snacks y Sabritas,23.79,113
PROD-UNI-02801,Churrumais Emperador Flaming Hot 437g,Snacks y Sabritas,22.49,192
PROD-UNI-02802,Jumex Refresco de Naranja Pak 4x500ml,Bebidas y Refrescos,34.94,103
PROD-UNI-02803,Coca-Cola Company Jugo de Manzana Familia 2L,Bebidas y Refrescos,21.02,168
PROD-UNI-02804,Bimbo Bubulubu Sal y Limón 301g,Snacks y Sabritas,50.02,93
PROD-UNI-02805,Clamato Refresco de Toronja Vidrio 400ml,Bebidas y Refrescos,45.33,115
PROD-UNI-02806,Fuze Tea Refresco de Toronja Familia 2L,Bebidas y Refrescos,20.45,252
PROD-UNI-02807,La Corona Totis Extreme 287g,Snacks y Sabritas,27.65,69
PROD-UNI-02808,PepsiCo Refresco de Toronja Familia 2L,Bebidas y Refrescos,22.96,19
PROD-UNI-02809,PepsiCo Refresco de Naranja Pak 4x500ml,Bebidas y Refrescos,33.77,206
PROD-UNI-02810,Bimbo Paleta Payaso Crema y Especias 379g,Snacks y Sabritas,37.18,153
PROD-UNI-02811,Totis Papas Originales 99g,Snacks y Sabritas,23.73,173
PROD-UNI-02812,Clamato Bebida Isotónica Botella 1L,Bebidas y Refrescos,31.13,19
PROD-UNI-02813,San Marcos Leche Entera 1L,Abarrotes y Despensa,29.96,51
PROD-UNI-02814,La Corona Bubulubu Crema y Especias 407g,Snacks y Sabritas,30,213
PROD-UNI-02815,Duvalin Fritos Crema y Especias 354g,Snacks y Sabritas,40.71,27
PROD-UNI-02816,McCormick Sopa de Tomate Botella 370ml,Abarrotes y Despensa,60.71,60
PROD-UNI-02817,Peñafiel Refresco de Naranja Familia 2L,Bebidas y Refrescos,16.39,84
PROD-UNI-02818,Gamesa Donas Sal y Limón 66g,Snacks y Sabritas,17.91,172
PROD-UNI-02819,Marinela Crujitos Con Limón 132g,Snacks y Sabritas,33.48,298
PROD-UNI-02820,La Corona Chokis Adobadas 158g,Snacks y Sabritas,39.79,72
PROD-UNI-02821,Ricolino Cheetos Crujientes 79g,Snacks y Sabritas,37.93,155
PROD-UNI-02822,Ricolino Crujitos Queso Nacho 283g,Snacks y Sabritas,14.09,255
PROD-UNI-02823,La Corona Takis Habanero 120g,Snacks y Sabritas,22.09,135
PROD-UNI-02824,Ricolino Totis Queso y Chile 295g,Snacks y Sabritas,50.77,226
PROD-UNI-02825,Krilin Donas Flaming Hot 184g,Snacks y Sabritas,51.77,124
PROD-UNI-02826,Marinela Bubulubu Extreme 409g,Snacks y Sabritas,16.66,151
PROD-UNI-02827,La Corona Bubulubu Extreme 441g,Snacks y Sabritas,49.86,46
PROD-UNI-02828,Ciel Refrescos de Cola No Retornable 500ml,Bebidas y Refrescos,45.86,175
PROD-UNI-02829,Marinela Papas Flaming Hot 168g,Snacks y Sabritas,19.83,35
PROD-UNI-02830,Alpura Leche Deslactosada Caja 500g,Abarrotes y Despensa,67.52,187
PROD-UNI-02831,Sabritas Gansito Crujientes 125g,Snacks y Sabritas,53.77,147
PROD-UNI-02832,Herdez Salsa Valentina Lata 220g,Abarrotes y Despensa,51.28,281
PROD-UNI-02833,Del Valle Néctar de Mango No Retornable 500ml,Bebidas y Refrescos,26.63,172
PROD-UNI-02834,La Costeña Leche Deslactosada Pouch 200g,Abarrotes y Despensa,36.01,148
PROD-UNI-02835,Bimbo Paleta Payaso Con Limón 311g,Snacks y Sabritas,19.28,204
PROD-UNI-02836,Ricolino Gansito Fuego 92g,Snacks y Sabritas,15.26,195
PROD-UNI-02837,Ricolino Saladitas Fuego 86g,Snacks y Sabritas,32.36,174
PROD-UNI-02838,Bimbo Donas Con Limón 50g,Snacks y Sabritas,14.72,212
PROD-UNI-02839,Barcel Takis Adobadas 115g,Snacks y Sabritas,50.77,107
PROD-UNI-02840,Grupo Modelo Té Verde Lata 355ml,Bebidas y Refrescos,29.6,183
PROD-UNI-02841,Bimex Sopa de Tomate Pouch 200g,Abarrotes y Despensa,48.74,167
PROD-UNI-02842,Sabritas Saladitas Sal Marina 210g,Snacks y Sabritas,16.92,58
PROD-UNI-02843,Lala Chocolate en Polvo Caja 500g,Abarrotes y Despensa,52.87,83
PROD-UNI-02844,PepsiCo Bebida Isotónica Botella 1L,Bebidas y Refrescos,37.7,68
PROD-UNI-02845,Barcel Takis Queso Nacho 54g,Snacks y Sabritas,24.27,176
PROD-UNI-02846,Totis Emperador Fuego 143g,Snacks y Sabritas,48.39,203
PROD-UNI-02847,Totis Donas Queso y Chile 355g,Snacks y Sabritas,47.95,229
PROD-UNI-02848,Bimbo Totis Fuego 44g,Snacks y Sabritas,27.89,255
PROD-UNI-02849,Churrumais Donas Habanero 125g,Snacks y Sabritas,14.35,182
PROD-UNI-02850,Del Valle Agua Purificada No Retornable 500ml,Bebidas y Refrescos,23.38,176
PROD-UNI-02851,Sabritas Cheetos Originales 140g,Snacks y Sabritas,28.22,251
PROD-UNI-02852,Gamesa Chokis Crema y Especias 328g,Snacks y Sabritas,53.46,269
PROD-UNI-02853,Sidral Mundet Néctar de Mango Lata 473ml,Bebidas y Refrescos,15.29,90
PROD-UNI-02854,Churrumais Emperador Crujientes 312g,Snacks y Sabritas,46.39,103
PROD-UNI-02855,Churrumais Chips Extreme 447g,Snacks y Sabritas,35.02,118
PROD-UNI-02856,Barcel Cheetos Queso Nacho 412g,Snacks y Sabritas,20.31,259
PROD-UNI-02857,Ricolino Saladitas Originales 200g,Snacks y Sabritas,29.13,68
PROD-UNI-02858,Krilin Saladitas Sal Marina 326g,Snacks y Sabritas,47.65,244
PROD-UNI-02859,Churrumais Donas Originales 206g,Snacks y Sabritas,41.31,147
PROD-UNI-02860,Mafer cacahuates Crujientes 419g,Snacks y Sabritas,40.99,106
PROD-UNI-02861,Mafer Papas Queso Nacho 365g,Snacks y Sabritas,40.4,297
PROD-UNI-02862,Sonrics Kranky Flaming Hot 91g,Snacks y Sabritas,18.1,147
PROD-UNI-02863,Nestlé Chiles Jalapeños Lata 140g,Abarrotes y Despensa,34.6,165
PROD-UNI-02864,Mafer Takis Fuego 79g,Snacks y Sabritas,46.75,184
PROD-UNI-02865,Nestlé Atún en Aceite Lata 220g,Abarrotes y Despensa,32.96,105
PROD-UNI-02866,Ricolino Paleta Payaso Habanero 373g,Snacks y Sabritas,16.11,146
PROD-UNI-02867,Sonrics Emperador Sal Marina 276g,Snacks y Sabritas,24.59,16
PROD-UNI-02868,Totis cacahuates Sal y Limón 204g,Snacks y Sabritas,37.65,52
PROD-UNI-02869,Gamesa Crujitos Crujientes 414g,Snacks y Sabritas,51.07,271
PROD-UNI-02870,Nestlé Cereal de Maíz Lata 220g,Abarrotes y Despensa,18.99,203
PROD-UNI-02871,Grupo Modelo Bebida Energética Botella 1L,Bebidas y Refrescos,16.24,44
PROD-UNI-02872,PepsiCo Néctar de Durazno Pak 4x500ml,Bebidas y Refrescos,35.63,17
PROD-UNI-02873,Bimbo Cheetos Con Limón 360g,Snacks y Sabritas,25.71,48
PROD-UNI-02874,Lala Leche Entera 1L,Abarrotes y Despensa,83.26,84
PROD-UNI-02875,Bimex Mayonesa Botella 370ml,Abarrotes y Despensa,44.6,216
PROD-UNI-02876,Krilin Bubulubu Habanero 375g,Snacks y Sabritas,53.8,27
PROD-UNI-02877,Ricolino Saladitas Adobadas 130g,Snacks y Sabritas,33.2,296
PROD-UNI-02878,La Corona Donas Adobadas 56g,Snacks y Sabritas,16.53,27
PROD-UNI-02879,Del Valle Bebida Isotónica Familia 2L,Bebidas y Refrescos,36.41,182
PROD-UNI-02880,Grupo Modelo Refresco de Toronja No Retornable 500ml,Bebidas y Refrescos,23.86,284
PROD-UNI-02881,PepsiCo Refresco de Manzana Lata 355ml,Bebidas y Refrescos,44.98,272
PROD-UNI-02882,Clamato Refresco de Naranja Pak 4x500ml,Bebidas y Refrescos,36.56,46
PROD-UNI-02883,Gamesa Emperador Con Limón 185g,Snacks y Sabritas,46.44,250
PROD-UNI-02884,Bimex Leche Entera Caja 500g,Abarrotes y Despensa,31.63,285
PROD-UNI-02885,Coca-Cola Company Refresco de Naranja Pak 4x500ml,Bebidas y Refrescos,16.88,183
PROD-UNI-02886,Clamato Refrescos de Cola No Retornable 500ml,Bebidas y Refrescos,38.23,257
PROD-UNI-02887,Sidral Mundet Refrescos de Cola No Retornable 500ml,Bebidas y Refrescos,14.34,285
PROD-UNI-02888,Ricolino Donas Habanero 342g,Snacks y Sabritas,20.3,25
PROD-UNI-02889,Bimex Mayonesa Frasco 400g,Abarrotes y Despensa,47.08,186
PROD-UNI-02890,Fuze Tea Refresco de Manzana Familia 2L,Bebidas y Refrescos,28.75,238
PROD-UNI-02891,Jumex Agua Mineral Vidrio 400ml,Bebidas y Refrescos,34.21,236
PROD-UNI-02892,Bimbo Gansito Queso y Chile 93g,Snacks y Sabritas,22.08,105
PROD-UNI-02893,Clamato Refrescos de Cola Botella 1L,Bebidas y Refrescos,32.13,105
PROD-UNI-02894,Sabritas Crujitos Crujientes 173g,Snacks y Sabritas,23.55,94
PROD-UNI-02895,Mafer Chokis Crujientes 403g,Snacks y Sabritas,22.5,61
PROD-UNI-02896,Bonafont Té Verde Lata 473ml,Bebidas y Refrescos,41.56,44
PROD-UNI-02897,Duvalin Donas Originales 94g,Snacks y Sabritas,25.77,162
PROD-UNI-02898,Coca-Cola Company Té Verde Familia 2L,Bebidas y Refrescos,46.57,216
PROD-UNI-02899,Ricolino Chokis Fuego 46g,Snacks y Sabritas,22.58,240
PROD-UNI-02900,Bonafont Refresco de Toronja Familia 2L,Bebidas y Refrescos,23.1,54
PROD-UNI-02901,Coca-Cola Company Té Negro 600ml,Bebidas y Refrescos,14.88,179
PROD-UNI-02902,PepsiCo Refresco de Manzana 600ml,Bebidas y Refrescos,30.66,48
PROD-UNI-02903,Mafer Cheetos Flaming Hot 418g,Snacks y Sabritas,36.19,132
PROD-UNI-02904,Bimbo cacahuates Adobadas 331g,Snacks y Sabritas,41.11,170
PROD-UNI-02905,Sabritas Saladitas Fuego 335g,Snacks y Sabritas,16.26,259
PROD-UNI-02906,La Corona Paleta Payaso Queso Nacho 154g,Snacks y Sabritas,23.1,212
PROD-UNI-02907,Knorr Chocolate en Polvo Pouch 200g,Abarrotes y Despensa,67.23,57
PROD-UNI-02908,Alpura Leche Entera Caja 500g,Abarrotes y Despensa,78.12,34
PROD-UNI-02909,Alpura Leche Entera Pouch 200g,Abarrotes y Despensa,79.35,224
PROD-UNI-02910,Boing Refresco de Manzana Familia 2L,Bebidas y Refrescos,44.18,290
PROD-UNI-02911,Churrumais Takis Originales 385g,Snacks y Sabritas,41.09,54
PROD-UNI-02912,Mafer Saladitas Crujientes 430g,Snacks y Sabritas,53.43,298
PROD-UNI-02913,Grupo Modelo Refrescos de Cola Lata 473ml,Bebidas y Refrescos,30.71,124
PROD-UNI-02914,Herdez Atún en Aceite Lata 220g,Abarrotes y Despensa,21.1,227
PROD-UNI-02915,Peñafiel Refrescos de Cola Lata 355ml,Bebidas y Refrescos,39.55,262
PROD-UNI-02916,Churrumais Crujitos Adobadas 399g,Snacks y Sabritas,33.68,127
PROD-UNI-02917,Fuze Tea Bebida Energética Vidrio 400ml,Bebidas y Refrescos,24.47,266
PROD-UNI-02918,Sabritas Totis Habanero 333g,Snacks y Sabritas,25.85,173
PROD-UNI-02919,Fuze Tea Té Verde Lata 473ml,Bebidas y Refrescos,34.11,144
PROD-UNI-02920,Gamesa Papas Originales 430g,Snacks y Sabritas,30.47,91
PROD-UNI-02921,Clamato Agua Purificada Familia 2L,Bebidas y Refrescos,47.15,173
PROD-UNI-02922,Krilin Totis Originales 417g,Snacks y Sabritas,12.14,98
PROD-UNI-02923,Bonafont Refresco de Toronja Vidrio 400ml,Bebidas y Refrescos,37.77,164
PROD-UNI-02924,Ciel Té Verde Lata 473ml,Bebidas y Refrescos,23.92,240
PROD-UNI-02925,Krilin Takis Queso Nacho 229g,Snacks y Sabritas,25.72,223
PROD-UNI-02926,Lala Cereal de Maíz 1L,Abarrotes y Despensa,29.05,118
PROD-UNI-02927,Mafer Saladitas Fuego 338g,Snacks y Sabritas,48.13,102
PROD-UNI-02928,Sabritas Donas Extreme 207g,Snacks y Sabritas,34.06,67
PROD-UNI-02929,Peñafiel Refresco de Toronja Familia 2L,Bebidas y Refrescos,27.96,209
PROD-UNI-02930,Duvalin Fritos Habanero 87g,Snacks y Sabritas,52.7,290
PROD-UNI-02931,Totis Emperador Queso Nacho 97g,Snacks y Sabritas,16.45,184
PROD-UNI-02932,Coca-Cola Company Té Negro No Retornable 500ml,Bebidas y Refrescos,25.91,246
PROD-UNI-02933,Fuze Tea Té Verde Pak 4x500ml,Bebidas y Refrescos,40.69,19
PROD-UNI-02934,La Corona Chips Sal y Limón 281g,Snacks y Sabritas,46.37,58
PROD-UNI-02935,Herdez Sopa de Tomate Pouch 200g,Abarrotes y Despensa,33.87,19
PROD-UNI-02936,Bimbo Kranky Habanero 138g,Snacks y Sabritas,24.78,114
PROD-UNI-02937,Totis Gansito Habanero 143g,Snacks y Sabritas,34.13,241
PROD-UNI-02938,Barcel Chips Extreme 154g,Snacks y Sabritas,12.97,200
PROD-UNI-02939,Sonrics Donas Con Limón 296g,Snacks y Sabritas,37.04,22
PROD-UNI-02940,Gamesa Cheetos Extreme 156g,Snacks y Sabritas,16.69,92
PROD-UNI-02941,Jarritos Agua Mineral No Retornable 500ml,Bebidas y Refrescos,15.69,45
PROD-UNI-02942,Alpura Chocolate en Polvo Lata 140g,Abarrotes y Despensa,21.66,269
PROD-UNI-02943,Sonrics Bubulubu Con Limón 409g,Snacks y Sabritas,45.61,148
PROD-UNI-02944,Peñafiel Néctar de Mango No Retornable 500ml,Bebidas y Refrescos,20.58,153
PROD-UNI-02945,Coca-Cola Company Refresco de Toronja Lata 355ml,Bebidas y Refrescos,17.38,180
PROD-UNI-02946,Bimbo Saladitas Originales 86g,Snacks y Sabritas,20.81,30
PROD-UNI-02947,Barcel Donas Flaming Hot 411g,Snacks y Sabritas,13.03,223
PROD-UNI-02948,Duvalin Takis Queso Nacho 133g,Snacks y Sabritas,40.65,160
PROD-UNI-02949,Churrumais Takis Queso y Chile 364g,Snacks y Sabritas,25.41,275
PROD-UNI-02950,Jarritos Refresco de Toronja Lata 473ml,Bebidas y Refrescos,26.63,105
PROD-UNI-02951,Sidral Mundet Néctar de Mango Familia 2L,Bebidas y Refrescos,29.36,189
PROD-UNI-02952,Totis Saladitas Crujientes 302g,Snacks y Sabritas,37.05,174
PROD-UNI-02953,Totis Emperador Adobadas 449g,Snacks y Sabritas,46.69,77
PROD-UNI-02954,Herdez Atún en Aceite Frasco 400g,Abarrotes y Despensa,19.21,214
PROD-UNI-02955,Sonrics Bubulubu Crema y Especias 105g,Snacks y Sabritas,53.04,177
PROD-UNI-02956,Bimbo Chips Crema y Especias 231g,Snacks y Sabritas,52.82,191
PROD-UNI-02957,Herdez Sopa de Tomate Lata 220g,Abarrotes y Despensa,44.18,238
PROD-UNI-02958,Marinela Chips Crujientes 97g,Snacks y Sabritas,51.9,211
PROD-UNI-02959,Mafer Donas Adobadas 135g,Snacks y Sabritas,37.78,108
PROD-UNI-02960,Boing Té Negro Botella 1L,Bebidas y Refrescos,25.41,21
PROD-UNI-02961,La Costeña Salsa Valentina Lata 220g,Abarrotes y Despensa,35.29,263
PROD-UNI-02962,Jarritos Bebida Energética 600ml,Bebidas y Refrescos,46.83,130
PROD-UNI-02963,Bimex Frijoles Bayos Pouch 200g,Abarrotes y Despensa,27.37,264
PROD-UNI-02964,Duvalin Gansito Queso y Chile 399g,Snacks y Sabritas,13.1,277
PROD-UNI-02965,Bimex Chocolate en Polvo Lata 140g,Abarrotes y Despensa,76.81,79
PROD-UNI-02966,Herdez Chiles Jalapeños Frasco 400g,Abarrotes y Despensa,53.51,253
PROD-UNI-02967,Jumex Néctar de Durazno 600ml,Bebidas y Refrescos,19.47,200
PROD-UNI-02968,Krilin cacahuates Crujientes 322g,Snacks y Sabritas,16.55,137
PROD-UNI-02969,La Corona Chips Adobadas 140g,Snacks y Sabritas,42.08,99
PROD-UNI-02970,La Costeña Chocolate en Polvo Frasco 400g,Abarrotes y Despensa,84.18,295
PROD-UNI-02971,Bimex Frijoles Bayos Botella 370ml,Abarrotes y Despensa,60.88,82
PROD-UNI-02972,Jarritos Bebida Isotónica No Retornable 500ml,Bebidas y Refrescos,27.32,170
PROD-UNI-02973,Marinela Paleta Payaso Flaming Hot 412g,Snacks y Sabritas,46.87,37
PROD-UNI-02974,San Marcos Atún en Aceite Lata 140g,Abarrotes y Despensa,63.45,228
PROD-UNI-02975,Sabritas Emperador Originales 287g,Snacks y Sabritas,25.33,267
PROD-UNI-02976,Bonafont Té Negro Pak 4x500ml,Bebidas y Refrescos,22.39,178
PROD-UNI-02977,Churrumais Bubulubu Originales 307g,Snacks y Sabritas,41.37,17
PROD-UNI-02978,Bonafont Refresco de Toronja Pak 4x500ml,Bebidas y Refrescos,16.79,49
PROD-UNI-02979,Peñafiel Té Negro Lata 473ml,Bebidas y Refrescos,45.72,138
PROD-UNI-02980,Mafer Takis Extreme 299g,Snacks y Sabritas,46.99,250
PROD-UNI-02981,Ricolino Chokis Queso Nacho 294g,Snacks y Sabritas,52.06,216
PROD-UNI-02982,Fuze Tea Néctar de Mango Vidrio 400ml,Bebidas y Refrescos,47.89,149
PROD-UNI-02983,Barcel Crujitos Sal y Limón 64g,Snacks y Sabritas,13.39,159
PROD-UNI-02984,Sabritas Chokis Extreme 198g,Snacks y Sabritas,41.65,124
PROD-UNI-02985,Del Valle Refresco de Naranja Botella 1L,Bebidas y Refrescos,14.67,233
PROD-UNI-02986,Marinela Fritos Flaming Hot 242g,Snacks y Sabritas,20.91,254
PROD-UNI-02987,Gamesa Paleta Payaso Fuego 414g,Snacks y Sabritas,54.73,59
PROD-UNI-02988,San Marcos Cereal de Maíz Pouch 200g,Abarrotes y Despensa,71.92,104
PROD-UNI-02989,Gamesa Donas Extreme 418g,Snacks y Sabritas,37.32,133
PROD-UNI-02990,Churrumais Kranky Queso y Chile 346g,Snacks y Sabritas,24.66,202
PROD-UNI-02991,Sidral Mundet Té Verde Lata 355ml,Bebidas y Refrescos,27.83,183
PROD-UNI-02992,Barcel Emperador Adobadas 165g,Snacks y Sabritas,17.21,278
PROD-UNI-02993,Barcel Gansito Con Limón 78g,Snacks y Sabritas,50.7,146
PROD-UNI-02994,Totis Emperador Crujientes 62g,Snacks y Sabritas,36.86,50
PROD-UNI-02995,Sidral Mundet Néctar de Durazno Botella 1L,Bebidas y Refrescos,26.77,59
PROD-UNI-02996,Bimbo Paleta Payaso Sal Marina 290g,Snacks y Sabritas,28.63,64
PROD-UNI-02997,Marinela cacahuates Queso y Chile 85g,Snacks y Sabritas,34.78,289
PROD-UNI-02998,San Marcos Salsa Valentina Lata 220g,Abarrotes y Despensa,65.16,87
PROD-UNI-02999,La Costeña Cereal de Maíz Frasco 400g,Abarrotes y Despensa,64.52,253
PROD-UNI-03000,Bonafont Agua Purificada Lata 355ml,Bebidas y Refrescos,28.03,162
PROD-UNI-03001,Herdez Sopa de Tomate Caja 500g,Abarrotes y Despensa,49.89,119
PROD-UNI-03002,Alpura Chocolate en Polvo Botella 370ml,Abarrotes y Despensa,22.59,210
PROD-UNI-03003,PepsiCo Agua Purificada Botella 1L,Bebidas y Refrescos,34.06,70
PROD-UNI-03004,Mafer Takis Queso Nacho 346g,Snacks y Sabritas,15.65,151
PROD-UNI-03005,Gamesa Cheetos Queso y Chile 109g,Snacks y Sabritas,28.97,225
PROD-UNI-03006,Barcel cacahuates Adobadas 142g,Snacks y Sabritas,45.27,221
PROD-UNI-03007,Ricolino Papas Originales 132g,Snacks y Sabritas,30.63,168
PROD-UNI-03008,Churrumais Kranky Queso Nacho 308g,Snacks y Sabritas,42.38,54
PROD-UNI-03009,Gamesa Bubulubu Habanero 31g,Snacks y Sabritas,47.14,25
PROD-UNI-03010,Bimbo Takis Habanero 125g,Snacks y Sabritas,44.5,255
PROD-UNI-03011,Sabritas Cheetos Queso Nacho 166g,Snacks y Sabritas,48.96,271
PROD-UNI-03012,Marinela Kranky Crema y Especias 267g,Snacks y Sabritas,21.48,139
PROD-UNI-03013,Herdez Leche Entera 1L,Abarrotes y Despensa,60.34,245
PROD-UNI-03014,Fuze Tea Agua Mineral Botella 1L,Bebidas y Refrescos,43.84,274
PROD-UNI-03015,Ricolino Emperador Crujientes 196g,Snacks y Sabritas,35.42,266
PROD-UNI-03016,Del Valle Refresco de Toronja Familia 2L,Bebidas y Refrescos,41.21,45
PROD-UNI-03017,La Corona Paleta Payaso Flaming Hot 121g,Snacks y Sabritas,47.26,252
PROD-UNI-03018,Gamesa Paleta Payaso Adobadas 273g,Snacks y Sabritas,51.88,203
PROD-UNI-03019,Alpura Atún en Aceite Caja 500g,Abarrotes y Despensa,23.36,80
PROD-UNI-03020,Barcel Saladitas Flaming Hot 422g,Snacks y Sabritas,41.7,227
PROD-UNI-03021,Knorr Sopa de Tomate Pouch 200g,Abarrotes y Despensa,62.92,83
PROD-UNI-03022,Alpura Chocolate en Polvo Lata 220g,Abarrotes y Despensa,60.53,52
PROD-UNI-03023,Lala Chocolate en Polvo Lata 220g,Abarrotes y Despensa,61.29,268
PROD-UNI-03024,Barcel cacahuates Flaming Hot 307g,Snacks y Sabritas,43.65,43
PROD-UNI-03025,Bimbo Gansito Habanero 103g,Snacks y Sabritas,19.95,36
PROD-UNI-03026,Churrumais Saladitas Originales 315g,Snacks y Sabritas,53.55,266
PROD-UNI-03027,Barcel Papas Queso y Chile 366g,Snacks y Sabritas,13.93,157
PROD-UNI-03028,Boing Refrescos de Cola Botella 1L,Bebidas y Refrescos,35.45,103
PROD-UNI-03029,Mafer Papas Sal Marina 297g,Snacks y Sabritas,26.19,167
PROD-UNI-03030,La Corona Donas Queso y Chile 204g,Snacks y Sabritas,34.88,129
PROD-UNI-03031,Sabritas Chokis Originales 315g,Snacks y Sabritas,35.98,265
PROD-UNI-03032,Krilin Papas Con Limón 326g,Snacks y Sabritas,54.67,71
PROD-UNI-03033,Lala Frijoles Bayos Lata 220g,Abarrotes y Despensa,78.89,138
PROD-UNI-03034,Lala Chiles Jalapeños 1L,Abarrotes y Despensa,76.92,225
PROD-UNI-03035,Jarritos Agua Mineral 600ml,Bebidas y Refrescos,36.9,200
PROD-UNI-03036,Bonafont Néctar de Mango Pak 4x500ml,Bebidas y Refrescos,23.79,275
PROD-UNI-03037,San Marcos Frijoles Bayos 1L,Abarrotes y Despensa,63.29,211
PROD-UNI-03038,San Marcos Sopa de Tomate Botella 370ml,Abarrotes y Despensa,23.65,206
PROD-UNI-03039,Coca-Cola Company Refrescos de Cola Lata 473ml,Bebidas y Refrescos,19.06,172
PROD-UNI-03040,Sonrics Donas Originales 93g,Snacks y Sabritas,49.26,85
PROD-UNI-03041,Duvalin Crujitos Extreme 203g,Snacks y Sabritas,29.29,277
PROD-UNI-03042,Barcel Gansito Crujientes 37g,Snacks y Sabritas,53.41,250
PROD-UNI-03043,Totis Bubulubu Crema y Especias 273g,Snacks y Sabritas,28.31,133
PROD-UNI-03044,Jumex Té Verde Lata 473ml,Bebidas y Refrescos,45.59,38
PROD-UNI-03045,Sonrics Chips Con Limón 195g,Snacks y Sabritas,32.96,221
PROD-UNI-03046,Ciel Refrescos de Cola Vidrio 400ml,Bebidas y Refrescos,41.92,215
PROD-UNI-03047,Barcel Bubulubu Adobadas 193g,Snacks y Sabritas,26.13,283
PROD-UNI-03048,Grupo Modelo Agua Purificada Vidrio 400ml,Bebidas y Refrescos,14.04,120
PROD-UNI-03049,Barcel Bubulubu Crujientes 351g,Snacks y Sabritas,40.69,240
PROD-UNI-03050,Barcel Fritos Crujientes 147g,Snacks y Sabritas,45.81,285
PROD-UNI-03051,Bimbo Chips Con Limón 435g,Snacks y Sabritas,16.94,163
PROD-UNI-03052,Gamesa cacahuates Habanero 401g,Snacks y Sabritas,20.45,226
PROD-UNI-03053,Herdez Frijoles Bayos Botella 370ml,Abarrotes y Despensa,76.18,70
PROD-UNI-03054,Mafer Totis Con Limón 232g,Snacks y Sabritas,15.19,253
PROD-UNI-03055,Marinela Totis Crema y Especias 392g,Snacks y Sabritas,53.56,82
PROD-UNI-03056,Duvalin Takis Sal y Limón 341g,Snacks y Sabritas,43.76,130
PROD-UNI-03057,Krilin Papas Originales 353g,Snacks y Sabritas,19.3,25
PROD-UNI-03058,Ricolino Papas Sal y Limón 161g,Snacks y Sabritas,50.93,156
PROD-UNI-03059,La Corona Donas Crujientes 282g,Snacks y Sabritas,41.57,190
PROD-UNI-03060,Sabritas Chips Fuego 180g,Snacks y Sabritas,50.91,171
PROD-UNI-03061,Fuze Tea Agua Mineral Vidrio 400ml,Bebidas y Refrescos,22.96,237
PROD-UNI-03062,Peñafiel Té Verde No Retornable 500ml,Bebidas y Refrescos,25.45,89
PROD-UNI-03063,Coca-Cola Company Refresco de Toronja Lata 473ml,Bebidas y Refrescos,18.18,208
PROD-UNI-03064,Totis Gansito Con Limón 174g,Snacks y Sabritas,50.09,213
PROD-UNI-03065,Churrumais Saladitas Habanero 142g,Snacks y Sabritas,49.32,58
PROD-UNI-03066,Sonrics Donas Fuego 91g,Snacks y Sabritas,26.8,261
PROD-UNI-03067,Barcel Chokis Originales 380g,Snacks y Sabritas,35.74,251
PROD-UNI-03068,Jarritos Refresco de Manzana Vidrio 400ml,Bebidas y Refrescos,22.49,95
PROD-UNI-03069,Sonrics Chokis Sal Marina 206g,Snacks y Sabritas,24.68,125
PROD-UNI-03070,Herdez Chiles Jalapeños 1L,Abarrotes y Despensa,78.65,300
PROD-UNI-03071,Ciel Té Verde Lata 355ml,Bebidas y Refrescos,47.66,164
PROD-UNI-03072,Bimbo Totis Flaming Hot 272g,Snacks y Sabritas,26.1,151
PROD-UNI-03073,La Corona Bubulubu Crujientes 427g,Snacks y Sabritas,30.73,300
PROD-UNI-03074,Knorr Cereal de Maíz Caja 500g,Abarrotes y Despensa,70.66,289
PROD-UNI-03075,Bimbo Papas Sal y Limón 33g,Snacks y Sabritas,37.74,274
PROD-UNI-03076,Ricolino Papas Sal Marina 276g,Snacks y Sabritas,43.84,97
PROD-UNI-03077,Herdez Sopa de Tomate Frasco 400g,Abarrotes y Despensa,65.26,85
PROD-UNI-03078,Grupo Modelo Té Verde Familia 2L,Bebidas y Refrescos,27.44,45
PROD-UNI-03079,Knorr Leche Entera 1L,Abarrotes y Despensa,38.7,62
PROD-UNI-03080,Bimex Leche Deslactosada Lata 140g,Abarrotes y Despensa,62.28,22
PROD-UNI-03081,Alpura Cereal de Maíz Pouch 200g,Abarrotes y Despensa,39.83,244
PROD-UNI-03082,Lala Atún en Aceite 1L,Abarrotes y Despensa,63.72,190
PROD-UNI-03083,Bimbo Donas Crujientes 441g,Snacks y Sabritas,28,271
PROD-UNI-03084,Bimbo Gansito Crujientes 155g,Snacks y Sabritas,38.8,281
PROD-UNI-03085,Gamesa Kranky Sal Marina 168g,Snacks y Sabritas,49.28,129
PROD-UNI-03086,Boing Bebida Energética No Retornable 500ml,Bebidas y Refrescos,34.37,255
PROD-UNI-03087,Gamesa Papas Crujientes 138g,Snacks y Sabritas,47.26,204
PROD-UNI-03088,Totis Bubulubu Con Limón 197g,Snacks y Sabritas,19.63,145
PROD-UNI-03089,Krilin Gansito Con Limón 152g,Snacks y Sabritas,30.35,241
PROD-UNI-03090,Barcel cacahuates Con Limón 168g,Snacks y Sabritas,32.79,203
PROD-UNI-03091,Sonrics Saladitas Crema y Especias 299g,Snacks y Sabritas,43.52,262
PROD-UNI-03092,Marinela Paleta Payaso Con Limón 261g,Snacks y Sabritas,43.9,164
PROD-UNI-03093,Ricolino Totis Queso Nacho 322g,Snacks y Sabritas,22.89,62
PROD-UNI-03094,Sonrics Chips Extreme 160g,Snacks y Sabritas,13.2,72
PROD-UNI-03095,Coca-Cola Company Néctar de Durazno Pak 4x500ml,Bebidas y Refrescos,28.09,125
PROD-UNI-03096,Grupo Modelo Refresco de Toronja 600ml,Bebidas y Refrescos,20.18,51
PROD-UNI-03097,Barcel Takis Fuego 61g,Snacks y Sabritas,41.88,96
PROD-UNI-03098,Barcel Gansito Sal Marina 167g,Snacks y Sabritas,54.33,24
PROD-UNI-03099,Gamesa cacahuates Queso y Chile 87g,Snacks y Sabritas,18.33,153
PROD-UNI-03100,Nestlé Frijoles Bayos Pouch 200g,Abarrotes y Despensa,37.53,174
PROD-UNI-03101,Knorr Chocolate en Polvo Lata 220g,Abarrotes y Despensa,47.85,223
PROD-UNI-03102,Totis Cheetos Originales 295g,Snacks y Sabritas,13.3,90
PROD-UNI-03103,Herdez Chocolate en Polvo Pouch 200g,Abarrotes y Despensa,51.63,207
PROD-UNI-03104,Marinela Bubulubu Habanero 266g,Snacks y Sabritas,39.22,164
PROD-UNI-03105,Alpura Cereal de Maíz Lata 220g,Abarrotes y Despensa,50.01,146
PROD-UNI-03106,Sidral Mundet Bebida Energética No Retornable 500ml,Bebidas y Refrescos,17.73,40
PROD-UNI-03107,La Corona Saladitas Habanero 78g,Snacks y Sabritas,22.4,284
PROD-UNI-03108,Sonrics Paleta Payaso Flaming Hot 230g,Snacks y Sabritas,32.15,200
PROD-UNI-03109,Ricolino Cheetos Habanero 241g,Snacks y Sabritas,45.62,155
PROD-UNI-03110,Jumex Agua Purificada No Retornable 500ml,Bebidas y Refrescos,15.74,238
PROD-UNI-03111,Duvalin Papas Adobadas 110g,Snacks y Sabritas,38.03,282
PROD-UNI-03112,Fuze Tea Néctar de Mango Lata 473ml,Bebidas y Refrescos,27.4,299
PROD-UNI-03113,Fuze Tea Agua Purificada Lata 355ml,Bebidas y Refrescos,31.44,32
PROD-UNI-03114,Jumex Agua Purificada 600ml,Bebidas y Refrescos,20.25,176
PROD-UNI-03115,Totis Paleta Payaso Habanero 221g,Snacks y Sabritas,13.11,249
PROD-UNI-03116,Lala Frijoles Bayos Botella 370ml,Abarrotes y Despensa,70.11,252
PROD-UNI-03117,Ricolino Fritos Crujientes 119g,Snacks y Sabritas,39.61,279
PROD-UNI-03118,Barcel Crujitos Flaming Hot 224g,Snacks y Sabritas,19.62,157
PROD-UNI-03119,Mafer Cheetos Queso y Chile 276g,Snacks y Sabritas,39.63,119
PROD-UNI-03120,Sabritas Fritos Sal Marina 427g,Snacks y Sabritas,43.56,147
PROD-UNI-03121,Del Valle Agua Mineral Pak 4x500ml,Bebidas y Refrescos,26.01,63
PROD-UNI-03122,Barcel Crujitos Adobadas 365g,Snacks y Sabritas,46.3,181
PROD-UNI-03123,Bimbo Papas Crujientes 282g,Snacks y Sabritas,33.13,298
PROD-UNI-03124,Barcel Donas Originales 338g,Snacks y Sabritas,46.62,145
PROD-UNI-03125,Fuze Tea Refresco de Naranja Familia 2L,Bebidas y Refrescos,47.65,185
PROD-UNI-03126,Duvalin Gansito Sal y Limón 132g,Snacks y Sabritas,12.5,235
PROD-UNI-03127,La Costeña Mayonesa Lata 220g,Abarrotes y Despensa,61.82,244
PROD-UNI-03128,Ciel Refrescos de Cola Pak 4x500ml,Bebidas y Refrescos,28.83,278
PROD-UNI-03129,Bimbo Paleta Payaso Habanero 219g,Snacks y Sabritas,29.55,153
PROD-UNI-03130,Ciel Agua Purificada Familia 2L,Bebidas y Refrescos,17.55,187
PROD-UNI-03131,Krilin Totis Extreme 128g,Snacks y Sabritas,51.62,264
PROD-UNI-03132,Peñafiel Refrescos de Cola 600ml,Bebidas y Refrescos,20.37,216
PROD-UNI-03133,Krilin cacahuates Sal y Limón 159g,Snacks y Sabritas,44.79,167
PROD-UNI-03134,Fuze Tea Bebida Energética Familia 2L,Bebidas y Refrescos,36.11,265
PROD-UNI-03135,Fuze Tea Té Negro Familia 2L,Bebidas y Refrescos,26.31,260
PROD-UNI-03136,Jarritos Refrescos de Cola Vidrio 400ml,Bebidas y Refrescos,15.77,29
PROD-UNI-03137,Marinela Cheetos Sal Marina 190g,Snacks y Sabritas,15.12,148
PROD-UNI-03138,Fuze Tea Refrescos de Cola Lata 355ml,Bebidas y Refrescos,20.98,144
PROD-UNI-03139,PepsiCo Agua Mineral Familia 2L,Bebidas y Refrescos,46.38,112
PROD-UNI-03140,Sabritas Papas Queso y Chile 253g,Snacks y Sabritas,16.08,135
PROD-UNI-03141,Ricolino Emperador Originales 373g,Snacks y Sabritas,18.82,296
PROD-UNI-03142,Boing Jugo de Manzana Lata 473ml,Bebidas y Refrescos,24.74,25
PROD-UNI-03143,Fuze Tea Jugo de Manzana Vidrio 400ml,Bebidas y Refrescos,28.91,31
PROD-UNI-03144,Ricolino Paleta Payaso Adobadas 259g,Snacks y Sabritas,51.23,245
PROD-UNI-03145,Nestlé Cereal de Maíz Lata 140g,Abarrotes y Despensa,81.92,18
PROD-UNI-03146,Sabritas Crujitos Habanero 418g,Snacks y Sabritas,21,153
PROD-UNI-03147,Jumex Refrescos de Cola Lata 473ml,Bebidas y Refrescos,37.26,287
PROD-UNI-03148,Sabritas Takis Adobadas 123g,Snacks y Sabritas,41.68,106
PROD-UNI-03149,Mafer Fritos Crema y Especias 339g,Snacks y Sabritas,20.8,245
PROD-UNI-03150,Sidral Mundet Agua Purificada 600ml,Bebidas y Refrescos,47.35,249
PROD-UNI-03151,Lala Leche Entera Caja 500g,Abarrotes y Despensa,37.89,164
PROD-UNI-03152,Ciel Refrescos de Cola Lata 473ml,Bebidas y Refrescos,26.5,83
PROD-UNI-03153,Sidral Mundet Té Negro 600ml,Bebidas y Refrescos,30.75,90
PROD-UNI-03154,Alpura Chiles Jalapeños Caja 500g,Abarrotes y Despensa,39.05,211
PROD-UNI-03155,PepsiCo Néctar de Mango Lata 355ml,Bebidas y Refrescos,36.05,162
PROD-UNI-03156,McCormick Frijoles Bayos Lata 220g,Abarrotes y Despensa,83.73,220
PROD-UNI-03157,Coca-Cola Company Jugo de Manzana Vidrio 400ml,Bebidas y Refrescos,25.32,228
PROD-UNI-03158,La Costeña Leche Entera Frasco 400g,Abarrotes y Despensa,29.12,187
PROD-UNI-03159,Krilin Paleta Payaso Con Limón 349g,Snacks y Sabritas,48.96,245
PROD-UNI-03160,Bimbo Chips Crujientes 81g,Snacks y Sabritas,25.69,177
PROD-UNI-03161,PepsiCo Agua Mineral Botella 1L,Bebidas y Refrescos,22.46,182
PROD-UNI-03162,Totis Kranky Extreme 86g,Snacks y Sabritas,54.2,150
PROD-UNI-03163,Gamesa Chips Queso Nacho 121g,Snacks y Sabritas,21.3,184
PROD-UNI-03164,Fuze Tea Té Verde Vidrio 400ml,Bebidas y Refrescos,28.41,92
PROD-UNI-03165,Marinela Donas Flaming Hot 321g,Snacks y Sabritas,44.79,256
PROD-UNI-03166,Barcel Papas Sal y Limón 357g,Snacks y Sabritas,54.92,177
PROD-UNI-03167,Duvalin Chips Queso Nacho 80g,Snacks y Sabritas,39.85,77
PROD-UNI-03168,Marinela Emperador Flaming Hot 349g,Snacks y Sabritas,20.15,121
PROD-UNI-03169,Grupo Modelo Refresco de Manzana Lata 355ml,Bebidas y Refrescos,30.67,247
PROD-UNI-03170,Sabritas Totis Adobadas 277g,Snacks y Sabritas,22.15,295
PROD-UNI-03171,Bonafont Refresco de Naranja Botella 1L,Bebidas y Refrescos,27.26,72
PROD-UNI-03172,Sabritas Bubulubu Crujientes 233g,Snacks y Sabritas,29.44,143
PROD-UNI-03173,Lala Cereal de Maíz Caja 500g,Abarrotes y Despensa,40.33,258
PROD-UNI-03174,Duvalin Fritos Originales 201g,Snacks y Sabritas,31.23,175
PROD-UNI-03175,La Costeña Chocolate en Polvo Lata 220g,Abarrotes y Despensa,71.47,166
PROD-UNI-03176,Nestlé Leche Deslactosada Caja 500g,Abarrotes y Despensa,54.03,258
PROD-UNI-03177,Ricolino Fritos Queso y Chile 250g,Snacks y Sabritas,17.29,94
PROD-UNI-03178,Ciel Refresco de Toronja Lata 473ml,Bebidas y Refrescos,17.93,119
PROD-UNI-03179,Mafer Emperador Extreme 151g,Snacks y Sabritas,47.79,74
PROD-UNI-03180,La Corona Emperador Crema y Especias 191g,Snacks y Sabritas,16.67,289
PROD-UNI-03181,Krilin Fritos Queso Nacho 429g,Snacks y Sabritas,42.3,43
PROD-UNI-03182,Jumex Jugo de Manzana Pak 4x500ml,Bebidas y Refrescos,38.64,159
PROD-UNI-03183,Marinela Totis Crujientes 341g,Snacks y Sabritas,35.04,280
PROD-UNI-03184,Marinela Crujitos Flaming Hot 242g,Snacks y Sabritas,24.93,19
PROD-UNI-03185,Gamesa Kranky Fuego 412g,Snacks y Sabritas,25.12,107
PROD-UNI-03186,Clamato Néctar de Mango Vidrio 400ml,Bebidas y Refrescos,15.76,211
PROD-UNI-03187,La Corona Emperador Habanero 324g,Snacks y Sabritas,15.16,162
PROD-UNI-03188,Del Valle Refresco de Manzana Pak 4x500ml,Bebidas y Refrescos,25.24,48
PROD-UNI-03189,Barcel Gansito Fuego 302g,Snacks y Sabritas,39.79,100
PROD-UNI-03190,Grupo Modelo Bebida Energética 600ml,Bebidas y Refrescos,46.24,209
PROD-UNI-03191,Gamesa Saladitas Sal Marina 110g,Snacks y Sabritas,47.14,68
PROD-UNI-03192,PepsiCo Té Negro Botella 1L,Bebidas y Refrescos,41.02,213
PROD-UNI-03193,Bonafont Té Negro Vidrio 400ml,Bebidas y Refrescos,45.36,140
PROD-UNI-03194,Peñafiel Néctar de Durazno Botella 1L,Bebidas y Refrescos,24.93,54
PROD-UNI-03195,Grupo Modelo Agua Mineral Vidrio 400ml,Bebidas y Refrescos,18.28,52
PROD-UNI-03196,Barcel Kranky Habanero 433g,Snacks y Sabritas,40.71,266
PROD-UNI-03197,Churrumais cacahuates Originales 407g,Snacks y Sabritas,47.43,180
PROD-UNI-03198,Coca-Cola Company Refresco de Toronja Vidrio 400ml,Bebidas y Refrescos,25.26,93
PROD-UNI-03199,Gamesa Crujitos Adobadas 101g,Snacks y Sabritas,50.1,266
PROD-UNI-03200,Peñafiel Agua Purificada No Retornable 500ml,Bebidas y Refrescos,34.87,88
PROD-UNI-03201,Gamesa cacahuates Crema y Especias 397g,Snacks y Sabritas,17.49,149
PROD-UNI-03202,Churrumais Bubulubu Crema y Especias 172g,Snacks y Sabritas,37.3,17
PROD-UNI-03203,Duvalin Papas Crujientes 135g,Snacks y Sabritas,22.69,155
PROD-UNI-03204,Sonrics Chokis Extreme 196g,Snacks y Sabritas,13.52,256
PROD-UNI-03205,Alpura Sopa de Tomate Lata 140g,Abarrotes y Despensa,41.76,105
PROD-UNI-03206,Ricolino Bubulubu Sal Marina 384g,Snacks y Sabritas,36.09,85
PROD-UNI-03207,La Corona Crujitos Fuego 407g,Snacks y Sabritas,14.47,28
PROD-UNI-03208,Bimbo Crujitos Con Limón 53g,Snacks y Sabritas,42.15,203
PROD-UNI-03209,Sabritas Totis Queso Nacho 308g,Snacks y Sabritas,54.57,244
PROD-UNI-03210,Barcel Cheetos Originales 249g,Snacks y Sabritas,40.54,105
PROD-UNI-03211,Sonrics Saladitas Queso y Chile 251g,Snacks y Sabritas,45.55,168
PROD-UNI-03212,Grupo Modelo Bebida Isotónica No Retornable 500ml,Bebidas y Refrescos,26.75,19
PROD-UNI-03213,Bimbo Chokis Flaming Hot 259g,Snacks y Sabritas,48.2,117
PROD-UNI-03214,Grupo Modelo Refresco de Manzana No Retornable 500ml,Bebidas y Refrescos,26.62,111
PROD-UNI-03215,La Corona Takis Con Limón 404g,Snacks y Sabritas,48.52,182
PROD-UNI-03216,Ricolino Cheetos Originales 167g,Snacks y Sabritas,18.83,32
PROD-UNI-03217,Marinela Cheetos Adobadas 194g,Snacks y Sabritas,27.71,109
PROD-UNI-03218,Del Valle Néctar de Durazno 600ml,Bebidas y Refrescos,15.08,236
PROD-UNI-03219,Grupo Modelo Bebida Isotónica Botella 1L,Bebidas y Refrescos,43.23,54
PROD-UNI-03220,Krilin Chokis Fuego 117g,Snacks y Sabritas,17.25,210
PROD-UNI-03221,Barcel Cheetos Sal Marina 66g,Snacks y Sabritas,23.19,36
PROD-UNI-03222,Bimbo Takis Queso y Chile 105g,Snacks y Sabritas,47.49,213
PROD-UNI-03223,Herdez Cereal de Maíz Frasco 400g,Abarrotes y Despensa,39.27,288
PROD-UNI-03224,Sonrics Gansito Adobadas 242g,Snacks y Sabritas,17.37,275
PROD-UNI-03225,Fuze Tea Agua Mineral 600ml,Bebidas y Refrescos,35.97,138
PROD-UNI-03226,San Marcos Frijoles Bayos Frasco 400g,Abarrotes y Despensa,31.23,197
PROD-UNI-03227,McCormick Leche Deslactosada Caja 500g,Abarrotes y Despensa,32.05,175
PROD-UNI-03228,Grupo Modelo Bebida Isotónica Familia 2L,Bebidas y Refrescos,22.76,168
PROD-UNI-03229,Del Valle Jugo de Manzana Lata 355ml,Bebidas y Refrescos,36.75,243
PROD-UNI-03230,Sidral Mundet Néctar de Durazno Lata 473ml,Bebidas y Refrescos,25.97,138
PROD-UNI-03231,Sonrics Chips Crujientes 369g,Snacks y Sabritas,43.42,149
PROD-UNI-03232,Churrumais Gansito Originales 432g,Snacks y Sabritas,28.47,51
PROD-UNI-03233,Del Valle Jugo de Manzana No Retornable 500ml,Bebidas y Refrescos,19.34,175
PROD-UNI-03234,Krilin Chokis Sal y Limón 145g,Snacks y Sabritas,20.94,272
PROD-UNI-03235,Jarritos Té Verde 600ml,Bebidas y Refrescos,39.83,219
PROD-UNI-03236,Sonrics Gansito Sal y Limón 342g,Snacks y Sabritas,42.62,19
PROD-UNI-03237,Herdez Chiles Jalapeños Lata 140g,Abarrotes y Despensa,46.06,27
PROD-UNI-03238,Mafer Chips Adobadas 226g,Snacks y Sabritas,41.56,79
PROD-UNI-03239,Boing Refresco de Manzana 600ml,Bebidas y Refrescos,22.95,141
PROD-UNI-03240,Del Valle Té Verde Pak 4x500ml,Bebidas y Refrescos,46.26,206
PROD-UNI-03241,Totis Paleta Payaso Extreme 283g,Snacks y Sabritas,51.2,95
PROD-UNI-03242,Mafer Chokis Sal Marina 379g,Snacks y Sabritas,27.06,88
PROD-UNI-03243,Bonafont Té Negro Lata 355ml,Bebidas y Refrescos,28.02,115
PROD-UNI-03244,Jarritos Bebida Isotónica Botella 1L,Bebidas y Refrescos,29.18,236
PROD-UNI-03245,Duvalin Papas Queso y Chile 352g,Snacks y Sabritas,29.86,283
PROD-UNI-03246,Barcel Takis Extreme 402g,Snacks y Sabritas,34.1,74
PROD-UNI-03247,Marinela Gansito Queso Nacho 382g,Snacks y Sabritas,26.41,258
PROD-UNI-03248,Herdez Frijoles Bayos Lata 220g,Abarrotes y Despensa,64.37,215
PROD-UNI-03249,Duvalin Chips Crujientes 175g,Snacks y Sabritas,38.56,138
PROD-UNI-03250,PepsiCo Néctar de Durazno No Retornable 500ml,Bebidas y Refrescos,26.66,154
PROD-UNI-03251,Ricolino Gansito Queso Nacho 93g,Snacks y Sabritas,31.23,147
PROD-UNI-03252,Ricolino Chokis Crema y Especias 34g,Snacks y Sabritas,22.93,67
PROD-UNI-03253,McCormick Atún en Aceite Botella 370ml,Abarrotes y Despensa,41.87,172
PROD-UNI-03254,Bimbo cacahuates Queso y Chile 386g,Snacks y Sabritas,49.36,148
PROD-UNI-03255,Sonrics Gansito Queso Nacho 371g,Snacks y Sabritas,48.78,55
PROD-UNI-03256,Churrumais Donas Fuego 394g,Snacks y Sabritas,26.44,282
PROD-UNI-03257,McCormick Chocolate en Polvo Lata 220g,Abarrotes y Despensa,69.87,238
PROD-UNI-03258,San Marcos Sopa de Tomate Frasco 400g,Abarrotes y Despensa,26.48,88
PROD-UNI-03259,Barcel cacahuates Extreme 304g,Snacks y Sabritas,35.6,200
PROD-UNI-03260,Barcel Chokis Queso y Chile 387g,Snacks y Sabritas,40.41,164
PROD-UNI-03261,La Corona Fritos Fuego 339g,Snacks y Sabritas,15.16,194
PROD-UNI-03262,Ricolino Chips Con Limón 93g,Snacks y Sabritas,38.85,56
PROD-UNI-03263,Coca-Cola Company Agua Purificada Lata 355ml,Bebidas y Refrescos,43.06,75
PROD-UNI-03264,Herdez Cereal de Maíz Botella 370ml,Abarrotes y Despensa,21.63,200
PROD-UNI-03265,Krilin Emperador Adobadas 283g,Snacks y Sabritas,19.42,259
PROD-UNI-03266,Krilin Saladitas Originales 58g,Snacks y Sabritas,46.99,19
PROD-UNI-03267,Krilin Kranky Fuego 153g,Snacks y Sabritas,34.02,256
PROD-UNI-03268,Bimbo Kranky Queso y Chile 328g,Snacks y Sabritas,21.55,37
PROD-UNI-03269,Ciel Refresco de Naranja Lata 473ml,Bebidas y Refrescos,45.72,137
PROD-UNI-03270,Bonafont Té Verde Pak 4x500ml,Bebidas y Refrescos,20.15,174
PROD-UNI-03271,Sonrics Chokis Fuego 60g,Snacks y Sabritas,42,179
PROD-UNI-03272,Sabritas Kranky Sal Marina 128g,Snacks y Sabritas,37.76,54
PROD-UNI-03273,Sonrics Papas Con Limón 246g,Snacks y Sabritas,22.62,39
PROD-UNI-03274,Marinela cacahuates Habanero 120g,Snacks y Sabritas,29.97,33
PROD-UNI-03275,Duvalin Papas Originales 147g,Snacks y Sabritas,35.49,108
PROD-UNI-03276,Duvalin Chokis Extreme 249g,Snacks y Sabritas,23.07,223
PROD-UNI-03277,Grupo Modelo Té Negro Vidrio 400ml,Bebidas y Refrescos,44.31,95
PROD-UNI-03278,Bonafont Bebida Energética Vidrio 400ml,Bebidas y Refrescos,17.2,184
PROD-UNI-03279,Sabritas Crujitos Originales 269g,Snacks y Sabritas,25.78,282
PROD-UNI-03280,Bimbo Chokis Crujientes 269g,Snacks y Sabritas,53.38,43
PROD-UNI-03281,Ciel Bebida Energética Lata 473ml,Bebidas y Refrescos,42.67,24
PROD-UNI-03282,Barcel cacahuates Originales 341g,Snacks y Sabritas,43.03,153
PROD-UNI-03283,Nestlé Leche Entera Frasco 400g,Abarrotes y Despensa,61.02,201
PROD-UNI-03284,Lala Salsa Valentina Caja 500g,Abarrotes y Despensa,70.3,177
PROD-UNI-03285,Clamato Té Verde Lata 473ml,Bebidas y Refrescos,24.95,205
PROD-UNI-03286,Bimex Mayonesa Caja 500g,Abarrotes y Despensa,27,181
PROD-UNI-03287,Ciel Bebida Isotónica Botella 1L,Bebidas y Refrescos,46.27,163
PROD-UNI-03288,McCormick Leche Deslactosada Botella 370ml,Abarrotes y Despensa,21.14,119
PROD-UNI-03289,La Corona Chokis Queso Nacho 427g,Snacks y Sabritas,46.83,154
PROD-UNI-03290,Grupo Modelo Refrescos de Cola Familia 2L,Bebidas y Refrescos,38.35,170
PROD-UNI-03291,Churrumais Paleta Payaso Originales 248g,Snacks y Sabritas,13.37,104
PROD-UNI-03292,La Costeña Frijoles Bayos Botella 370ml,Abarrotes y Despensa,31.16,244
PROD-UNI-03293,Nestlé Chocolate en Polvo Pouch 200g,Abarrotes y Despensa,44.87,70
PROD-UNI-03294,La Corona Kranky Fuego 49g,Snacks y Sabritas,52.57,290
PROD-UNI-03295,Totis Crujitos Originales 33g,Snacks y Sabritas,31.42,296
PROD-UNI-03296,Sidral Mundet Té Negro Familia 2L,Bebidas y Refrescos,16.56,208
PROD-UNI-03297,Churrumais Crujitos Crema y Especias 226g,Snacks y Sabritas,45.24,63
PROD-UNI-03298,Clamato Jugo de Manzana No Retornable 500ml,Bebidas y Refrescos,32.7,115
PROD-UNI-03299,Churrumais Bubulubu Flaming Hot 255g,Snacks y Sabritas,51.59,215
PROD-UNI-03300,Ricolino Takis Con Limón 400g,Snacks y Sabritas,14.43,213
PROD-UNI-03301,Peñafiel Refresco de Naranja Botella 1L,Bebidas y Refrescos,40.26,222
PROD-UNI-03302,Clamato Refresco de Toronja Lata 473ml,Bebidas y Refrescos,29.31,268
PROD-UNI-03303,Sonrics Chips Queso Nacho 283g,Snacks y Sabritas,22,110
PROD-UNI-03304,Gamesa Cheetos Flaming Hot 155g,Snacks y Sabritas,44.81,67
PROD-UNI-03305,Coca-Cola Company Néctar de Durazno 600ml,Bebidas y Refrescos,26.19,136
PROD-UNI-03306,Gamesa Saladitas Habanero 386g,Snacks y Sabritas,24.74,273
PROD-UNI-03307,Marinela Chokis Con Limón 444g,Snacks y Sabritas,34.45,199
PROD-UNI-03308,Gamesa Gansito Queso Nacho 320g,Snacks y Sabritas,23.24,126
PROD-UNI-03309,Duvalin Chips Crema y Especias 346g,Snacks y Sabritas,28.36,142
PROD-UNI-03310,Sidral Mundet Agua Mineral Lata 355ml,Bebidas y Refrescos,36.77,165
PROD-UNI-03311,Krilin Paleta Payaso Extreme 122g,Snacks y Sabritas,20.64,280
PROD-UNI-03312,Marinela Totis Adobadas 244g,Snacks y Sabritas,31.66,278
PROD-UNI-03313,La Corona Chokis Con Limón 55g,Snacks y Sabritas,25.72,113
PROD-UNI-03314,Jumex Bebida Energética Botella 1L,Bebidas y Refrescos,37.06,154
PROD-UNI-03315,La Corona Saladitas Sal y Limón 298g,Snacks y Sabritas,52.96,94
PROD-UNI-03316,Mafer cacahuates Originales 85g,Snacks y Sabritas,37.46,259
PROD-UNI-03317,Churrumais Emperador Originales 221g,Snacks y Sabritas,52.46,107
PROD-UNI-03318,Churrumais Cheetos Queso Nacho 242g,Snacks y Sabritas,42.87,61
PROD-UNI-03319,Churrumais Chokis Fuego 413g,Snacks y Sabritas,49.88,280
PROD-UNI-03320,Coca-Cola Company Bebida Isotónica Familia 2L,Bebidas y Refrescos,18.68,101
PROD-UNI-03321,Churrumais Donas Flaming Hot 114g,Snacks y Sabritas,13.84,159
PROD-UNI-03322,Marinela Kranky Queso Nacho 122g,Snacks y Sabritas,26.93,20
PROD-UNI-03323,Sidral Mundet Jugo de Manzana Botella 1L,Bebidas y Refrescos,18.29,81
PROD-UNI-03324,Gamesa Chokis Sal Marina 422g,Snacks y Sabritas,23.06,171
PROD-UNI-03325,Sidral Mundet Refrescos de Cola Vidrio 400ml,Bebidas y Refrescos,35.72,246
PROD-UNI-03326,Totis Chips Queso y Chile 367g,Snacks y Sabritas,49.47,251
PROD-UNI-03327,Bonafont Jugo de Manzana Familia 2L,Bebidas y Refrescos,36.66,279
PROD-UNI-03328,La Corona Paleta Payaso Queso y Chile 421g,Snacks y Sabritas,41.99,123
PROD-UNI-03329,Jarritos Jugo de Manzana Lata 355ml,Bebidas y Refrescos,15.2,231
PROD-UNI-03330,Ricolino Takis Queso y Chile 147g,Snacks y Sabritas,35.45,29
PROD-UNI-03331,Nestlé Atún en Aceite Caja 500g,Abarrotes y Despensa,53.22,220
PROD-UNI-03332,Krilin Emperador Crujientes 240g,Snacks y Sabritas,15.59,143
PROD-UNI-03333,Bimex Leche Deslactosada Lata 220g,Abarrotes y Despensa,35.68,166
PROD-UNI-03334,Peñafiel Néctar de Mango Lata 473ml,Bebidas y Refrescos,18.38,219
PROD-UNI-03335,La Costeña Chiles Jalapeños Caja 500g,Abarrotes y Despensa,65.2,143
PROD-UNI-03336,Bonafont Bebida Isotónica Familia 2L,Bebidas y Refrescos,40.99,236
PROD-UNI-03337,Bimbo Cheetos Fuego 297g,Snacks y Sabritas,32.13,80
PROD-UNI-03338,Lala Sopa de Tomate Pouch 200g,Abarrotes y Despensa,31.52,246
PROD-UNI-03339,Duvalin Bubulubu Con Limón 284g,Snacks y Sabritas,24.39,192
PROD-UNI-03340,Jarritos Té Verde Botella 1L,Bebidas y Refrescos,43.45,169
PROD-UNI-03341,Ciel Agua Mineral Familia 2L,Bebidas y Refrescos,41.24,229
PROD-UNI-03342,Boing Bebida Energética Familia 2L,Bebidas y Refrescos,36.61,31
PROD-UNI-03343,Fuze Tea Refresco de Naranja Pak 4x500ml,Bebidas y Refrescos,33.99,189
PROD-UNI-03344,Duvalin Crujitos Sal y Limón 398g,Snacks y Sabritas,49.41,268
PROD-UNI-03345,Totis Saladitas Extreme 85g,Snacks y Sabritas,21.89,157
PROD-UNI-03346,Ciel Refresco de Toronja Pak 4x500ml,Bebidas y Refrescos,35.92,274
PROD-UNI-03347,Sabritas Saladitas Con Limón 448g,Snacks y Sabritas,32.86,26
PROD-UNI-03348,Totis Papas Con Limón 337g,Snacks y Sabritas,16.69,266
PROD-UNI-03349,Del Valle Jugo de Manzana Pak 4x500ml,Bebidas y Refrescos,20.53,280
PROD-UNI-03350,Bonafont Néctar de Mango No Retornable 500ml,Bebidas y Refrescos,14.21,181
PROD-UNI-03351,La Costeña Chiles Jalapeños Pouch 200g,Abarrotes y Despensa,21.07,210
PROD-UNI-03352,Totis Gansito Queso Nacho 256g,Snacks y Sabritas,41.05,172
PROD-UNI-03353,Jarritos Néctar de Mango Familia 2L,Bebidas y Refrescos,28.74,75
PROD-UNI-03354,Mafer Donas Habanero 132g,Snacks y Sabritas,54.91,74
PROD-UNI-03355,Ricolino Paleta Payaso Con Limón 91g,Snacks y Sabritas,45.86,101
PROD-UNI-03356,Fuze Tea Té Negro Lata 473ml,Bebidas y Refrescos,20.87,114
PROD-UNI-03357,Krilin Gansito Sal y Limón 108g,Snacks y Sabritas,25.42,181
PROD-UNI-03358,Duvalin Papas Habanero 148g,Snacks y Sabritas,31.62,102
PROD-UNI-03359,Krilin Kranky Crujientes 127g,Snacks y Sabritas,16.37,16
PROD-UNI-03360,Mafer Crujitos Flaming Hot 421g,Snacks y Sabritas,27.39,156
PROD-UNI-03361,Totis Crujitos Fuego 371g,Snacks y Sabritas,51.47,29
PROD-UNI-03362,Marinela Totis Habanero 42g,Snacks y Sabritas,33.08,23
PROD-UNI-03363,Coca-Cola Company Bebida Isotónica Lata 473ml,Bebidas y Refrescos,19.88,209
PROD-UNI-03364,Bonafont Agua Mineral Familia 2L,Bebidas y Refrescos,45.05,157
PROD-UNI-03365,Mafer Paleta Payaso Habanero 152g,Snacks y Sabritas,42.93,259
PROD-UNI-03366,Totis Emperador Extreme 406g,Snacks y Sabritas,15.12,259
PROD-UNI-03367,Sabritas Totis Flaming Hot 417g,Snacks y Sabritas,48.84,155
PROD-UNI-03368,Sidral Mundet Refrescos de Cola 600ml,Bebidas y Refrescos,33.43,37
PROD-UNI-03369,La Corona Cheetos Sal Marina 327g,Snacks y Sabritas,50.92,130
PROD-UNI-03370,Clamato Refresco de Manzana 600ml,Bebidas y Refrescos,26.81,21
PROD-UNI-03371,Alpura Leche Deslactosada Frasco 400g,Abarrotes y Despensa,74.63,262
PROD-UNI-03372,La Corona cacahuates Extreme 87g,Snacks y Sabritas,33.29,55
PROD-UNI-03373,Sidral Mundet Té Verde Vidrio 400ml,Bebidas y Refrescos,42.47,157
PROD-UNI-03374,Krilin Chokis Originales 409g,Snacks y Sabritas,26.12,62
PROD-UNI-03375,Mafer Saladitas Extreme 136g,Snacks y Sabritas,50.58,213
PROD-UNI-03376,Bimex Sopa de Tomate Lata 140g,Abarrotes y Despensa,56.56,256
PROD-UNI-03377,Bimbo Emperador Habanero 327g,Snacks y Sabritas,17.4,221
PROD-UNI-03378,Sabritas Paleta Payaso Fuego 304g,Snacks y Sabritas,32.38,150
PROD-UNI-03379,Barcel Bubulubu Con Limón 54g,Snacks y Sabritas,46.49,24
PROD-UNI-03380,Knorr Leche Deslactosada 1L,Abarrotes y Despensa,41.89,260
PROD-UNI-03381,Ciel Refresco de Manzana Lata 355ml,Bebidas y Refrescos,18.96,81
PROD-UNI-03382,Bonafont Bebida Energética Familia 2L,Bebidas y Refrescos,33.99,233
PROD-UNI-03383,Marinela Bubulubu Flaming Hot 131g,Snacks y Sabritas,16.6,258
PROD-UNI-03384,Totis Fritos Crujientes 445g,Snacks y Sabritas,49.41,300
PROD-UNI-03385,Bonafont Agua Purificada No Retornable 500ml,Bebidas y Refrescos,46.22,47
PROD-UNI-03386,Sidral Mundet Té Verde 600ml,Bebidas y Refrescos,26.98,146
PROD-UNI-03387,Sabritas Gansito Queso y Chile 90g,Snacks y Sabritas,54.35,93
PROD-UNI-03388,Peñafiel Jugo de Manzana 600ml,Bebidas y Refrescos,17.86,220
PROD-UNI-03389,Barcel Saladitas Sal Marina 342g,Snacks y Sabritas,30.71,63
PROD-UNI-03390,La Corona Donas Con Limón 398g,Snacks y Sabritas,23.71,188
PROD-UNI-03391,Gamesa cacahuates Adobadas 65g,Snacks y Sabritas,44.41,138
PROD-UNI-03392,Sidral Mundet Refresco de Toronja 600ml,Bebidas y Refrescos,39.83,57
PROD-UNI-03393,Gamesa Totis Crema y Especias 85g,Snacks y Sabritas,44.74,273
PROD-UNI-03394,Barcel Crujitos Queso y Chile 92g,Snacks y Sabritas,37.19,193
PROD-UNI-03395,Bimbo Totis Crema y Especias 361g,Snacks y Sabritas,34.91,189
PROD-UNI-03396,Jumex Refresco de Naranja Lata 355ml,Bebidas y Refrescos,40.29,47
PROD-UNI-03397,Barcel cacahuates Crema y Especias 169g,Snacks y Sabritas,52.45,276
PROD-UNI-03398,Churrumais Totis Extreme 174g,Snacks y Sabritas,48.41,46
PROD-UNI-03399,Gamesa Chips Crujientes 292g,Snacks y Sabritas,48.95,206
PROD-UNI-03400,Sabritas Bubulubu Extreme 94g,Snacks y Sabritas,21.81,141
PROD-UNI-03401,Nestlé Leche Entera Botella 370ml,Abarrotes y Despensa,75.86,279
PROD-UNI-03402,Marinela Paleta Payaso Habanero 212g,Snacks y Sabritas,35.41,202
PROD-UNI-03403,San Marcos Chiles Jalapeños Caja 500g,Abarrotes y Despensa,62.36,160
PROD-UNI-03404,Fuze Tea Refresco de Toronja Lata 473ml,Bebidas y Refrescos,16.09,150
PROD-UNI-03405,Churrumais Gansito Queso y Chile 334g,Snacks y Sabritas,40.84,107
PROD-UNI-03406,Krilin Fritos Crema y Especias 303g,Snacks y Sabritas,48.82,135
PROD-UNI-03407,Bimbo Chips Fuego 231g,Snacks y Sabritas,45.73,196
PROD-UNI-03408,Nestlé Leche Deslactosada Lata 140g,Abarrotes y Despensa,84.48,191
PROD-UNI-03409,Duvalin Bubulubu Flaming Hot 115g,Snacks y Sabritas,30.97,57
PROD-UNI-03410,Totis Gansito Adobadas 238g,Snacks y Sabritas,20.27,122
PROD-UNI-03411,La Costeña Atún en Aceite Pouch 200g,Abarrotes y Despensa,77.63,220
PROD-UNI-03412,Marinela Saladitas Con Limón 283g,Snacks y Sabritas,40.71,16
PROD-UNI-03413,Duvalin Chokis Originales 267g,Snacks y Sabritas,23.66,111
PROD-UNI-03414,Krilin Kranky Flaming Hot 299g,Snacks y Sabritas,46.88,209
PROD-UNI-03415,La Costeña Mayonesa Caja 500g,Abarrotes y Despensa,42.27,33
PROD-UNI-03416,Mafer Gansito Queso Nacho 36g,Snacks y Sabritas,19.92,146
PROD-UNI-03417,Boing Refresco de Naranja No Retornable 500ml,Bebidas y Refrescos,45.06,228
PROD-UNI-03418,Sidral Mundet Refresco de Manzana No Retornable 500ml,Bebidas y Refrescos,46.2,247
PROD-UNI-03419,Krilin cacahuates Con Limón 362g,Snacks y Sabritas,51.27,37
PROD-UNI-03420,Del Valle Té Verde Familia 2L,Bebidas y Refrescos,40.86,84
PROD-UNI-03421,Marinela Totis Queso Nacho 439g,Snacks y Sabritas,37.91,83
PROD-UNI-03422,Barcel Chips Habanero 243g,Snacks y Sabritas,17.95,172
PROD-UNI-03423,Ciel Néctar de Mango Pak 4x500ml,Bebidas y Refrescos,27.6,294
PROD-UNI-03424,Churrumais Totis Crema y Especias 435g,Snacks y Sabritas,35.68,95
PROD-UNI-03425,Marinela Kranky Con Limón 439g,Snacks y Sabritas,52.99,205
PROD-UNI-03426,Bimbo Chokis Habanero 450g,Snacks y Sabritas,53.11,177
PROD-UNI-03427,Mafer Papas Sal y Limón 406g,Snacks y Sabritas,21.42,154
PROD-UNI-03428,Sonrics Chips Adobadas 406g,Snacks y Sabritas,47.84,273
PROD-UNI-03429,Boing Jugo de Manzana No Retornable 500ml,Bebidas y Refrescos,44.85,97
PROD-UNI-03430,Ricolino Kranky Sal Marina 334g,Snacks y Sabritas,30.36,93
PROD-UNI-03431,Alpura Frijoles Bayos Caja 500g,Abarrotes y Despensa,42.61,63
PROD-UNI-03432,Jarritos Té Verde Lata 355ml,Bebidas y Refrescos,19.14,186
PROD-UNI-03433,Ricolino Kranky Crujientes 105g,Snacks y Sabritas,42.93,120
PROD-UNI-03434,Sidral Mundet Bebida Isotónica Lata 473ml,Bebidas y Refrescos,40.66,221
PROD-UNI-03435,Sabritas Emperador Queso Nacho 141g,Snacks y Sabritas,34.52,287
PROD-UNI-03436,Jumex Refresco de Naranja No Retornable 500ml,Bebidas y Refrescos,20.49,297
PROD-UNI-03437,Sidral Mundet Refresco de Toronja Botella 1L,Bebidas y Refrescos,21.74,89
PROD-UNI-03438,Sonrics Totis Sal Marina 187g,Snacks y Sabritas,28.04,93
PROD-UNI-03439,Duvalin Paleta Payaso Flaming Hot 288g,Snacks y Sabritas,48.16,147
PROD-UNI-03440,Krilin Fritos Sal y Limón 359g,Snacks y Sabritas,36.02,235
PROD-UNI-03441,Knorr Chocolate en Polvo Botella 370ml,Abarrotes y Despensa,46.5,38
PROD-UNI-03442,Gamesa Kranky Sal y Limón 197g,Snacks y Sabritas,43.9,231
PROD-UNI-03443,Ricolino Takis Crujientes 242g,Snacks y Sabritas,25.51,130
PROD-UNI-03444,Mafer Takis Crema y Especias 110g,Snacks y Sabritas,25.32,82
PROD-UNI-03445,Duvalin Emperador Originales 427g,Snacks y Sabritas,28.02,159
PROD-UNI-03446,Krilin Totis Flaming Hot 267g,Snacks y Sabritas,23.33,17
PROD-UNI-03447,Churrumais Gansito Sal Marina 276g,Snacks y Sabritas,20.81,195
PROD-UNI-03448,Marinela Papas Fuego 276g,Snacks y Sabritas,32.08,232
PROD-UNI-03449,Knorr Atún en Aceite Lata 140g,Abarrotes y Despensa,69.53,286
PROD-UNI-03450,Ricolino Cheetos Flaming Hot 163g,Snacks y Sabritas,39.59,32
PROD-UNI-03451,La Corona Bubulubu Sal y Limón 344g,Snacks y Sabritas,43.98,70
PROD-UNI-03452,Ciel Refresco de Toronja Vidrio 400ml,Bebidas y Refrescos,43.26,113
PROD-UNI-03453,Bonafont Té Negro 600ml,Bebidas y Refrescos,16.73,44
PROD-UNI-03454,La Costeña Chocolate en Polvo Lata 140g,Abarrotes y Despensa,24.26,283
PROD-UNI-03455,Krilin Chokis Adobadas 449g,Snacks y Sabritas,42.1,171
PROD-UNI-03456,Grupo Modelo Bebida Energética Lata 473ml,Bebidas y Refrescos,14.97,15
PROD-UNI-03457,Grupo Modelo Jugo de Manzana Pak 4x500ml,Bebidas y Refrescos,14.75,146
PROD-UNI-03458,Barcel Chips Crema y Especias 168g,Snacks y Sabritas,25.6,205
PROD-UNI-03459,Barcel Papas Habanero 354g,Snacks y Sabritas,49.26,44
PROD-UNI-03460,Lala Mayonesa Frasco 400g,Abarrotes y Despensa,84.86,184
PROD-UNI-03461,Duvalin Chips Flaming Hot 199g,Snacks y Sabritas,25.49,66
PROD-UNI-03462,Gamesa Paleta Payaso Queso Nacho 114g,Snacks y Sabritas,27.2,249
PROD-UNI-03463,Sidral Mundet Néctar de Mango Lata 355ml,Bebidas y Refrescos,41.7,212
PROD-UNI-03464,Duvalin Kranky Adobadas 215g,Snacks y Sabritas,37.3,68
PROD-UNI-03465,Fuze Tea Agua Mineral Familia 2L,Bebidas y Refrescos,25.13,101
PROD-UNI-03466,La Corona Papas Extreme 274g,Snacks y Sabritas,52.88,112
PROD-UNI-03467,Duvalin Kranky Queso y Chile 135g,Snacks y Sabritas,53.67,188
PROD-UNI-03468,Ricolino Paleta Payaso Crujientes 302g,Snacks y Sabritas,52.02,265
PROD-UNI-03469,La Corona Chokis Crema y Especias 326g,Snacks y Sabritas,34.1,184
PROD-UNI-03470,Krilin Takis Flaming Hot 309g,Snacks y Sabritas,13.79,252
PROD-UNI-03471,Duvalin Emperador Crujientes 377g,Snacks y Sabritas,14.57,188
PROD-UNI-03472,Bonafont Jugo de Manzana No Retornable 500ml,Bebidas y Refrescos,47.6,188
PROD-UNI-03473,Sabritas Paleta Payaso Flaming Hot 193g,Snacks y Sabritas,19.99,278
PROD-UNI-03474,Jumex Néctar de Durazno Botella 1L,Bebidas y Refrescos,24.03,16
PROD-UNI-03475,Bonafont Néctar de Durazno 600ml,Bebidas y Refrescos,44.33,245
PROD-UNI-03476,Bimex Mayonesa 1L,Abarrotes y Despensa,75.69,66
PROD-UNI-03477,Bimbo Bubulubu Queso y Chile 316g,Snacks y Sabritas,53.19,219
PROD-UNI-03478,Bimex Sopa de Tomate 1L,Abarrotes y Despensa,36.3,49
PROD-UNI-03479,Herdez Frijoles Bayos Frasco 400g,Abarrotes y Despensa,19.54,39
PROD-UNI-03480,Del Valle Refresco de Naranja Lata 473ml,Bebidas y Refrescos,17.45,65
PROD-UNI-03481,Bimbo Chips Sal Marina 78g,Snacks y Sabritas,23.52,71
PROD-UNI-03482,Grupo Modelo Agua Mineral Familia 2L,Bebidas y Refrescos,24.18,169
PROD-UNI-03483,McCormick Sopa de Tomate Caja 500g,Abarrotes y Despensa,78.57,229
PROD-UNI-03484,Barcel Saladitas Crema y Especias 415g,Snacks y Sabritas,26.24,252
PROD-UNI-03485,Bimex Mayonesa Lata 140g,Abarrotes y Despensa,35.26,88
PROD-UNI-03486,Gamesa Totis Fuego 153g,Snacks y Sabritas,53.59,285
PROD-UNI-03487,La Corona cacahuates Adobadas 301g,Snacks y Sabritas,34.05,266
PROD-UNI-03488,La Corona cacahuates Queso y Chile 154g,Snacks y Sabritas,41.61,247
PROD-UNI-03489,Peñafiel Té Negro Vidrio 400ml,Bebidas y Refrescos,29.89,286
PROD-UNI-03490,Gamesa Bubulubu Queso y Chile 151g,Snacks y Sabritas,29.63,236
PROD-UNI-03491,Totis Gansito Crema y Especias 438g,Snacks y Sabritas,42.62,106
PROD-UNI-03492,Jumex Bebida Isotónica Vidrio 400ml,Bebidas y Refrescos,37.71,288
PROD-UNI-03493,Fuze Tea Refrescos de Cola 600ml,Bebidas y Refrescos,42.05,152
PROD-UNI-03494,PepsiCo Bebida Isotónica 600ml,Bebidas y Refrescos,16.91,143
PROD-UNI-03495,Churrumais Cheetos Flaming Hot 55g,Snacks y Sabritas,39.72,204
PROD-UNI-03496,Bimbo Donas Sal y Limón 88g,Snacks y Sabritas,26.35,185
PROD-UNI-03497,Gamesa Paleta Payaso Crema y Especias 241g,Snacks y Sabritas,48.46,192
PROD-UNI-03498,Barcel Paleta Payaso Habanero 209g,Snacks y Sabritas,47.41,251
PROD-UNI-03499,Bimbo Totis Sal y Limón 351g,Snacks y Sabritas,32.81,105
PROD-UNI-03500,McCormick Cereal de Maíz Caja 500g,Abarrotes y Despensa,28.3,158
PROD-UNI-03501,Nestlé Frijoles Bayos Frasco 400g,Abarrotes y Despensa,31.28,287
PROD-UNI-03502,Bonafont Jugo de Manzana Vidrio 400ml,Bebidas y Refrescos,36.19,255
PROD-UNI-03503,Sonrics Takis Originales 46g,Snacks y Sabritas,27.24,297
PROD-UNI-03504,Duvalin Papas Extreme 450g,Snacks y Sabritas,18.95,48
PROD-UNI-03505,Churrumais Papas Originales 113g,Snacks y Sabritas,27.5,134
PROD-UNI-03506,Churrumais Papas Fuego 53g,Snacks y Sabritas,21.45,63
PROD-UNI-03507,Krilin Cheetos Flaming Hot 169g,Snacks y Sabritas,54.02,281
PROD-UNI-03508,PepsiCo Bebida Energética No Retornable 500ml,Bebidas y Refrescos,43.33,41
PROD-UNI-03509,Barcel Emperador Crema y Especias 242g,Snacks y Sabritas,39.4,197
PROD-UNI-03510,Barcel Chips Crujientes 60g,Snacks y Sabritas,19.17,43
PROD-UNI-03511,Duvalin Takis Originales 409g,Snacks y Sabritas,33.59,62
PROD-UNI-03512,Mafer Totis Fuego 125g,Snacks y Sabritas,15.98,121
PROD-UNI-03513,La Corona Kranky Crujientes 395g,Snacks y Sabritas,43.09,128
PROD-UNI-03514,Bimex Atún en Aceite Pouch 200g,Abarrotes y Despensa,56.59,239
PROD-UNI-03515,Barcel Papas Flaming Hot 96g,Snacks y Sabritas,12.51,127
PROD-UNI-03516,Krilin Bubulubu Queso y Chile 183g,Snacks y Sabritas,19.43,188
PROD-UNI-03517,La Corona Takis Fuego 228g,Snacks y Sabritas,26.32,244
PROD-UNI-03518,Krilin Papas Fuego 84g,Snacks y Sabritas,31.76,219
PROD-UNI-03519,Sonrics Saladitas Sal y Limón 288g,Snacks y Sabritas,37.5,165
PROD-UNI-03520,Sonrics Kranky Con Limón 139g,Snacks y Sabritas,41.42,268
PROD-UNI-03521,Barcel Gansito Extreme 382g,Snacks y Sabritas,15.4,104
PROD-UNI-03522,Jarritos Néctar de Durazno Lata 473ml,Bebidas y Refrescos,40.2,250
PROD-UNI-03523,Lala Chiles Jalapeños Lata 220g,Abarrotes y Despensa,63.34,69
PROD-UNI-03524,Clamato Té Negro Familia 2L,Bebidas y Refrescos,27.98,109
PROD-UNI-03525,Sabritas Gansito Flaming Hot 87g,Snacks y Sabritas,17.53,240
PROD-UNI-03526,Bimbo Saladitas Crema y Especias 320g,Snacks y Sabritas,47,102
PROD-UNI-03527,Sonrics Totis Crema y Especias 164g,Snacks y Sabritas,38.73,300
PROD-UNI-03528,Sabritas Paleta Payaso Adobadas 33g,Snacks y Sabritas,31.14,138
PROD-UNI-03529,Sidral Mundet Refresco de Naranja Botella 1L,Bebidas y Refrescos,33,261
PROD-UNI-03530,Gamesa Bubulubu Adobadas 157g,Snacks y Sabritas,40.61,300
PROD-UNI-03531,Totis Cheetos Queso y Chile 323g,Snacks y Sabritas,53.18,53
PROD-UNI-03532,Knorr Frijoles Bayos Pouch 200g,Abarrotes y Despensa,48.74,171
PROD-UNI-03533,Ricolino Fritos Queso Nacho 30g,Snacks y Sabritas,42.55,94
PROD-UNI-03534,Fuze Tea Refrescos de Cola Familia 2L,Bebidas y Refrescos,26.6,74
PROD-UNI-03535,Del Valle Refrescos de Cola Familia 2L,Bebidas y Refrescos,28.37,193
PROD-UNI-03536,Sidral Mundet Agua Purificada Botella 1L,Bebidas y Refrescos,15.13,239
PROD-UNI-03537,Marinela Takis Habanero 222g,Snacks y Sabritas,20.57,68
PROD-UNI-03538,Totis Cheetos Adobadas 225g,Snacks y Sabritas,17.08,290
PROD-UNI-03539,La Corona Takis Adobadas 299g,Snacks y Sabritas,52.56,58
PROD-UNI-03540,Bimex Leche Entera 1L,Abarrotes y Despensa,28.28,291
PROD-UNI-03541,Bimbo Papas Queso Nacho 365g,Snacks y Sabritas,50.28,189
PROD-UNI-03542,La Costeña Leche Entera 1L,Abarrotes y Despensa,18.65,192
PROD-UNI-03543,La Corona Paleta Payaso Extreme 251g,Snacks y Sabritas,31.66,100
PROD-UNI-03544,La Costeña Leche Deslactosada Lata 220g,Abarrotes y Despensa,19.73,159
PROD-UNI-03545,Mafer Donas Fuego 39g,Snacks y Sabritas,25.71,139
PROD-UNI-03546,Krilin Fritos Habanero 83g,Snacks y Sabritas,27.31,94
PROD-UNI-03547,Sabritas Chokis Habanero 304g,Snacks y Sabritas,38.28,270
PROD-UNI-03548,Peñafiel Jugo de Manzana No Retornable 500ml,Bebidas y Refrescos,42.54,266
PROD-UNI-03549,Peñafiel Jugo de Manzana Lata 473ml,Bebidas y Refrescos,14.8,197
PROD-UNI-03550,Ciel Refresco de Toronja No Retornable 500ml,Bebidas y Refrescos,21.74,234
PROD-UNI-03551,Mafer cacahuates Queso Nacho 193g,Snacks y Sabritas,23.71,164
PROD-UNI-03552,Sabritas Bubulubu Fuego 259g,Snacks y Sabritas,15.83,131
PROD-UNI-03553,Barcel Donas Extreme 49g,Snacks y Sabritas,46.65,86
PROD-UNI-03554,La Corona Paleta Payaso Crema y Especias 61g,Snacks y Sabritas,27.92,144
PROD-UNI-03555,Totis Totis Extreme 54g,Snacks y Sabritas,35.28,278
PROD-UNI-03556,Bonafont Refrescos de Cola Botella 1L,Bebidas y Refrescos,14.29,230
PROD-UNI-03557,Bimbo Totis Extreme 117g,Snacks y Sabritas,29.78,113
PROD-UNI-03558,PepsiCo Refresco de Toronja Vidrio 400ml,Bebidas y Refrescos,32.34,61
PROD-UNI-03559,Bonafont Agua Mineral Lata 473ml,Bebidas y Refrescos,43.12,69
PROD-UNI-03560,Jumex Refresco de Toronja Lata 473ml,Bebidas y Refrescos,16.64,90
PROD-UNI-03561,Bimbo Chokis Adobadas 444g,Snacks y Sabritas,23.83,86
PROD-UNI-03562,Del Valle Té Verde Lata 473ml,Bebidas y Refrescos,27.21,45
PROD-UNI-03563,Jumex Néctar de Mango Vidrio 400ml,Bebidas y Refrescos,39.32,43
PROD-UNI-03564,Krilin Gansito Queso Nacho 80g,Snacks y Sabritas,48.97,254
PROD-UNI-03565,Sonrics Saladitas Originales 94g,Snacks y Sabritas,35.82,96
PROD-UNI-03566,Marinela Paleta Payaso Queso Nacho 371g,Snacks y Sabritas,26.61,117
PROD-UNI-03567,Jumex Néctar de Mango No Retornable 500ml,Bebidas y Refrescos,36.53,215
PROD-UNI-03568,Del Valle Refrescos de Cola Pak 4x500ml,Bebidas y Refrescos,28.24,23
PROD-UNI-03569,Grupo Modelo Néctar de Mango Botella 1L,Bebidas y Refrescos,20.55,95
PROD-UNI-03570,Alpura Mayonesa Pouch 200g,Abarrotes y Despensa,34.29,159
PROD-UNI-03571,Jumex Refresco de Manzana Botella 1L,Bebidas y Refrescos,41.64,56
PROD-UNI-03572,Sonrics cacahuates Fuego 46g,Snacks y Sabritas,53.68,208
PROD-UNI-03573,Nestlé Sopa de Tomate Pouch 200g,Abarrotes y Despensa,35.52,28
PROD-UNI-03574,Jarritos Jugo de Manzana No Retornable 500ml,Bebidas y Refrescos,24.19,91
PROD-UNI-03575,Ricolino Totis Sal y Limón 127g,Snacks y Sabritas,37.31,294
PROD-UNI-03576,Sonrics Bubulubu Fuego 167g,Snacks y Sabritas,29.32,45
PROD-UNI-03577,Marinela Takis Queso y Chile 257g,Snacks y Sabritas,28.49,108
PROD-UNI-03578,Boing Agua Mineral Lata 473ml,Bebidas y Refrescos,17.55,228
PROD-UNI-03579,Herdez Atún en Aceite Lata 140g,Abarrotes y Despensa,56.8,108
PROD-UNI-03580,Ricolino Donas Flaming Hot 295g,Snacks y Sabritas,52.56,74
PROD-UNI-03581,Boing Refresco de Toronja Botella 1L,Bebidas y Refrescos,38.51,69
PROD-UNI-03582,Sabritas Chokis Con Limón 399g,Snacks y Sabritas,41.15,194
PROD-UNI-03583,Grupo Modelo Refrescos de Cola Pak 4x500ml,Bebidas y Refrescos,23.64,172
PROD-UNI-03584,Marinela Cheetos Fuego 292g,Snacks y Sabritas,32.85,110
PROD-UNI-03585,Krilin Emperador Queso y Chile 149g,Snacks y Sabritas,31.34,108
PROD-UNI-03586,Gamesa Saladitas Sal y Limón 205g,Snacks y Sabritas,13.8,77
PROD-UNI-03587,Boing Bebida Isotónica Lata 473ml,Bebidas y Refrescos,28.62,148
PROD-UNI-03588,Barcel Chips Flaming Hot 287g,Snacks y Sabritas,14.34,135
PROD-UNI-03589,Sabritas Papas Extreme 336g,Snacks y Sabritas,42.73,266
PROD-UNI-03590,La Costeña Leche Deslactosada Caja 500g,Abarrotes y Despensa,72.75,25
PROD-UNI-03591,Del Valle Néctar de Durazno Botella 1L,Bebidas y Refrescos,23.93,198
PROD-UNI-03592,Bimbo Saladitas Sal y Limón 354g,Snacks y Sabritas,16.94,167
PROD-UNI-03593,Mafer Emperador Habanero 268g,Snacks y Sabritas,26.08,35
PROD-UNI-03594,La Corona Takis Sal y Limón 162g,Snacks y Sabritas,16.87,115
PROD-UNI-03595,Boing Agua Mineral No Retornable 500ml,Bebidas y Refrescos,36.76,199
PROD-UNI-03596,Clamato Jugo de Manzana Botella 1L,Bebidas y Refrescos,24.7,162
PROD-UNI-03597,Jumex Néctar de Durazno Pak 4x500ml,Bebidas y Refrescos,41.85,197
PROD-UNI-03598,Jumex Té Negro Lata 355ml,Bebidas y Refrescos,19.44,240
PROD-UNI-03599,Barcel Kranky Flaming Hot 365g,Snacks y Sabritas,38.22,106
PROD-UNI-03600,Boing Refresco de Naranja 600ml,Bebidas y Refrescos,31.35,137
PROD-UNI-03601,Marinela cacahuates Originales 283g,Snacks y Sabritas,13.53,42
PROD-UNI-03602,Duvalin Crujitos Crujientes 353g,Snacks y Sabritas,49.86,161
PROD-UNI-03603,Mafer Papas Habanero 92g,Snacks y Sabritas,42.97,295
PROD-UNI-03604,Sonrics Fritos Sal y Limón 173g,Snacks y Sabritas,46.73,274
PROD-UNI-03605,La Costeña Leche Entera Botella 370ml,Abarrotes y Despensa,37.59,128
PROD-UNI-03606,Bimbo Kranky Originales 411g,Snacks y Sabritas,52.56,96
PROD-UNI-03607,Totis Emperador Flaming Hot 127g,Snacks y Sabritas,23.34,240
PROD-UNI-03608,Krilin Fritos Crujientes 238g,Snacks y Sabritas,50.65,168
PROD-UNI-03609,Barcel Chokis Crema y Especias 117g,Snacks y Sabritas,50.62,143
PROD-UNI-03610,Jumex Refrescos de Cola Pak 4x500ml,Bebidas y Refrescos,16.55,110
PROD-UNI-03611,Krilin Cheetos Crujientes 176g,Snacks y Sabritas,48.68,143
PROD-UNI-03612,Del Valle Bebida Isotónica No Retornable 500ml,Bebidas y Refrescos,27.4,165
PROD-UNI-03613,Mafer Crujitos Con Limón 429g,Snacks y Sabritas,24.38,39
PROD-UNI-03614,La Corona Emperador Adobadas 269g,Snacks y Sabritas,37.12,129
PROD-UNI-03615,Peñafiel Bebida Energética 600ml,Bebidas y Refrescos,20.34,135
PROD-UNI-03616,Ciel Néctar de Mango Familia 2L,Bebidas y Refrescos,24.66,293
PROD-UNI-03617,Clamato Néctar de Durazno Vidrio 400ml,Bebidas y Refrescos,21.26,212
PROD-UNI-03618,Sabritas Paleta Payaso Extreme 296g,Snacks y Sabritas,19.71,134
PROD-UNI-03619,Marinela cacahuates Queso Nacho 446g,Snacks y Sabritas,18.99,265
PROD-UNI-03620,Bimbo Bubulubu Originales 419g,Snacks y Sabritas,53.93,147
PROD-UNI-03621,Sonrics Saladitas Habanero 103g,Snacks y Sabritas,44.91,77
PROD-UNI-03622,Coca-Cola Company Refrescos de Cola Familia 2L,Bebidas y Refrescos,37.31,168
PROD-UNI-03623,Churrumais Paleta Payaso Flaming Hot 287g,Snacks y Sabritas,21.53,185
PROD-UNI-03624,Bonafont Refrescos de Cola Lata 355ml,Bebidas y Refrescos,19.71,197
PROD-UNI-03625,Gamesa cacahuates Flaming Hot 330g,Snacks y Sabritas,21.32,39
PROD-UNI-03626,Boing Néctar de Durazno No Retornable 500ml,Bebidas y Refrescos,37.02,158
PROD-UNI-03627,Del Valle Té Negro Vidrio 400ml,Bebidas y Refrescos,43.95,101
PROD-UNI-03628,McCormick Frijoles Bayos Lata 140g,Abarrotes y Despensa,26.79,203
PROD-UNI-03629,Ciel Bebida Energética No Retornable 500ml,Bebidas y Refrescos,39.14,271
PROD-UNI-03630,Bimbo cacahuates Extreme 437g,Snacks y Sabritas,23.35,37
PROD-UNI-03631,San Marcos Sopa de Tomate Lata 220g,Abarrotes y Despensa,48.68,167
PROD-UNI-03632,Peñafiel Néctar de Durazno Familia 2L,Bebidas y Refrescos,26.1,59
PROD-UNI-03633,Sabritas Fritos Adobadas 117g,Snacks y Sabritas,12.16,248
PROD-UNI-03634,Duvalin Saladitas Adobadas 301g,Snacks y Sabritas,38.98,226
PROD-UNI-03635,Churrumais Chips Queso Nacho 115g,Snacks y Sabritas,44.87,135
PROD-UNI-03636,Mafer Emperador Flaming Hot 80g,Snacks y Sabritas,33.2,146
PROD-UNI-03637,Grupo Modelo Néctar de Mango 600ml,Bebidas y Refrescos,42.88,235
PROD-UNI-03638,Sabritas cacahuates Habanero 399g,Snacks y Sabritas,47.33,297
PROD-UNI-03639,Bimbo Donas Flaming Hot 74g,Snacks y Sabritas,47.46,138
PROD-UNI-03640,Boing Refresco de Naranja Pak 4x500ml,Bebidas y Refrescos,24.5,42
PROD-UNI-03641,Jarritos Refresco de Manzana Lata 473ml,Bebidas y Refrescos,21.72,181
PROD-UNI-03642,Sabritas Bubulubu Crema y Especias 265g,Snacks y Sabritas,52.38,41
PROD-UNI-03643,Gamesa Emperador Crujientes 329g,Snacks y Sabritas,43.99,33
PROD-UNI-03644,Bonafont Refresco de Naranja Vidrio 400ml,Bebidas y Refrescos,32.82,49
PROD-UNI-03645,Clamato Bebida Energética No Retornable 500ml,Bebidas y Refrescos,42.19,166
PROD-UNI-03646,Del Valle Té Verde Lata 355ml,Bebidas y Refrescos,20.65,28
PROD-UNI-03647,La Corona Cheetos Habanero 166g,Snacks y Sabritas,22.05,53
PROD-UNI-03648,Ciel Jugo de Manzana Vidrio 400ml,Bebidas y Refrescos,45.84,278
PROD-UNI-03649,Marinela Saladitas Originales 186g,Snacks y Sabritas,20.65,164
PROD-UNI-03650,Marinela Totis Fuego 272g,Snacks y Sabritas,25.51,151
PROD-UNI-03651,Bimbo Takis Sal y Limón 367g,Snacks y Sabritas,12.91,147
PROD-UNI-03652,Marinela Chokis Fuego 405g,Snacks y Sabritas,17.62,240
PROD-UNI-03653,Boing Refrescos de Cola Lata 355ml,Bebidas y Refrescos,26.27,67
PROD-UNI-03654,Bimbo Chips Originales 101g,Snacks y Sabritas,29.15,230
PROD-UNI-03655,Bimbo Papas Adobadas 162g,Snacks y Sabritas,51.48,145
PROD-UNI-03656,Bimbo Cheetos Flaming Hot 409g,Snacks y Sabritas,37.22,42
PROD-UNI-03657,Gamesa Cheetos Adobadas 245g,Snacks y Sabritas,45.35,198
PROD-UNI-03658,Sonrics Emperador Originales 124g,Snacks y Sabritas,26.17,297
PROD-UNI-03659,Ricolino Bubulubu Habanero 359g,Snacks y Sabritas,51.72,20
PROD-UNI-03660,Mafer Chips Crema y Especias 110g,Snacks y Sabritas,44.1,249
PROD-UNI-03661,Sidral Mundet Agua Mineral 600ml,Bebidas y Refrescos,46.14,214
PROD-UNI-03662,Marinela Bubulubu Sal y Limón 281g,Snacks y Sabritas,24.87,147
PROD-UNI-03663,Sonrics Cheetos Originales 429g,Snacks y Sabritas,39.79,59
PROD-UNI-03664,San Marcos Chocolate en Polvo Caja 500g,Abarrotes y Despensa,79.72,80
PROD-UNI-03665,Sabritas Chips Flaming Hot 333g,Snacks y Sabritas,22.43,182
PROD-UNI-03666,Totis Takis Sal y Limón 318g,Snacks y Sabritas,51.26,48
PROD-UNI-03667,Bonafont Té Verde Lata 355ml,Bebidas y Refrescos,16.47,111
PROD-UNI-03668,La Corona Kranky Sal Marina 367g,Snacks y Sabritas,27.56,35
PROD-UNI-03669,Sonrics Cheetos Queso y Chile 158g,Snacks y Sabritas,51.94,46
PROD-UNI-03670,La Costeña Cereal de Maíz Caja 500g,Abarrotes y Despensa,29.12,50
PROD-UNI-03671,Barcel Cheetos Flaming Hot 191g,Snacks y Sabritas,41.85,259
PROD-UNI-03672,Jumex Té Verde Botella 1L,Bebidas y Refrescos,20.17,122
PROD-UNI-03673,Marinela Gansito Originales 399g,Snacks y Sabritas,18.53,82
PROD-UNI-03674,Krilin Emperador Sal y Limón 109g,Snacks y Sabritas,28.52,276
PROD-UNI-03675,Duvalin Emperador Flaming Hot 242g,Snacks y Sabritas,47.6,130
PROD-UNI-03676,Marinela Kranky Flaming Hot 185g,Snacks y Sabritas,13.32,61
PROD-UNI-03677,La Costeña Chocolate en Polvo Caja 500g,Abarrotes y Despensa,58.47,38
PROD-UNI-03678,Jumex Refresco de Naranja Lata 473ml,Bebidas y Refrescos,26.5,27
PROD-UNI-03679,Jarritos Refresco de Manzana No Retornable 500ml,Bebidas y Refrescos,37.85,109
PROD-UNI-03680,Ricolino Kranky Queso Nacho 146g,Snacks y Sabritas,44.49,103
PROD-UNI-03681,Gamesa Takis Habanero 55g,Snacks y Sabritas,26.53,275
PROD-UNI-03682,Nestlé Mayonesa Frasco 400g,Abarrotes y Despensa,33.37,43
PROD-UNI-03683,Grupo Modelo Refresco de Naranja Lata 355ml,Bebidas y Refrescos,15.21,177
PROD-UNI-03684,Grupo Modelo Agua Mineral 600ml,Bebidas y Refrescos,19.57,67
PROD-UNI-03685,Del Valle Bebida Isotónica Lata 355ml,Bebidas y Refrescos,18.34,89
PROD-UNI-03686,Sabritas Donas Queso Nacho 219g,Snacks y Sabritas,19.96,51
PROD-UNI-03687,Gamesa Takis Sal y Limón 397g,Snacks y Sabritas,37.28,38
PROD-UNI-03688,Gamesa Donas Queso y Chile 255g,Snacks y Sabritas,52.65,92
PROD-UNI-03689,Bimbo Donas Queso Nacho 371g,Snacks y Sabritas,53.78,178
PROD-UNI-03690,Barcel Fritos Crema y Especias 287g,Snacks y Sabritas,50.59,73
PROD-UNI-03691,Sonrics Saladitas Fuego 369g,Snacks y Sabritas,39.5,69
PROD-UNI-03692,Del Valle Té Verde 600ml,Bebidas y Refrescos,40.94,82
PROD-UNI-03693,Totis Chips Extreme 250g,Snacks y Sabritas,52.08,227
PROD-UNI-03694,Gamesa Totis Habanero 54g,Snacks y Sabritas,16.48,250
PROD-UNI-03695,Knorr Chocolate en Polvo 1L,Abarrotes y Despensa,63.7,300
PROD-UNI-03696,Jarritos Bebida Energética Familia 2L,Bebidas y Refrescos,14.49,179
PROD-UNI-03697,Lala Leche Deslactosada Lata 140g,Abarrotes y Despensa,82.24,281
PROD-UNI-03698,Duvalin Paleta Payaso Originales 141g,Snacks y Sabritas,53.72,245
PROD-UNI-03699,Mafer Donas Sal Marina 349g,Snacks y Sabritas,25.43,284
PROD-UNI-03700,Duvalin Bubulubu Sal Marina 369g,Snacks y Sabritas,53.59,192
PROD-UNI-03701,La Corona Chips Queso Nacho 227g,Snacks y Sabritas,44.29,266
PROD-UNI-03702,La Corona Gansito Queso Nacho 353g,Snacks y Sabritas,28.29,117
PROD-UNI-03703,Barcel Cheetos Con Limón 382g,Snacks y Sabritas,16.6,226
PROD-UNI-03704,La Corona Papas Crujientes 190g,Snacks y Sabritas,13.47,294
PROD-UNI-03705,Bimbo Chokis Fuego 39g,Snacks y Sabritas,17.38,156
PROD-UNI-03706,Fuze Tea Té Negro No Retornable 500ml,Bebidas y Refrescos,24.59,149
PROD-UNI-03707,Fuze Tea Bebida Isotónica 600ml,Bebidas y Refrescos,43.31,190
PROD-UNI-03708,Ricolino Takis Habanero 403g,Snacks y Sabritas,15.1,177
PROD-UNI-03709,Sonrics Takis Queso y Chile 125g,Snacks y Sabritas,16.63,53
PROD-UNI-03710,Gamesa Fritos Crujientes 269g,Snacks y Sabritas,26.83,23
PROD-UNI-03711,Bimbo Papas Flaming Hot 262g,Snacks y Sabritas,22.38,28
PROD-UNI-03712,Bimbo Crujitos Habanero 393g,Snacks y Sabritas,48.91,177
PROD-UNI-03713,Sabritas cacahuates Con Limón 348g,Snacks y Sabritas,38.09,280
PROD-UNI-03714,Clamato Néctar de Durazno Pak 4x500ml,Bebidas y Refrescos,23.16,175
PROD-UNI-03715,La Corona Crujitos Habanero 315g,Snacks y Sabritas,14.38,278
PROD-UNI-03716,Boing Néctar de Mango No Retornable 500ml,Bebidas y Refrescos,30.63,131
PROD-UNI-03717,Churrumais Crujitos Queso Nacho 359g,Snacks y Sabritas,19.46,95
PROD-UNI-03718,Clamato Bebida Isotónica Lata 355ml,Bebidas y Refrescos,43.42,146
PROD-UNI-03719,Gamesa Takis Fuego 401g,Snacks y Sabritas,17.45,174
PROD-UNI-03720,Krilin Gansito Crema y Especias 113g,Snacks y Sabritas,45.19,79
PROD-UNI-03721,Totis Emperador Sal y Limón 336g,Snacks y Sabritas,29.88,108
PROD-UNI-03722,Ricolino Emperador Crema y Especias 190g,Snacks y Sabritas,31.45,96
PROD-UNI-03723,Jumex Agua Mineral Familia 2L,Bebidas y Refrescos,23.64,189
PROD-UNI-03724,Sabritas Takis Extreme 363g,Snacks y Sabritas,22.22,48
PROD-UNI-03725,Ricolino Donas Sal Marina 355g,Snacks y Sabritas,19.31,102
PROD-UNI-03726,Gamesa Gansito Sal y Limón 341g,Snacks y Sabritas,18.11,199
PROD-UNI-03727,La Corona Papas Sal Marina 140g,Snacks y Sabritas,26.24,183
PROD-UNI-03728,La Corona Totis Flaming Hot 152g,Snacks y Sabritas,51.11,81
PROD-UNI-03729,Duvalin Papas Crema y Especias 422g,Snacks y Sabritas,48.27,297
PROD-UNI-03730,Sabritas Fritos Queso Nacho 307g,Snacks y Sabritas,16.99,260
PROD-UNI-03731,Duvalin Cheetos Con Limón 175g,Snacks y Sabritas,26.99,279
PROD-UNI-03732,Duvalin cacahuates Crema y Especias 317g,Snacks y Sabritas,18.21,92
PROD-UNI-03733,Churrumais Saladitas Crujientes 36g,Snacks y Sabritas,45.78,58
PROD-UNI-03734,La Corona Crujitos Sal y Limón 438g,Snacks y Sabritas,46.26,93
PROD-UNI-03735,Barcel Gansito Crema y Especias 302g,Snacks y Sabritas,34.34,33
PROD-UNI-03736,Gamesa Fritos Queso y Chile 78g,Snacks y Sabritas,37.5,263
PROD-UNI-03737,Fuze Tea Néctar de Durazno 600ml,Bebidas y Refrescos,17.66,77
PROD-UNI-03738,Lala Mayonesa Caja 500g,Abarrotes y Despensa,33.99,80
PROD-UNI-03739,Sidral Mundet Refresco de Naranja Pak 4x500ml,Bebidas y Refrescos,33.93,203
PROD-UNI-03740,Gamesa Papas Queso Nacho 34g,Snacks y Sabritas,37.81,165
PROD-UNI-03741,Bimbo Chips Habanero 420g,Snacks y Sabritas,27.42,46
PROD-UNI-03742,Churrumais Chokis Adobadas 450g,Snacks y Sabritas,40.37,75
PROD-UNI-03743,Sonrics Paleta Payaso Con Limón 99g,Snacks y Sabritas,31.4,293
PROD-UNI-03744,Ricolino Crujitos Originales 241g,Snacks y Sabritas,36.65,166
PROD-UNI-03745,Marinela Papas Habanero 51g,Snacks y Sabritas,44.71,178
PROD-UNI-03746,La Corona Fritos Queso Nacho 198g,Snacks y Sabritas,12.49,42
PROD-UNI-03747,La Corona Chokis Flaming Hot 385g,Snacks y Sabritas,27.5,129
PROD-UNI-03748,Marinela Takis Sal Marina 32g,Snacks y Sabritas,23.47,35
PROD-UNI-03749,Boing Té Negro Lata 355ml,Bebidas y Refrescos,44.47,260
PROD-UNI-03750,Sabritas Totis Sal y Limón 170g,Snacks y Sabritas,52.66,193
PROD-UNI-03751,Bonafont Té Verde Familia 2L,Bebidas y Refrescos,47.35,294
PROD-UNI-03752,La Corona Bubulubu Queso Nacho 43g,Snacks y Sabritas,46.25,27
PROD-UNI-03753,Sonrics Emperador Queso y Chile 313g,Snacks y Sabritas,13.84,229
PROD-UNI-03754,Marinela Chips Sal y Limón 54g,Snacks y Sabritas,45.07,196
PROD-UNI-03755,Alpura Cereal de Maíz Botella 370ml,Abarrotes y Despensa,22.99,125
PROD-UNI-03756,Clamato Refresco de Naranja 600ml,Bebidas y Refrescos,20.59,40
PROD-UNI-03757,Duvalin Donas Crema y Especias 99g,Snacks y Sabritas,41.85,167
PROD-UNI-03758,Sonrics Gansito Fuego 176g,Snacks y Sabritas,37.61,196
PROD-UNI-03759,Mafer Chips Originales 86g,Snacks y Sabritas,51.54,146
PROD-UNI-03760,La Costeña Sopa de Tomate Botella 370ml,Abarrotes y Despensa,63.69,84
PROD-UNI-03761,Churrumais cacahuates Sal Marina 57g,Snacks y Sabritas,31.29,138
PROD-UNI-03762,Barcel cacahuates Fuego 171g,Snacks y Sabritas,28.3,162
PROD-UNI-03763,Duvalin Donas Flaming Hot 429g,Snacks y Sabritas,31.63,61
PROD-UNI-03764,Totis Emperador Con Limón 327g,Snacks y Sabritas,43.41,180
PROD-UNI-03765,Jumex Té Verde Familia 2L,Bebidas y Refrescos,28.52,57
PROD-UNI-03766,Ricolino cacahuates Habanero 341g,Snacks y Sabritas,17.16,116
PROD-UNI-03767,Krilin Kranky Crema y Especias 375g,Snacks y Sabritas,20.27,67
PROD-UNI-03768,Krilin Crujitos Extreme 314g,Snacks y Sabritas,12.71,238
PROD-UNI-03769,Duvalin cacahuates Con Limón 292g,Snacks y Sabritas,53.25,216
PROD-UNI-03770,Grupo Modelo Bebida Isotónica 600ml,Bebidas y Refrescos,24.21,273
PROD-UNI-03771,Totis cacahuates Queso Nacho 379g,Snacks y Sabritas,52.57,229
PROD-UNI-03772,Clamato Bebida Energética Familia 2L,Bebidas y Refrescos,36.84,15
PROD-UNI-03773,Jumex Néctar de Mango Pak 4x500ml,Bebidas y Refrescos,14.23,289
PROD-UNI-03774,Coca-Cola Company Refresco de Naranja Lata 355ml,Bebidas y Refrescos,24.44,241
PROD-UNI-03775,Grupo Modelo Refresco de Naranja Botella 1L,Bebidas y Refrescos,22.64,45
PROD-UNI-03776,Totis Bubulubu Sal Marina 74g,Snacks y Sabritas,48.06,132
PROD-UNI-03777,Sonrics cacahuates Crujientes 237g,Snacks y Sabritas,48.36,297
PROD-UNI-03778,Gamesa Takis Originales 307g,Snacks y Sabritas,40.37,111
PROD-UNI-03779,Boing Refresco de Manzana Lata 473ml,Bebidas y Refrescos,45.79,123
PROD-UNI-03780,Clamato Néctar de Durazno Familia 2L,Bebidas y Refrescos,19.64,150
PROD-UNI-03781,Krilin Saladitas Crujientes 68g,Snacks y Sabritas,14.94,155
PROD-UNI-03782,Krilin Chips Queso y Chile 363g,Snacks y Sabritas,32.38,44
PROD-UNI-03783,La Corona Gansito Originales 441g,Snacks y Sabritas,20.5,182
PROD-UNI-03784,Barcel Chokis Extreme 360g,Snacks y Sabritas,42.51,20
PROD-UNI-03785,San Marcos Leche Entera Pouch 200g,Abarrotes y Despensa,66.96,41
PROD-UNI-03786,Bonafont Té Verde Vidrio 400ml,Bebidas y Refrescos,43.07,201
PROD-UNI-03787,Churrumais Bubulubu Sal Marina 122g,Snacks y Sabritas,40.82,80
PROD-UNI-03788,Krilin Chokis Con Limón 341g,Snacks y Sabritas,36.49,188
PROD-UNI-03789,Ricolino Crujitos Sal Marina 450g,Snacks y Sabritas,31.26,102
PROD-UNI-03790,Knorr Leche Entera Lata 140g,Abarrotes y Despensa,77.35,261
PROD-UNI-03791,Mafer Papas Adobadas 318g,Snacks y Sabritas,18.68,149
PROD-UNI-03792,McCormick Leche Entera Frasco 400g,Abarrotes y Despensa,66.42,263
PROD-UNI-03793,Boing Agua Purificada Botella 1L,Bebidas y Refrescos,20.44,191
PROD-UNI-03794,Totis Paleta Payaso Sal Marina 323g,Snacks y Sabritas,51.99,157
PROD-UNI-03795,Duvalin Donas Adobadas 42g,Snacks y Sabritas,25.28,282
PROD-UNI-03796,Krilin Takis Fuego 384g,Snacks y Sabritas,40.49,156
PROD-UNI-03797,Sabritas Gansito Crema y Especias 164g,Snacks y Sabritas,38.02,179
PROD-UNI-03798,Totis Paleta Payaso Flaming Hot 166g,Snacks y Sabritas,45.32,141
PROD-UNI-03799,Coca-Cola Company Refresco de Naranja Botella 1L,Bebidas y Refrescos,39.36,63
PROD-UNI-03800,Del Valle Agua Mineral Botella 1L,Bebidas y Refrescos,31.11,179
PROD-UNI-03801,Ricolino Chips Flaming Hot 318g,Snacks y Sabritas,24.08,209
PROD-UNI-03802,La Corona Donas Extreme 247g,Snacks y Sabritas,51.78,129
PROD-UNI-03803,Churrumais Chips Habanero 370g,Snacks y Sabritas,39.1,128
PROD-UNI-03804,Mafer Gansito Sal Marina 347g,Snacks y Sabritas,37.92,71
PROD-UNI-03805,Mafer Gansito Originales 195g,Snacks y Sabritas,44.64,47
PROD-UNI-03806,Duvalin Cheetos Extreme 82g,Snacks y Sabritas,53.21,143
PROD-UNI-03807,McCormick Mayonesa 1L,Abarrotes y Despensa,65.41,230
PROD-UNI-03808,Ricolino Fritos Crema y Especias 252g,Snacks y Sabritas,43.06,256
PROD-UNI-03809,Ricolino Chokis Extreme 35g,Snacks y Sabritas,28.31,188
PROD-UNI-03810,Gamesa Emperador Crema y Especias 110g,Snacks y Sabritas,22.02,119
PROD-UNI-03811,Bimbo Fritos Sal y Limón 335g,Snacks y Sabritas,38.4,140
PROD-UNI-03812,Sonrics Fritos Habanero 387g,Snacks y Sabritas,15.91,55
PROD-UNI-03813,Mafer Donas Queso Nacho 339g,Snacks y Sabritas,53.93,129
PROD-UNI-03814,Krilin Paleta Payaso Flaming Hot 226g,Snacks y Sabritas,47.47,295
PROD-UNI-03815,Nestlé Chocolate en Polvo Caja 500g,Abarrotes y Despensa,72.53,284
PROD-UNI-03816,Ciel Jugo de Manzana Pak 4x500ml,Bebidas y Refrescos,43.23,76
PROD-UNI-03817,Bimbo Papas Habanero 74g,Snacks y Sabritas,29.69,254
PROD-UNI-03818,Del Valle Bebida Energética No Retornable 500ml,Bebidas y Refrescos,33.89,243
PROD-UNI-03819,Duvalin Papas Sal y Limón 420g,Snacks y Sabritas,19.68,145
PROD-UNI-03820,Mafer Takis Queso y Chile 276g,Snacks y Sabritas,25.48,96
PROD-UNI-03821,Grupo Modelo Refrescos de Cola Botella 1L,Bebidas y Refrescos,37.35,218
PROD-UNI-03822,Bimbo Fritos Queso y Chile 294g,Snacks y Sabritas,35.12,123
PROD-UNI-03823,Marinela Papas Crema y Especias 436g,Snacks y Sabritas,21.78,214
PROD-UNI-03824,Bimbo Fritos Adobadas 231g,Snacks y Sabritas,26.2,179
PROD-UNI-03825,La Costeña Salsa Valentina Pouch 200g,Abarrotes y Despensa,82.22,207
PROD-UNI-03826,Duvalin Gansito Habanero 60g,Snacks y Sabritas,15.29,126
PROD-UNI-03827,Jumex Agua Mineral Pak 4x500ml,Bebidas y Refrescos,30.55,236
PROD-UNI-03828,Clamato Bebida Isotónica Lata 473ml,Bebidas y Refrescos,24.95,83
PROD-UNI-03829,Jumex Refresco de Toronja Vidrio 400ml,Bebidas y Refrescos,28.98,162
PROD-UNI-03830,Jarritos Bebida Energética No Retornable 500ml,Bebidas y Refrescos,28.73,53
PROD-UNI-03831,Alpura Sopa de Tomate 1L,Abarrotes y Despensa,82.92,172
PROD-UNI-03832,La Corona Fritos Queso y Chile 148g,Snacks y Sabritas,34.8,176
PROD-UNI-03833,Mafer Chokis Queso Nacho 274g,Snacks y Sabritas,49.18,83
PROD-UNI-03834,Sabritas Chokis Adobadas 129g,Snacks y Sabritas,42.98,235
PROD-UNI-03835,Gamesa Bubulubu Con Limón 88g,Snacks y Sabritas,42.18,280
PROD-UNI-03836,Krilin Paleta Payaso Queso Nacho 138g,Snacks y Sabritas,23.1,251
PROD-UNI-03837,Jarritos Refresco de Manzana Pak 4x500ml,Bebidas y Refrescos,44.29,172
PROD-UNI-03838,Gamesa Crujitos Con Limón 60g,Snacks y Sabritas,18.69,270
PROD-UNI-03839,Lala Mayonesa Lata 140g,Abarrotes y Despensa,55.38,110
PROD-UNI-03840,Gamesa Papas Sal y Limón 426g,Snacks y Sabritas,50,230
PROD-UNI-03841,Grupo Modelo Jugo de Manzana Lata 355ml,Bebidas y Refrescos,45.99,172
PROD-UNI-03842,Churrumais Takis Crujientes 384g,Snacks y Sabritas,32.57,232
PROD-UNI-03843,Sabritas Bubulubu Con Limón 370g,Snacks y Sabritas,31.52,168
PROD-UNI-03844,Sabritas Gansito Adobadas 440g,Snacks y Sabritas,44.19,197
PROD-UNI-03845,Krilin Totis Sal y Limón 276g,Snacks y Sabritas,27.68,158
PROD-UNI-03846,PepsiCo Jugo de Manzana Lata 473ml,Bebidas y Refrescos,42.24,263
PROD-UNI-03847,Gamesa Kranky Habanero 189g,Snacks y Sabritas,18.73,225
PROD-UNI-03848,Herdez Atún en Aceite Caja 500g,Abarrotes y Despensa,20.81,178
PROD-UNI-03849,Ciel Refresco de Naranja Familia 2L,Bebidas y Refrescos,29.09,123
PROD-UNI-03850,Ricolino Emperador Queso Nacho 372g,Snacks y Sabritas,47.29,243
PROD-UNI-03851,Bonafont Agua Mineral Pak 4x500ml,Bebidas y Refrescos,40.99,270
PROD-UNI-03852,Herdez Chiles Jalapeños Caja 500g,Abarrotes y Despensa,45.29,215
PROD-UNI-03853,Sabritas Chokis Crujientes 35g,Snacks y Sabritas,46.63,21
PROD-UNI-03854,Barcel Donas Fuego 262g,Snacks y Sabritas,22.89,110
PROD-UNI-03855,Grupo Modelo Agua Mineral No Retornable 500ml,Bebidas y Refrescos,27.47,21
PROD-UNI-03856,Churrumais Totis Con Limón 64g,Snacks y Sabritas,48.88,292
PROD-UNI-03857,Krilin Fritos Originales 308g,Snacks y Sabritas,33.99,44
PROD-UNI-03858,Churrumais Gansito Con Limón 73g,Snacks y Sabritas,31.09,22
PROD-UNI-03859,Mafer Kranky Crujientes 58g,Snacks y Sabritas,28.43,97
PROD-UNI-03860,Del Valle Néctar de Mango Lata 355ml,Bebidas y Refrescos,27.53,55
PROD-UNI-03861,Boing Refresco de Toronja 600ml,Bebidas y Refrescos,42.66,274
PROD-UNI-03862,Bimbo Paleta Payaso Originales 277g,Snacks y Sabritas,22.31,205
PROD-UNI-03863,Ciel Té Negro Lata 355ml,Bebidas y Refrescos,22.62,153
PROD-UNI-03864,Duvalin Fritos Fuego 103g,Snacks y Sabritas,24.5,95
PROD-UNI-03865,Bonafont Refresco de Manzana Lata 355ml,Bebidas y Refrescos,16.26,121
PROD-UNI-03866,Knorr Leche Deslactosada Lata 140g,Abarrotes y Despensa,53.27,239
PROD-UNI-03867,Jarritos Néctar de Mango No Retornable 500ml,Bebidas y Refrescos,18.13,117
PROD-UNI-03868,La Corona Chokis Extreme 238g,Snacks y Sabritas,24.69,263
PROD-UNI-03869,La Corona cacahuates Sal y Limón 246g,Snacks y Sabritas,22.67,248
PROD-UNI-03870,Sidral Mundet Refresco de Naranja 600ml,Bebidas y Refrescos,29.46,266
PROD-UNI-03871,Boing Bebida Energética Vidrio 400ml,Bebidas y Refrescos,15.65,100
PROD-UNI-03872,Sabritas cacahuates Crema y Especias 176g,Snacks y Sabritas,22.78,233
PROD-UNI-03873,Marinela Chokis Queso y Chile 276g,Snacks y Sabritas,40.93,48
PROD-UNI-03874,Sonrics Gansito Crema y Especias 104g,Snacks y Sabritas,28.12,236
PROD-UNI-03875,Bimex Chocolate en Polvo Lata 220g,Abarrotes y Despensa,46.44,281
PROD-UNI-03876,Bimbo Emperador Sal Marina 270g,Snacks y Sabritas,31.04,262
PROD-UNI-03877,Jarritos Jugo de Manzana Pak 4x500ml,Bebidas y Refrescos,46.31,274
PROD-UNI-03878,Bonafont Néctar de Durazno No Retornable 500ml,Bebidas y Refrescos,20.45,15
PROD-UNI-03879,Knorr Chocolate en Polvo Caja 500g,Abarrotes y Despensa,32.29,270
PROD-UNI-03880,Del Valle Refrescos de Cola Botella 1L,Bebidas y Refrescos,24.27,39
PROD-UNI-03881,Sonrics Paleta Payaso Extreme 126g,Snacks y Sabritas,48.35,153
PROD-UNI-03882,Sidral Mundet Refrescos de Cola Familia 2L,Bebidas y Refrescos,24.38,177
PROD-UNI-03883,Churrumais cacahuates Habanero 242g,Snacks y Sabritas,32.95,135
PROD-UNI-03884,Fuze Tea Refresco de Naranja Lata 355ml,Bebidas y Refrescos,37.93,288
PROD-UNI-03885,La Corona Paleta Payaso Originales 301g,Snacks y Sabritas,36.54,49
PROD-UNI-03886,Clamato Agua Mineral Familia 2L,Bebidas y Refrescos,16.58,288
PROD-UNI-03887,Gamesa Saladitas Fuego 96g,Snacks y Sabritas,41.23,267
PROD-UNI-03888,Fuze Tea Agua Purificada No Retornable 500ml,Bebidas y Refrescos,17.38,43
PROD-UNI-03889,Ricolino Fritos Sal y Limón 390g,Snacks y Sabritas,41.57,178
PROD-UNI-03890,San Marcos Chocolate en Polvo Pouch 200g,Abarrotes y Despensa,57.26,102
PROD-UNI-03891,Mafer Chokis Originales 352g,Snacks y Sabritas,47.89,196
PROD-UNI-03892,Sonrics Donas Adobadas 309g,Snacks y Sabritas,51.66,37
PROD-UNI-03893,Barcel Cheetos Fuego 161g,Snacks y Sabritas,36.21,182
PROD-UNI-03894,Barcel Gansito Sal y Limón 55g,Snacks y Sabritas,15.63,63
PROD-UNI-03895,Peñafiel Refresco de Toronja Vidrio 400ml,Bebidas y Refrescos,20.3,95
PROD-UNI-03896,Alpura Cereal de Maíz Caja 500g,Abarrotes y Despensa,78.74,199
PROD-UNI-03897,Barcel Takis Habanero 362g,Snacks y Sabritas,31.12,28
PROD-UNI-03898,Sonrics cacahuates Originales 442g,Snacks y Sabritas,23.34,193
PROD-UNI-03899,Marinela Chips Adobadas 221g,Snacks y Sabritas,22.08,287
PROD-UNI-03900,La Corona Chips Habanero 375g,Snacks y Sabritas,30.64,175
PROD-UNI-03901,Coca-Cola Company Agua Purificada Lata 473ml,Bebidas y Refrescos,40.35,201
PROD-UNI-03902,Sidral Mundet Bebida Energética 600ml,Bebidas y Refrescos,19.85,200
PROD-UNI-03903,Barcel Paleta Payaso Queso y Chile 72g,Snacks y Sabritas,46.71,127
PROD-UNI-03904,Marinela Emperador Habanero 300g,Snacks y Sabritas,51.96,153
PROD-UNI-03905,Jumex Néctar de Durazno Lata 355ml,Bebidas y Refrescos,19.78,268
PROD-UNI-03906,Boing Néctar de Durazno Lata 473ml,Bebidas y Refrescos,37.57,123
PROD-UNI-03907,Gamesa Paleta Payaso Originales 336g,Snacks y Sabritas,19.38,92
PROD-UNI-03908,McCormick Chiles Jalapeños Frasco 400g,Abarrotes y Despensa,26.73,269
PROD-UNI-03909,PepsiCo Agua Mineral No Retornable 500ml,Bebidas y Refrescos,15.19,203
PROD-UNI-03910,Clamato Refresco de Toronja Lata 355ml,Bebidas y Refrescos,17.48,209
PROD-UNI-03911,Jarritos Té Negro Familia 2L,Bebidas y Refrescos,25.63,227
PROD-UNI-03912,Sonrics Cheetos Habanero 170g,Snacks y Sabritas,51.65,149
PROD-UNI-03913,Duvalin Bubulubu Crema y Especias 73g,Snacks y Sabritas,24.3,98
PROD-UNI-03914,Jarritos Refresco de Naranja Lata 473ml,Bebidas y Refrescos,32.95,71
PROD-UNI-03915,PepsiCo Néctar de Mango Pak 4x500ml,Bebidas y Refrescos,15.62,264
PROD-UNI-03916,Gamesa Takis Crema y Especias 247g,Snacks y Sabritas,46.44,153
PROD-UNI-03917,PepsiCo Té Negro Lata 355ml,Bebidas y Refrescos,35.43,58
PROD-UNI-03918,Totis Papas Adobadas 266g,Snacks y Sabritas,54.9,259
PROD-UNI-03919,Bimbo Saladitas Flaming Hot 158g,Snacks y Sabritas,48.24,59
PROD-UNI-03920,La Costeña Chocolate en Polvo Botella 370ml,Abarrotes y Despensa,61.97,161
PROD-UNI-03921,Barcel Bubulubu Extreme 401g,Snacks y Sabritas,19.87,129
PROD-UNI-03922,Bimbo Kranky Extreme 38g,Snacks y Sabritas,43.56,132
PROD-UNI-03923,Bimbo Fritos Queso Nacho 57g,Snacks y Sabritas,14.71,62
PROD-UNI-03924,Sabritas Takis Fuego 33g,Snacks y Sabritas,17.97,219
PROD-UNI-03925,Totis Donas Con Limón 318g,Snacks y Sabritas,20.57,259
PROD-UNI-03926,Krilin Gansito Flaming Hot 294g,Snacks y Sabritas,34.46,201
PROD-UNI-03927,San Marcos Chocolate en Polvo Lata 220g,Abarrotes y Despensa,30.46,136
PROD-UNI-03928,Gamesa Takis Con Limón 312g,Snacks y Sabritas,32.7,43
PROD-UNI-03929,Churrumais Paleta Payaso Sal y Limón 340g,Snacks y Sabritas,16.75,59
PROD-UNI-03930,Krilin Fritos Fuego 158g,Snacks y Sabritas,24.86,97
PROD-UNI-03931,PepsiCo Agua Purificada Vidrio 400ml,Bebidas y Refrescos,22.94,258
PROD-UNI-03932,Jarritos Bebida Isotónica Pak 4x500ml,Bebidas y Refrescos,25.67,282
PROD-UNI-03933,Ciel Agua Mineral Vidrio 400ml,Bebidas y Refrescos,37.83,233
PROD-UNI-03934,Duvalin Saladitas Crema y Especias 115g,Snacks y Sabritas,47.54,53
PROD-UNI-03935,La Costeña Frijoles Bayos Lata 220g,Abarrotes y Despensa,83.3,153
PROD-UNI-03936,Mafer Emperador Originales 92g,Snacks y Sabritas,44.06,117
PROD-UNI-03937,Marinela Chokis Crema y Especias 307g,Snacks y Sabritas,34.96,170
PROD-UNI-03938,Duvalin Chips Con Limón 447g,Snacks y Sabritas,48.26,284
PROD-UNI-03939,Krilin Crujitos Crema y Especias 269g,Snacks y Sabritas,44.14,235
PROD-UNI-03940,Sabritas Gansito Extreme 205g,Snacks y Sabritas,38.23,276
PROD-UNI-03941,Jarritos Agua Purificada Familia 2L,Bebidas y Refrescos,15.83,116
PROD-UNI-03942,Bimbo Cheetos Queso Nacho 193g,Snacks y Sabritas,36.32,104
PROD-UNI-03943,Grupo Modelo Refrescos de Cola Lata 355ml,Bebidas y Refrescos,15.71,189
PROD-UNI-03944,McCormick Salsa Valentina Pouch 200g,Abarrotes y Despensa,29.15,30
PROD-UNI-03945,La Corona Fritos Sal Marina 369g,Snacks y Sabritas,29.42,247
PROD-UNI-03946,Jarritos Néctar de Durazno Lata 355ml,Bebidas y Refrescos,29.9,162
PROD-UNI-03947,Peñafiel Agua Purificada Lata 473ml,Bebidas y Refrescos,30.28,293
PROD-UNI-03948,Mafer Bubulubu Queso Nacho 152g,Snacks y Sabritas,30.84,206
PROD-UNI-03949,Sidral Mundet Refresco de Manzana Vidrio 400ml,Bebidas y Refrescos,25.03,151
PROD-UNI-03950,Marinela Paleta Payaso Fuego 355g,Snacks y Sabritas,31.55,252
PROD-UNI-03951,Jumex Néctar de Durazno Vidrio 400ml,Bebidas y Refrescos,44.79,41
PROD-UNI-03952,Churrumais Saladitas Con Limón 223g,Snacks y Sabritas,28.78,230
PROD-UNI-03953,Jarritos Néctar de Mango Vidrio 400ml,Bebidas y Refrescos,32.5,23
PROD-UNI-03954,Peñafiel Refresco de Naranja 600ml,Bebidas y Refrescos,33.96,163
PROD-UNI-03955,Sidral Mundet Néctar de Mango Pak 4x500ml,Bebidas y Refrescos,38.81,292
PROD-UNI-03956,Totis Cheetos Con Limón 301g,Snacks y Sabritas,37.06,115
PROD-UNI-03957,Krilin Paleta Payaso Originales 409g,Snacks y Sabritas,26.28,265
PROD-UNI-03958,Ricolino Saladitas Flaming Hot 262g,Snacks y Sabritas,18.6,61
PROD-UNI-03959,Sidral Mundet Refresco de Naranja Lata 473ml,Bebidas y Refrescos,43.96,150
PROD-UNI-03960,Marinela Fritos Queso y Chile 330g,Snacks y Sabritas,18.06,73
PROD-UNI-03961,Barcel Fritos Habanero 106g,Snacks y Sabritas,48.72,53
PROD-UNI-03962,PepsiCo Néctar de Durazno Lata 355ml,Bebidas y Refrescos,46.19,220
PROD-UNI-03963,Sonrics Emperador Queso Nacho 179g,Snacks y Sabritas,21.96,112
PROD-UNI-03964,Bonafont Bebida Isotónica Lata 355ml,Bebidas y Refrescos,23.78,78
PROD-UNI-03965,Clamato Jugo de Manzana Pak 4x500ml,Bebidas y Refrescos,40.5,150
PROD-UNI-03966,Jumex Té Negro Lata 473ml,Bebidas y Refrescos,25.57,100
PROD-UNI-03967,Del Valle Jugo de Manzana Familia 2L,Bebidas y Refrescos,32.29,71
PROD-UNI-03968,Knorr Cereal de Maíz Botella 370ml,Abarrotes y Despensa,63.79,141
PROD-UNI-03969,Nestlé Salsa Valentina 1L,Abarrotes y Despensa,60.46,15
PROD-UNI-03970,Ricolino Chokis Adobadas 420g,Snacks y Sabritas,19.21,120
PROD-UNI-03971,Totis Fritos Crema y Especias 380g,Snacks y Sabritas,34.99,237
PROD-UNI-03972,Herdez Frijoles Bayos Lata 140g,Abarrotes y Despensa,57.75,244
PROD-UNI-03973,Totis Chokis Sal Marina 50g,Snacks y Sabritas,34.02,162
PROD-UNI-03974,Gamesa Chips Extreme 315g,Snacks y Sabritas,27.8,190
PROD-UNI-03975,Krilin Crujitos Flaming Hot 416g,Snacks y Sabritas,37.61,223
PROD-UNI-03976,Krilin cacahuates Crema y Especias 176g,Snacks y Sabritas,36.22,43
PROD-UNI-03977,Sonrics Fritos Crujientes 44g,Snacks y Sabritas,51.9,140
PROD-UNI-03978,Sabritas cacahuates Sal y Limón 255g,Snacks y Sabritas,40.38,230
PROD-UNI-03979,Nestlé Frijoles Bayos Lata 220g,Abarrotes y Despensa,38.2,30
PROD-UNI-03980,La Corona Fritos Crujientes 268g,Snacks y Sabritas,38.39,294
PROD-UNI-03981,Lala Salsa Valentina Frasco 400g,Abarrotes y Despensa,28.07,47
PROD-UNI-03982,Ricolino Gansito Sal y Limón 378g,Snacks y Sabritas,49.04,252
PROD-UNI-03983,La Costeña Mayonesa Lata 140g,Abarrotes y Despensa,57.52,137
PROD-UNI-03984,Gamesa Chokis Con Limón 242g,Snacks y Sabritas,42,139
PROD-UNI-03985,McCormick Frijoles Bayos Frasco 400g,Abarrotes y Despensa,45.75,109
PROD-UNI-03986,Jumex Té Verde Lata 355ml,Bebidas y Refrescos,16.97,48
PROD-UNI-03987,Bimbo Gansito Sal Marina 161g,Snacks y Sabritas,28.13,51
PROD-UNI-03988,Sonrics Cheetos Sal y Limón 211g,Snacks y Sabritas,29.95,180
PROD-UNI-03989,Ciel Agua Purificada Lata 473ml,Bebidas y Refrescos,15.14,136
PROD-UNI-03990,Bimex Leche Entera Lata 220g,Abarrotes y Despensa,33.89,286
PROD-UNI-03991,Totis Emperador Originales 189g,Snacks y Sabritas,32.55,230
PROD-UNI-03992,Duvalin Gansito Sal Marina 381g,Snacks y Sabritas,33.66,290
PROD-UNI-03993,Herdez Leche Deslactosada Botella 370ml,Abarrotes y Despensa,44.01,138
PROD-UNI-03994,Peñafiel Té Negro No Retornable 500ml,Bebidas y Refrescos,19.98,173
PROD-UNI-03995,La Corona Kranky Flaming Hot 248g,Snacks y Sabritas,48.14,166
PROD-UNI-03996,Bonafont Néctar de Durazno Botella 1L,Bebidas y Refrescos,41.53,280
PROD-UNI-03997,Alpura Atún en Aceite Lata 140g,Abarrotes y Despensa,72.04,73
PROD-UNI-03998,Jarritos Refrescos de Cola Lata 473ml,Bebidas y Refrescos,20.62,130
PROD-UNI-03999,Marinela Papas Queso Nacho 49g,Snacks y Sabritas,29.6,198
PROD-UNI-04000,Barcel Chips Sal Marina 83g,Snacks y Sabritas,24.49,155
PROD-UNI-04001,Del Valle Té Negro Familia 2L,Bebidas y Refrescos,25.07,147
PROD-UNI-04002,Boing Bebida Energética Pak 4x500ml,Bebidas y Refrescos,16.76,213
PROD-UNI-04003,Totis Kranky Originales 436g,Snacks y Sabritas,40.34,232
PROD-UNI-04004,Del Valle Refresco de Toronja Pak 4x500ml,Bebidas y Refrescos,14.64,127
PROD-UNI-04005,Duvalin Paleta Payaso Extreme 440g,Snacks y Sabritas,14.2,165
PROD-UNI-04006,Barcel Crujitos Crema y Especias 420g,Snacks y Sabritas,34.53,114
PROD-UNI-04007,Duvalin Chokis Sal y Limón 411g,Snacks y Sabritas,31.02,32
PROD-UNI-04008,Gamesa Kranky Crema y Especias 450g,Snacks y Sabritas,27.2,166
PROD-UNI-04009,Krilin Saladitas Queso y Chile 395g,Snacks y Sabritas,35.83,261
PROD-UNI-04010,Sabritas Chokis Sal Marina 391g,Snacks y Sabritas,46.6,40
PROD-UNI-04011,Gamesa Takis Queso y Chile 38g,Snacks y Sabritas,44.14,45
PROD-UNI-04012,Bimbo cacahuates Flaming Hot 450g,Snacks y Sabritas,54.42,139
PROD-UNI-04013,Fuze Tea Té Verde No Retornable 500ml,Bebidas y Refrescos,43.56,82
PROD-UNI-04014,Marinela Papas Sal Marina 31g,Snacks y Sabritas,22.18,258
PROD-UNI-04015,Bonafont Agua Purificada Pak 4x500ml,Bebidas y Refrescos,16.92,133
PROD-UNI-04016,Totis Bubulubu Flaming Hot 263g,Snacks y Sabritas,13.38,40
PROD-UNI-04017,Fuze Tea Bebida Isotónica Familia 2L,Bebidas y Refrescos,27.79,197
PROD-UNI-04018,PepsiCo Bebida Energética 600ml,Bebidas y Refrescos,34.4,185
PROD-UNI-04019,Herdez Cereal de Maíz Pouch 200g,Abarrotes y Despensa,36.84,111
PROD-UNI-04020,Krilin Takis Sal Marina 253g,Snacks y Sabritas,29.78,283
PROD-UNI-04021,San Marcos Cereal de Maíz 1L,Abarrotes y Despensa,80.91,91
PROD-UNI-04022,Barcel Papas Adobadas 273g,Snacks y Sabritas,38.77,119
PROD-UNI-04023,PepsiCo Té Negro Familia 2L,Bebidas y Refrescos,16.15,163
PROD-UNI-04024,Barcel Crujitos Originales 105g,Snacks y Sabritas,34.68,165
PROD-UNI-04025,Ricolino Totis Habanero 247g,Snacks y Sabritas,46.3,205
PROD-UNI-04026,Coca-Cola Company Jugo de Manzana 600ml,Bebidas y Refrescos,14.6,94
PROD-UNI-04027,Totis Donas Habanero 229g,Snacks y Sabritas,54.93,218
PROD-UNI-04028,Bonafont Té Negro Botella 1L,Bebidas y Refrescos,38.8,256
PROD-UNI-04029,Churrumais Takis Extreme 347g,Snacks y Sabritas,23.11,253
PROD-UNI-04030,Mafer Fritos Queso y Chile 350g,Snacks y Sabritas,23.23,280
PROD-UNI-04031,Grupo Modelo Refresco de Naranja 600ml,Bebidas y Refrescos,39.14,52
PROD-UNI-04032,Sidral Mundet Té Negro Vidrio 400ml,Bebidas y Refrescos,14.59,23
PROD-UNI-04033,Coca-Cola Company Té Verde Lata 355ml,Bebidas y Refrescos,34.8,277
PROD-UNI-04034,Ricolino Papas Queso Nacho 437g,Snacks y Sabritas,53.01,221
PROD-UNI-04035,Mafer Paleta Payaso Extreme 114g,Snacks y Sabritas,48.71,149
PROD-UNI-04036,Mafer Kranky Crema y Especias 100g,Snacks y Sabritas,30.08,31
PROD-UNI-04037,Sabritas Emperador Extreme 273g,Snacks y Sabritas,25.12,22
PROD-UNI-04038,Boing Té Negro Lata 473ml,Bebidas y Refrescos,25.75,284
PROD-UNI-04039,Nestlé Cereal de Maíz 1L,Abarrotes y Despensa,83.56,245
PROD-UNI-04040,Nestlé Cereal de Maíz Frasco 400g,Abarrotes y Despensa,51.51,101
PROD-UNI-04041,Churrumais Saladitas Sal y Limón 52g,Snacks y Sabritas,47.23,18
PROD-UNI-04042,Totis Donas Extreme 153g,Snacks y Sabritas,19.89,231
PROD-UNI-04043,Totis Chips Con Limón 362g,Snacks y Sabritas,33.5,28
PROD-UNI-04044,PepsiCo Refrescos de Cola Botella 1L,Bebidas y Refrescos,30.87,217
PROD-UNI-04045,Mafer Totis Originales 366g,Snacks y Sabritas,45.65,137
PROD-UNI-04046,Bimbo Cheetos Adobadas 178g,Snacks y Sabritas,15.88,71
PROD-UNI-04047,Ciel Té Verde No Retornable 500ml,Bebidas y Refrescos,35.64,173
PROD-UNI-04048,Sabritas cacahuates Queso Nacho 448g,Snacks y Sabritas,52.84,84
PROD-UNI-04049,Ciel Refresco de Naranja Pak 4x500ml,Bebidas y Refrescos,46.05,230
PROD-UNI-04050,Sidral Mundet Agua Mineral Familia 2L,Bebidas y Refrescos,34.48,66
PROD-UNI-04051,Barcel Crujitos Con Limón 331g,Snacks y Sabritas,40.5,165
PROD-UNI-04052,Grupo Modelo Refresco de Toronja Familia 2L,Bebidas y Refrescos,40.7,23
PROD-UNI-04053,Coca-Cola Company Jugo de Manzana No Retornable 500ml,Bebidas y Refrescos,42.18,18
PROD-UNI-04054,Grupo Modelo Agua Mineral Lata 355ml,Bebidas y Refrescos,42.33,34
PROD-UNI-04055,Jumex Refresco de Manzana 600ml,Bebidas y Refrescos,14.74,161
PROD-UNI-04056,Totis Takis Adobadas 347g,Snacks y Sabritas,25.64,111
PROD-UNI-04057,Peñafiel Agua Mineral Botella 1L,Bebidas y Refrescos,40.47,105
PROD-UNI-04058,Boing Refresco de Manzana No Retornable 500ml,Bebidas y Refrescos,30.79,92
PROD-UNI-04059,Ricolino Saladitas Extreme 395g,Snacks y Sabritas,39.38,65
PROD-UNI-04060,Duvalin Chips Extreme 416g,Snacks y Sabritas,29.51,281
PROD-UNI-04061,La Costeña Frijoles Bayos 1L,Abarrotes y Despensa,39.83,145
PROD-UNI-04062,La Corona Papas Queso Nacho 244g,Snacks y Sabritas,13.39,178
PROD-UNI-04063,La Costeña Atún en Aceite Caja 500g,Abarrotes y Despensa,25.08,290
PROD-UNI-04064,Totis Crujitos Crema y Especias 308g,Snacks y Sabritas,20.27,58
PROD-UNI-04065,Duvalin Paleta Payaso Habanero 430g,Snacks y Sabritas,50.83,56
PROD-UNI-04066,Sabritas Totis Extreme 210g,Snacks y Sabritas,40.53,252
PROD-UNI-04067,Churrumais Chokis Sal y Limón 274g,Snacks y Sabritas,17.44,16
PROD-UNI-04068,La Corona Crujitos Flaming Hot 44g,Snacks y Sabritas,21.07,254
PROD-UNI-04069,Herdez Sopa de Tomate Botella 370ml,Abarrotes y Despensa,42.28,195
PROD-UNI-04070,Marinela Fritos Habanero 339g,Snacks y Sabritas,53.63,214
PROD-UNI-04071,Fuze Tea Bebida Isotónica Lata 355ml,Bebidas y Refrescos,29.62,234
PROD-UNI-04072,Totis Chokis Habanero 440g,Snacks y Sabritas,52.33,182
PROD-UNI-04073,Lala Leche Entera Lata 140g,Abarrotes y Despensa,56.49,238
PROD-UNI-04074,Bonafont Refrescos de Cola 600ml,Bebidas y Refrescos,18.21,21
PROD-UNI-04075,Coca-Cola Company Néctar de Durazno Botella 1L,Bebidas y Refrescos,34.79,99
PROD-UNI-04076,Marinela Chokis Originales 437g,Snacks y Sabritas,21.13,32
PROD-UNI-04077,Krilin Chips Originales 272g,Snacks y Sabritas,16.4,53
PROD-UNI-04078,Bimex Leche Deslactosada Caja 500g,Abarrotes y Despensa,58.25,32
PROD-UNI-04079,Sonrics Paleta Payaso Fuego 119g,Snacks y Sabritas,40.29,187
PROD-UNI-04080,Sonrics Bubulubu Sal y Limón 378g,Snacks y Sabritas,30.07,81
PROD-UNI-04081,Duvalin Gansito Con Limón 61g,Snacks y Sabritas,45.71,135
PROD-UNI-04082,Bimbo Kranky Sal Marina 248g,Snacks y Sabritas,22.82,108
PROD-UNI-04083,Sidral Mundet Néctar de Durazno Vidrio 400ml,Bebidas y Refrescos,30.56,277
PROD-UNI-04084,Alpura Leche Entera Botella 370ml,Abarrotes y Despensa,25.78,101
PROD-UNI-04085,La Corona Chokis Originales 192g,Snacks y Sabritas,49.82,227
PROD-UNI-04086,Krilin Paleta Payaso Crujientes 356g,Snacks y Sabritas,13.55,169
PROD-UNI-04087,Fuze Tea Agua Purificada Familia 2L,Bebidas y Refrescos,18.83,249
PROD-UNI-04088,Ricolino Kranky Originales 197g,Snacks y Sabritas,13.87,17
PROD-UNI-04089,Barcel Gansito Queso y Chile 341g,Snacks y Sabritas,42.2,69
PROD-UNI-04090,Bonafont Té Negro Lata 473ml,Bebidas y Refrescos,22.9,153
PROD-UNI-04091,Bonafont Néctar de Mango Vidrio 400ml,Bebidas y Refrescos,15.76,78
PROD-UNI-04092,Bimbo Bubulubu Sal Marina 95g,Snacks y Sabritas,52.88,289
PROD-UNI-04093,Marinela Donas Crema y Especias 335g,Snacks y Sabritas,29.82,94
PROD-UNI-04094,Lala Frijoles Bayos 1L,Abarrotes y Despensa,82.5,140
PROD-UNI-04095,Churrumais Chips Adobadas 124g,Snacks y Sabritas,39.59,181
PROD-UNI-04096,Barcel cacahuates Habanero 128g,Snacks y Sabritas,42.32,190
PROD-UNI-04097,McCormick Mayonesa Pouch 200g,Abarrotes y Despensa,26.82,52
PROD-UNI-04098,Lala Chocolate en Polvo Frasco 400g,Abarrotes y Despensa,38.49,253
PROD-UNI-04099,Nestlé Leche Entera Caja 500g,Abarrotes y Despensa,25.09,114
PROD-UNI-04100,Churrumais Cheetos Adobadas 384g,Snacks y Sabritas,32.76,239
PROD-UNI-04101,Sidral Mundet Té Verde Botella 1L,Bebidas y Refrescos,30.23,164
PROD-UNI-04102,Churrumais Papas Adobadas 402g,Snacks y Sabritas,12.87,241
PROD-UNI-04103,Sidral Mundet Jugo de Manzana 600ml,Bebidas y Refrescos,21.33,83
PROD-UNI-04104,Barcel Takis Crujientes 193g,Snacks y Sabritas,26.36,256
PROD-UNI-04105,Mafer Chokis Habanero 250g,Snacks y Sabritas,24.25,107
PROD-UNI-04106,Coca-Cola Company Té Verde Vidrio 400ml,Bebidas y Refrescos,46.56,253
PROD-UNI-04107,Peñafiel Té Verde Familia 2L,Bebidas y Refrescos,40.02,222
PROD-UNI-04108,Grupo Modelo Refresco de Manzana Pak 4x500ml,Bebidas y Refrescos,40.61,226
PROD-UNI-04109,Bimbo Saladitas Fuego 448g,Snacks y Sabritas,52.27,101
PROD-UNI-04110,Peñafiel Néctar de Mango Vidrio 400ml,Bebidas y Refrescos,42.21,54
PROD-UNI-04111,Ciel Té Negro Familia 2L,Bebidas y Refrescos,39.68,37
PROD-UNI-04112,PepsiCo Refresco de Manzana Familia 2L,Bebidas y Refrescos,17.43,76
PROD-UNI-04113,Bimbo Crujitos Originales 87g,Snacks y Sabritas,43.29,32
PROD-UNI-04114,Churrumais cacahuates Queso Nacho 398g,Snacks y Sabritas,21.49,46
PROD-UNI-04115,Barcel Papas Con Limón 189g,Snacks y Sabritas,33.74,31
PROD-UNI-04116,Clamato Té Verde Botella 1L,Bebidas y Refrescos,21.97,251
PROD-UNI-04117,Sonrics Chips Fuego 321g,Snacks y Sabritas,33.45,216
PROD-UNI-04118,Grupo Modelo Refresco de Manzana 600ml,Bebidas y Refrescos,20.97,116
PROD-UNI-04119,Churrumais Bubulubu Queso y Chile 239g,Snacks y Sabritas,31.23,190
PROD-UNI-04120,Sidral Mundet Bebida Energética Lata 355ml,Bebidas y Refrescos,14.99,222
PROD-UNI-04121,Gamesa Cheetos Habanero 46g,Snacks y Sabritas,40.16,64
PROD-UNI-04122,Barcel cacahuates Sal y Limón 356g,Snacks y Sabritas,23.04,215
PROD-UNI-04123,Herdez Cereal de Maíz Lata 220g,Abarrotes y Despensa,45.63,270
PROD-UNI-04124,Jarritos Refresco de Naranja Vidrio 400ml,Bebidas y Refrescos,17.71,293
PROD-UNI-04125,Sidral Mundet Néctar de Durazno No Retornable 500ml,Bebidas y Refrescos,47.52,270
PROD-UNI-04126,Mafer Cheetos Originales 130g,Snacks y Sabritas,49.42,202
PROD-UNI-04127,Mafer Bubulubu Habanero 126g,Snacks y Sabritas,54.25,72
PROD-UNI-04128,Duvalin Paleta Payaso Fuego 402g,Snacks y Sabritas,24.21,114
PROD-UNI-04129,McCormick Atún en Aceite Frasco 400g,Abarrotes y Despensa,33.74,122
PROD-UNI-04130,La Corona Paleta Payaso Fuego 202g,Snacks y Sabritas,12.95,118
PROD-UNI-04131,Gamesa Saladitas Originales 342g,Snacks y Sabritas,48.3,230
PROD-UNI-04132,San Marcos Frijoles Bayos Caja 500g,Abarrotes y Despensa,59.37,176
PROD-UNI-04133,Clamato Refresco de Toronja Pak 4x500ml,Bebidas y Refrescos,38.37,173
PROD-UNI-04134,Barcel Fritos Queso Nacho 256g,Snacks y Sabritas,45.02,64
PROD-UNI-04135,Gamesa Crujitos Sal Marina 184g,Snacks y Sabritas,44.93,239
PROD-UNI-04136,Churrumais Fritos Adobadas 69g,Snacks y Sabritas,23.51,248
PROD-UNI-04137,Bimex Chiles Jalapeños Frasco 400g,Abarrotes y Despensa,38.86,110
PROD-UNI-04138,Ciel Té Verde Familia 2L,Bebidas y Refrescos,38.79,29
PROD-UNI-04139,Ricolino Paleta Payaso Flaming Hot 379g,Snacks y Sabritas,34.71,114
PROD-UNI-04140,Jarritos Néctar de Mango Pak 4x500ml,Bebidas y Refrescos,31.56,138
PROD-UNI-04141,Marinela Chokis Sal y Limón 207g,Snacks y Sabritas,39.98,156
PROD-UNI-04142,Grupo Modelo Bebida Isotónica Lata 473ml,Bebidas y Refrescos,41.12,260
PROD-UNI-04143,Barcel Fritos Fuego 118g,Snacks y Sabritas,37.11,29
PROD-UNI-04144,Del Valle Refresco de Naranja Familia 2L,Bebidas y Refrescos,29.89,276
PROD-UNI-04145,Coca-Cola Company Refresco de Naranja Lata 473ml,Bebidas y Refrescos,30.5,72
PROD-UNI-04146,Gamesa cacahuates Extreme 70g,Snacks y Sabritas,42.47,138
PROD-UNI-04147,Herdez Frijoles Bayos 1L,Abarrotes y Despensa,27.25,180
PROD-UNI-04148,Mafer Gansito Flaming Hot 286g,Snacks y Sabritas,18.62,215
PROD-UNI-04149,Gamesa Fritos Originales 417g,Snacks y Sabritas,27.3,72
PROD-UNI-04150,McCormick Leche Entera Pouch 200g,Abarrotes y Despensa,21.27,211
PROD-UNI-04151,Coca-Cola Company Bebida Energética Vidrio 400ml,Bebidas y Refrescos,21.88,227
PROD-UNI-04152,Ricolino Emperador Flaming Hot 447g,Snacks y Sabritas,48.18,162
PROD-UNI-04153,Clamato Néctar de Durazno No Retornable 500ml,Bebidas y Refrescos,31.3,19
PROD-UNI-04154,Ricolino Totis Fuego 189g,Snacks y Sabritas,23.56,146
PROD-UNI-04155,Churrumais Cheetos Sal Marina 327g,Snacks y Sabritas,28.3,288
PROD-UNI-04156,Ricolino Crujitos Flaming Hot 298g,Snacks y Sabritas,40.71,166
PROD-UNI-04157,Krilin Bubulubu Sal Marina 159g,Snacks y Sabritas,12.82,227
PROD-UNI-04158,Jarritos Néctar de Mango Lata 473ml,Bebidas y Refrescos,42.12,242
PROD-UNI-04159,Sonrics Emperador Fuego 338g,Snacks y Sabritas,53.15,195
PROD-UNI-04160,Krilin Takis Sal y Limón 444g,Snacks y Sabritas,12.33,210
PROD-UNI-04161,Boing Bebida Energética 600ml,Bebidas y Refrescos,34.32,198
PROD-UNI-04162,Totis Kranky Crema y Especias 104g,Snacks y Sabritas,44.43,128
PROD-UNI-04163,Duvalin Gansito Crema y Especias 149g,Snacks y Sabritas,45.54,237
PROD-UNI-04164,Peñafiel Jugo de Manzana Botella 1L,Bebidas y Refrescos,31.13,72
PROD-UNI-04165,Sonrics Bubulubu Crujientes 327g,Snacks y Sabritas,26.18,297
PROD-UNI-04166,Fuze Tea Té Negro Pak 4x500ml,Bebidas y Refrescos,35.61,93
PROD-UNI-04167,Mafer Kranky Fuego 60g,Snacks y Sabritas,49.19,188
PROD-UNI-04168,Marinela Bubulubu Con Limón 242g,Snacks y Sabritas,20.61,184
PROD-UNI-04169,Del Valle Bebida Energética Familia 2L,Bebidas y Refrescos,41.91,276
PROD-UNI-04170,Alpura Sopa de Tomate Pouch 200g,Abarrotes y Despensa,35.48,50
PROD-UNI-04171,Clamato Bebida Isotónica Familia 2L,Bebidas y Refrescos,41.12,113
PROD-UNI-04172,Bimbo Emperador Adobadas 403g,Snacks y Sabritas,35.24,240
PROD-UNI-04173,Mafer Chokis Queso y Chile 190g,Snacks y Sabritas,34.44,199
PROD-UNI-04174,Duvalin Crujitos Queso y Chile 333g,Snacks y Sabritas,36.53,269
PROD-UNI-04175,Bimbo Chips Adobadas 53g,Snacks y Sabritas,21.64,56
PROD-UNI-04176,La Corona Papas Originales 84g,Snacks y Sabritas,48.61,248
PROD-UNI-04177,Lala Leche Deslactosada Frasco 400g,Abarrotes y Despensa,44.62,161
PROD-UNI-04178,Churrumais Paleta Payaso Queso y Chile 119g,Snacks y Sabritas,23.41,131
PROD-UNI-04179,La Costeña Frijoles Bayos Lata 140g,Abarrotes y Despensa,53.79,273
PROD-UNI-04180,Peñafiel Té Verde Lata 473ml,Bebidas y Refrescos,42.04,154
PROD-UNI-04181,Fuze Tea Bebida Isotónica Pak 4x500ml,Bebidas y Refrescos,42.91,204
PROD-UNI-04182,Ciel Té Negro Vidrio 400ml,Bebidas y Refrescos,47.08,143
PROD-UNI-04183,La Corona Cheetos Extreme 257g,Snacks y Sabritas,15.15,221
PROD-UNI-04184,Sonrics Totis Queso Nacho 444g,Snacks y Sabritas,38.41,126
PROD-UNI-04185,Peñafiel Refrescos de Cola No Retornable 500ml,Bebidas y Refrescos,36.47,230
PROD-UNI-04186,Del Valle Bebida Isotónica Lata 473ml,Bebidas y Refrescos,36.63,88
PROD-UNI-04187,Bonafont Bebida Energética Lata 355ml,Bebidas y Refrescos,41.36,140
PROD-UNI-04188,Ciel Bebida Isotónica Pak 4x500ml,Bebidas y Refrescos,18.8,241
PROD-UNI-04189,Sabritas Papas Queso Nacho 214g,Snacks y Sabritas,35.33,59
PROD-UNI-04190,Sabritas Kranky Originales 110g,Snacks y Sabritas,33.5,37
PROD-UNI-04191,Churrumais Kranky Fuego 430g,Snacks y Sabritas,12.55,250
PROD-UNI-04192,Totis Papas Fuego 361g,Snacks y Sabritas,33.94,223
PROD-UNI-04193,Nestlé Leche Entera 1L,Abarrotes y Despensa,69.8,98
PROD-UNI-04194,Ricolino Bubulubu Originales 345g,Snacks y Sabritas,14.2,54
PROD-UNI-04195,La Corona Kranky Crema y Especias 398g,Snacks y Sabritas,52.02,282
PROD-UNI-04196,Boing Refrescos de Cola Lata 473ml,Bebidas y Refrescos,28.25,102
PROD-UNI-04197,Krilin Takis Adobadas 236g,Snacks y Sabritas,46.64,137
PROD-UNI-04198,La Corona Cheetos Queso y Chile 430g,Snacks y Sabritas,46.1,33
PROD-UNI-04199,Sabritas Crujitos Fuego 129g,Snacks y Sabritas,19.46,279
PROD-UNI-04200,Clamato Refrescos de Cola Vidrio 400ml,Bebidas y Refrescos,21.58,17
PROD-UNI-04201,Ricolino Cheetos Extreme 168g,Snacks y Sabritas,53.48,199
PROD-UNI-04202,PepsiCo Refrescos de Cola Familia 2L,Bebidas y Refrescos,40.51,87
PROD-UNI-04203,Bimbo Takis Queso Nacho 386g,Snacks y Sabritas,53.52,207
PROD-UNI-04204,Clamato Jugo de Manzana Vidrio 400ml,Bebidas y Refrescos,31.98,130
PROD-UNI-04205,Gamesa Saladitas Adobadas 269g,Snacks y Sabritas,35.24,223
PROD-UNI-04206,PepsiCo Néctar de Mango 600ml,Bebidas y Refrescos,19.24,53
PROD-UNI-04207,Barcel Cheetos Sal y Limón 354g,Snacks y Sabritas,24.88,92
PROD-UNI-04208,Ciel Néctar de Mango Lata 355ml,Bebidas y Refrescos,29.29,44
PROD-UNI-04209,San Marcos Mayonesa Lata 220g,Abarrotes y Despensa,50.56,17
PROD-UNI-04210,Sabritas Totis Fuego 392g,Snacks y Sabritas,48.55,262
PROD-UNI-04211,Marinela Emperador Crema y Especias 223g,Snacks y Sabritas,29.66,175
PROD-UNI-04212,Sidral Mundet Bebida Isotónica No Retornable 500ml,Bebidas y Refrescos,29.21,288
PROD-UNI-04213,Herdez Chocolate en Polvo Caja 500g,Abarrotes y Despensa,20.06,244
PROD-UNI-04214,PepsiCo Refresco de Naranja Familia 2L,Bebidas y Refrescos,41.28,197
PROD-UNI-04215,Jumex Refrescos de Cola 600ml,Bebidas y Refrescos,33.86,175
PROD-UNI-04216,Totis Kranky Fuego 221g,Snacks y Sabritas,20.69,119
PROD-UNI-04217,Nestlé Atún en Aceite Lata 140g,Abarrotes y Despensa,31.16,291
PROD-UNI-04218,Grupo Modelo Néctar de Mango Pak 4x500ml,Bebidas y Refrescos,14.37,91
PROD-UNI-04219,Mafer Papas Extreme 280g,Snacks y Sabritas,47.13,289
PROD-UNI-04220,Peñafiel Té Verde Pak 4x500ml,Bebidas y Refrescos,45.32,277
PROD-UNI-04221,Clamato Té Negro Lata 355ml,Bebidas y Refrescos,23.44,100
PROD-UNI-04222,Sonrics Crujitos Con Limón 166g,Snacks y Sabritas,30.03,114
PROD-UNI-04223,Churrumais Crujitos Extreme 289g,Snacks y Sabritas,49.57,250
PROD-UNI-04224,Jarritos Té Verde No Retornable 500ml,Bebidas y Refrescos,34.76,258
PROD-UNI-04225,PepsiCo Té Verde Botella 1L,Bebidas y Refrescos,34.63,241
PROD-UNI-04226,Nestlé Leche Entera Pouch 200g,Abarrotes y Despensa,24.42,161
PROD-UNI-04227,Duvalin Takis Crujientes 341g,Snacks y Sabritas,12.03,212
PROD-UNI-04228,Boing Agua Purificada Lata 473ml,Bebidas y Refrescos,44.68,197
PROD-UNI-04229,Knorr Frijoles Bayos Lata 220g,Abarrotes y Despensa,81.24,46
PROD-UNI-04230,Bimbo Saladitas Con Limón 336g,Snacks y Sabritas,24.44,100
PROD-UNI-04231,Ricolino Chips Adobadas 222g,Snacks y Sabritas,51.19,298
PROD-UNI-04232,Barcel Kranky Fuego 92g,Snacks y Sabritas,51.92,19
PROD-UNI-04233,Marinela Fritos Sal Marina 366g,Snacks y Sabritas,53.2,67
PROD-UNI-04234,Duvalin Crujitos Habanero 129g,Snacks y Sabritas,16.7,67
PROD-UNI-04235,La Corona Gansito Crujientes 232g,Snacks y Sabritas,32.6,181
PROD-UNI-04236,Marinela Crujitos Adobadas 147g,Snacks y Sabritas,51.37,170
PROD-UNI-04237,Churrumais Takis Flaming Hot 450g,Snacks y Sabritas,23.05,126
PROD-UNI-04238,Herdez Salsa Valentina Caja 500g,Abarrotes y Despensa,40.41,188
PROD-UNI-04239,Totis Kranky Flaming Hot 317g,Snacks y Sabritas,46.15,211
PROD-UNI-04240,Boing Néctar de Durazno 600ml,Bebidas y Refrescos,45.81,298
PROD-UNI-04241,Gamesa Crujitos Flaming Hot 93g,Snacks y Sabritas,24.15,153
PROD-UNI-04242,Sabritas Papas Originales 49g,Snacks y Sabritas,47.46,128
PROD-UNI-04243,PepsiCo Agua Mineral Vidrio 400ml,Bebidas y Refrescos,44.63,162
PROD-UNI-04244,Ciel Néctar de Mango 600ml,Bebidas y Refrescos,32.46,187
PROD-UNI-04245,Gamesa Cheetos Con Limón 332g,Snacks y Sabritas,32.42,123
PROD-UNI-04246,McCormick Mayonesa Lata 220g,Abarrotes y Despensa,54.65,284
PROD-UNI-04247,Barcel Papas Originales 381g,Snacks y Sabritas,42.46,117
PROD-UNI-04248,Lala Leche Deslactosada Pouch 200g,Abarrotes y Despensa,64.88,41
PROD-UNI-04249,Ciel Jugo de Manzana No Retornable 500ml,Bebidas y Refrescos,35.18,52
PROD-UNI-04250,Bonafont Agua Purificada Familia 2L,Bebidas y Refrescos,14.41,85
PROD-UNI-04251,Bimbo Crujitos Crema y Especias 127g,Snacks y Sabritas,38.5,60
PROD-UNI-04252,Barcel Donas Adobadas 362g,Snacks y Sabritas,23.37,156
PROD-UNI-04253,Sidral Mundet Refresco de Toronja No Retornable 500ml,Bebidas y Refrescos,16.42,191
PROD-UNI-04254,Bonafont Néctar de Mango 600ml,Bebidas y Refrescos,32.15,85
PROD-UNI-04255,PepsiCo Refrescos de Cola Lata 355ml,Bebidas y Refrescos,42.64,263
PROD-UNI-04256,Bonafont Refresco de Manzana Lata 473ml,Bebidas y Refrescos,20.7,89
PROD-UNI-04257,Bimbo Chokis Con Limón 332g,Snacks y Sabritas,34.62,226
PROD-UNI-04258,Peñafiel Refresco de Toronja Botella 1L,Bebidas y Refrescos,18.46,240
PROD-UNI-04259,Peñafiel Néctar de Durazno 600ml,Bebidas y Refrescos,36.27,127
PROD-UNI-04260,Barcel Totis Fuego 336g,Snacks y Sabritas,33.9,207
PROD-UNI-04261,Krilin Donas Crujientes 429g,Snacks y Sabritas,17.1,294
PROD-UNI-04262,Sonrics Crujitos Queso Nacho 434g,Snacks y Sabritas,22.9,245
PROD-UNI-04263,Bimbo Saladitas Queso y Chile 302g,Snacks y Sabritas,34.54,160
PROD-UNI-04264,Krilin Takis Originales 361g,Snacks y Sabritas,46.83,193
PROD-UNI-04265,Herdez Leche Deslactosada Caja 500g,Abarrotes y Despensa,47.33,285
PROD-UNI-04266,Duvalin Emperador Fuego 375g,Snacks y Sabritas,15.28,160
PROD-UNI-04267,Sabritas Chokis Crema y Especias 417g,Snacks y Sabritas,40.94,236
PROD-UNI-04268,Krilin Emperador Con Limón 252g,Snacks y Sabritas,35.3,154
PROD-UNI-04269,Krilin Fritos Extreme 127g,Snacks y Sabritas,47.83,223
PROD-UNI-04270,Mafer Paleta Payaso Crujientes 62g,Snacks y Sabritas,14.01,147
PROD-UNI-04271,Barcel Fritos Extreme 87g,Snacks y Sabritas,48.11,16
PROD-UNI-04272,Jarritos Refresco de Naranja No Retornable 500ml,Bebidas y Refrescos,33.79,297
PROD-UNI-04273,Churrumais Crujitos Flaming Hot 316g,Snacks y Sabritas,27.39,84
PROD-UNI-04274,Peñafiel Agua Mineral 600ml,Bebidas y Refrescos,18.67,109
PROD-UNI-04275,Bimbo Emperador Originales 342g,Snacks y Sabritas,32.78,223
PROD-UNI-04276,Coca-Cola Company Agua Mineral Botella 1L,Bebidas y Refrescos,46.85,184
PROD-UNI-04277,Churrumais Kranky Extreme 381g,Snacks y Sabritas,37.41,16
PROD-UNI-04278,Bonafont Refresco de Toronja 600ml,Bebidas y Refrescos,16.58,48
PROD-UNI-04279,Sonrics cacahuates Extreme 217g,Snacks y Sabritas,50.05,248
PROD-UNI-04280,Sonrics Emperador Con Limón 358g,Snacks y Sabritas,34.6,245
PROD-UNI-04281,Ricolino Fritos Con Limón 234g,Snacks y Sabritas,20.16,144
PROD-UNI-04282,Totis Kranky Queso Nacho 144g,Snacks y Sabritas,18.96,36
PROD-UNI-04283,Ricolino Paleta Payaso Fuego 372g,Snacks y Sabritas,49.15,135
PROD-UNI-04284,Sabritas Cheetos Crema y Especias 102g,Snacks y Sabritas,13.81,140
PROD-UNI-04285,Bonafont Refresco de Naranja No Retornable 500ml,Bebidas y Refrescos,39.71,22
PROD-UNI-04286,Sabritas Donas Con Limón 426g,Snacks y Sabritas,52.5,179
PROD-UNI-04287,Sidral Mundet Néctar de Mango 600ml,Bebidas y Refrescos,30.22,40
PROD-UNI-04288,Totis cacahuates Sal Marina 306g,Snacks y Sabritas,43.92,223
PROD-UNI-04289,Totis Bubulubu Queso y Chile 128g,Snacks y Sabritas,39.48,67
PROD-UNI-04290,Coca-Cola Company Agua Mineral Lata 355ml,Bebidas y Refrescos,31.78,48
PROD-UNI-04291,Del Valle Néctar de Durazno Pak 4x500ml,Bebidas y Refrescos,17.87,142
PROD-UNI-04292,Clamato Néctar de Durazno 600ml,Bebidas y Refrescos,22.04,81
PROD-UNI-04293,San Marcos Cereal de Maíz Frasco 400g,Abarrotes y Despensa,23.08,19
PROD-UNI-04294,Bimex Chiles Jalapeños Caja 500g,Abarrotes y Despensa,60.55,235
PROD-UNI-04295,Barcel Cheetos Crema y Especias 180g,Snacks y Sabritas,21.61,258
PROD-UNI-04296,Sabritas Chips Crujientes 213g,Snacks y Sabritas,28.27,267
PROD-UNI-04297,Duvalin Gansito Crujientes 229g,Snacks y Sabritas,19.87,261
PROD-UNI-04298,Fuze Tea Bebida Energética Botella 1L,Bebidas y Refrescos,25.91,208
PROD-UNI-04299,Krilin Bubulubu Extreme 240g,Snacks y Sabritas,35.05,96
PROD-UNI-04300,Coca-Cola Company Jugo de Manzana Lata 355ml,Bebidas y Refrescos,39.57,141
PROD-UNI-04301,Del Valle Agua Mineral Lata 473ml,Bebidas y Refrescos,19.76,98
PROD-UNI-04302,La Corona Cheetos Flaming Hot 51g,Snacks y Sabritas,18.63,296
PROD-UNI-04303,Gamesa Bubulubu Originales 60g,Snacks y Sabritas,20.63,216
PROD-UNI-04304,Bimbo Fritos Crema y Especias 84g,Snacks y Sabritas,42.28,258
PROD-UNI-04305,Sonrics Crujitos Extreme 244g,Snacks y Sabritas,31.29,208
PROD-UNI-04306,Sabritas Paleta Payaso Crujientes 380g,Snacks y Sabritas,54.11,62
PROD-UNI-04307,Barcel Gansito Originales 369g,Snacks y Sabritas,51.49,55
PROD-UNI-04308,Ricolino Paleta Payaso Originales 73g,Snacks y Sabritas,26.97,109
PROD-UNI-04309,Jarritos Té Verde Lata 473ml,Bebidas y Refrescos,32.92,76
PROD-UNI-04310,Krilin Totis Crujientes 145g,Snacks y Sabritas,28.03,58
PROD-UNI-04311,La Corona Totis Con Limón 85g,Snacks y Sabritas,41.39,292
PROD-UNI-04312,Bimbo Cheetos Queso y Chile 421g,Snacks y Sabritas,54.58,213
PROD-UNI-04313,Lala Chocolate en Polvo 1L,Abarrotes y Despensa,32.96,111
PROD-UNI-04314,Bonafont Agua Purificada 600ml,Bebidas y Refrescos,46.08,271
PROD-UNI-04315,Barcel Chokis Sal Marina 93g,Snacks y Sabritas,22.55,217
PROD-UNI-04316,Nestlé Sopa de Tomate Botella 370ml,Abarrotes y Despensa,60.03,168
PROD-UNI-04317,Krilin Saladitas Crema y Especias 426g,Snacks y Sabritas,33.93,95
PROD-UNI-04318,Sonrics Takis Sal Marina 349g,Snacks y Sabritas,28.9,191
PROD-UNI-04319,Bimbo Chips Extreme 441g,Snacks y Sabritas,16.62,276
PROD-UNI-04320,Krilin Gansito Fuego 69g,Snacks y Sabritas,43.25,50
PROD-UNI-04321,Ricolino Kranky Con Limón 367g,Snacks y Sabritas,18.04,58
PROD-UNI-04322,Krilin Cheetos Adobadas 351g,Snacks y Sabritas,24.06,233
PROD-UNI-04323,Mafer Crujitos Crujientes 65g,Snacks y Sabritas,48.61,83
PROD-UNI-04324,Knorr Chiles Jalapeños Lata 140g,Abarrotes y Despensa,67.84,70
PROD-UNI-04325,Krilin Crujitos Habanero 397g,Snacks y Sabritas,41.3,260
PROD-UNI-04326,Fuze Tea Bebida Energética Pak 4x500ml,Bebidas y Refrescos,30.07,51
PROD-UNI-04327,Gamesa Chips Con Limón 41g,Snacks y Sabritas,32.26,201
PROD-UNI-04328,Bimbo Emperador Flaming Hot 108g,Snacks y Sabritas,31.49,139
PROD-UNI-04329,San Marcos Chiles Jalapeños Pouch 200g,Abarrotes y Despensa,45.71,300
PROD-UNI-04330,Lala Atún en Aceite Lata 140g,Abarrotes y Despensa,39.61,53
PROD-UNI-04331,Sonrics Crujitos Queso y Chile 316g,Snacks y Sabritas,37.94,180
PROD-UNI-04332,Sidral Mundet Refresco de Manzana Familia 2L,Bebidas y Refrescos,26.28,218
PROD-UNI-04333,Mafer Bubulubu Sal y Limón 30g,Snacks y Sabritas,29.74,189
PROD-UNI-04334,Coca-Cola Company Bebida Isotónica Lata 355ml,Bebidas y Refrescos,34.89,121
PROD-UNI-04335,Marinela Kranky Habanero 57g,Snacks y Sabritas,35.59,186
PROD-UNI-04336,Sonrics cacahuates Con Limón 252g,Snacks y Sabritas,35.9,230
PROD-UNI-04337,Ciel Refrescos de Cola Botella 1L,Bebidas y Refrescos,39.79,28
PROD-UNI-04338,La Corona Saladitas Crujientes 358g,Snacks y Sabritas,30.43,75
PROD-UNI-04339,Grupo Modelo Agua Purificada Lata 355ml,Bebidas y Refrescos,41.99,141
PROD-UNI-04340,Mafer Totis Queso y Chile 129g,Snacks y Sabritas,37.94,156
PROD-UNI-04341,Fuze Tea Té Verde Familia 2L,Bebidas y Refrescos,29.43,125
PROD-UNI-04342,Marinela cacahuates Extreme 62g,Snacks y Sabritas,16.72,267
PROD-UNI-04343,Ricolino Chips Queso y Chile 329g,Snacks y Sabritas,22.41,86
PROD-UNI-04344,Duvalin Gansito Originales 393g,Snacks y Sabritas,36.84,69
PROD-UNI-04345,La Corona Chips Fuego 132g,Snacks y Sabritas,36.9,196
PROD-UNI-04346,PepsiCo Té Verde Pak 4x500ml,Bebidas y Refrescos,25.67,151
PROD-UNI-04347,Jumex Té Negro Familia 2L,Bebidas y Refrescos,25.52,77
PROD-UNI-04348,Barcel Takis Crema y Especias 240g,Snacks y Sabritas,24.25,179
PROD-UNI-04349,Peñafiel Bebida Isotónica Vidrio 400ml,Bebidas y Refrescos,38.05,42
PROD-UNI-04350,Sonrics Donas Queso y Chile 100g,Snacks y Sabritas,24.35,255
PROD-UNI-04351,Jumex Té Verde Pak 4x500ml,Bebidas y Refrescos,27.25,23
PROD-UNI-04352,Del Valle Agua Mineral Familia 2L,Bebidas y Refrescos,20.81,68
PROD-UNI-04353,Marinela Emperador Con Limón 151g,Snacks y Sabritas,21.38,179
PROD-UNI-04354,Bimex Sopa de Tomate Botella 370ml,Abarrotes y Despensa,32.23,89
PROD-UNI-04355,Jarritos Néctar de Mango 600ml,Bebidas y Refrescos,14.22,159
PROD-UNI-04356,Marinela Bubulubu Adobadas 425g,Snacks y Sabritas,50.95,76
PROD-UNI-04357,Jumex Jugo de Manzana Botella 1L,Bebidas y Refrescos,36.44,203
PROD-UNI-04358,Duvalin Donas Extreme 399g,Snacks y Sabritas,42.31,49
PROD-UNI-04359,La Corona Crujitos Con Limón 188g,Snacks y Sabritas,43.77,122
PROD-UNI-04360,Ciel Bebida Isotónica Lata 473ml,Bebidas y Refrescos,22.27,108
PROD-UNI-04361,Sabritas Kranky Extreme 232g,Snacks y Sabritas,34.72,171
PROD-UNI-04362,Ricolino Kranky Adobadas 359g,Snacks y Sabritas,28.14,77
PROD-UNI-04363,Coca-Cola Company Refresco de Manzana Botella 1L,Bebidas y Refrescos,18.12,158
PROD-UNI-04364,PepsiCo Néctar de Mango Lata 473ml,Bebidas y Refrescos,42.42,221
PROD-UNI-04365,Bimbo Papas Queso y Chile 369g,Snacks y Sabritas,26.6,169
PROD-UNI-04366,Sabritas Totis Crema y Especias 142g,Snacks y Sabritas,23.21,38
PROD-UNI-04367,Churrumais Papas Sal y Limón 133g,Snacks y Sabritas,18.12,51
PROD-UNI-04368,Sabritas Totis Originales 92g,Snacks y Sabritas,49.08,171
PROD-UNI-04369,Krilin Chips Sal y Limón 154g,Snacks y Sabritas,41.5,173
PROD-UNI-04370,Marinela Fritos Crema y Especias 450g,Snacks y Sabritas,22.99,136
PROD-UNI-04371,Nestlé Sopa de Tomate 1L,Abarrotes y Despensa,77.49,37
PROD-UNI-04372,Krilin Crujitos Originales 256g,Snacks y Sabritas,29.02,251
PROD-UNI-04373,Sabritas Bubulubu Originales 268g,Snacks y Sabritas,54.11,171
PROD-UNI-04374,San Marcos Mayonesa Caja 500g,Abarrotes y Despensa,74.27,50
PROD-UNI-04375,Ricolino Chips Queso Nacho 127g,Snacks y Sabritas,15.64,300
PROD-UNI-04376,Duvalin Crujitos Sal Marina 450g,Snacks y Sabritas,29.24,239
PROD-UNI-04377,La Corona Donas Sal Marina 43g,Snacks y Sabritas,25.46,260
PROD-UNI-04378,Krilin Papas Crujientes 219g,Snacks y Sabritas,35.16,255
PROD-UNI-04379,La Corona Takis Queso y Chile 335g,Snacks y Sabritas,26.6,106
PROD-UNI-04380,Jumex Refrescos de Cola Botella 1L,Bebidas y Refrescos,40.91,296
PROD-UNI-04381,Sabritas Papas Sal y Limón 204g,Snacks y Sabritas,21.67,21
PROD-UNI-04382,Churrumais Papas Queso Nacho 47g,Snacks y Sabritas,47.12,116
PROD-UNI-04383,Ricolino Bubulubu Sal y Limón 36g,Snacks y Sabritas,39.29,170
PROD-UNI-04384,Clamato Refresco de Toronja Botella 1L,Bebidas y Refrescos,38.45,277
PROD-UNI-04385,Gamesa Crujitos Extreme 401g,Snacks y Sabritas,53.71,188
PROD-UNI-04386,Knorr Chiles Jalapeños Pouch 200g,Abarrotes y Despensa,55.06,145
PROD-UNI-04387,Fuze Tea Néctar de Durazno Lata 473ml,Bebidas y Refrescos,47.41,73
PROD-UNI-04388,San Marcos Mayonesa Pouch 200g,Abarrotes y Despensa,29.56,95
PROD-UNI-04389,Sabritas Cheetos Sal Marina 414g,Snacks y Sabritas,29.97,128
PROD-UNI-04390,Churrumais Cheetos Extreme 407g,Snacks y Sabritas,12.2,166
PROD-UNI-04391,Krilin Bubulubu Flaming Hot 131g,Snacks y Sabritas,53.7,217
PROD-UNI-04392,Boing Refresco de Manzana Botella 1L,Bebidas y Refrescos,21.89,124
PROD-UNI-04393,Bimbo Fritos Flaming Hot 350g,Snacks y Sabritas,29.92,116
PROD-UNI-04394,Lala Atún en Aceite Pouch 200g,Abarrotes y Despensa,72.25,292
PROD-UNI-04395,Sabritas cacahuates Fuego 260g,Snacks y Sabritas,46.81,25
PROD-UNI-04396,Sidral Mundet Bebida Energética Lata 473ml,Bebidas y Refrescos,45.79,121
PROD-UNI-04397,Sonrics Chips Crema y Especias 311g,Snacks y Sabritas,49.7,68
PROD-UNI-04398,Coca-Cola Company Bebida Energética No Retornable 500ml,Bebidas y Refrescos,45,208
PROD-UNI-04399,Ricolino Crujitos Adobadas 393g,Snacks y Sabritas,32.7,100
PROD-UNI-04400,Ricolino Donas Adobadas 211g,Snacks y Sabritas,43.79,179
PROD-UNI-04401,Marinela Saladitas Extreme 276g,Snacks y Sabritas,52.82,235
PROD-UNI-04402,Duvalin Takis Sal Marina 104g,Snacks y Sabritas,43.32,155
PROD-UNI-04403,PepsiCo Bebida Isotónica Lata 473ml,Bebidas y Refrescos,44.54,15
PROD-UNI-04404,Del Valle Refresco de Manzana Vidrio 400ml,Bebidas y Refrescos,36.07,91
PROD-UNI-04405,Gamesa Emperador Extreme 394g,Snacks y Sabritas,13.48,283
PROD-UNI-04406,La Costeña Atún en Aceite Botella 370ml,Abarrotes y Despensa,24.78,106
PROD-UNI-04407,Krilin Paleta Payaso Crema y Especias 361g,Snacks y Sabritas,33.78,145
PROD-UNI-04408,Nestlé Leche Entera Lata 140g,Abarrotes y Despensa,24.09,59
PROD-UNI-04409,Sonrics Totis Crujientes 90g,Snacks y Sabritas,33.64,147
PROD-UNI-04410,Sabritas Emperador Habanero 363g,Snacks y Sabritas,35.86,176
PROD-UNI-04411,Coca-Cola Company Néctar de Mango Lata 355ml,Bebidas y Refrescos,14.79,42
PROD-UNI-04412,Bimbo Bubulubu Extreme 110g,Snacks y Sabritas,40.98,237
PROD-UNI-04413,Ricolino Papas Queso y Chile 370g,Snacks y Sabritas,28.9,132
PROD-UNI-04414,Peñafiel Bebida Energética Lata 355ml,Bebidas y Refrescos,15.81,53
PROD-UNI-04415,PepsiCo Refresco de Manzana Pak 4x500ml,Bebidas y Refrescos,32.18,219
PROD-UNI-04416,Peñafiel Refrescos de Cola Vidrio 400ml,Bebidas y Refrescos,14.73,97
PROD-UNI-04417,Nestlé Frijoles Bayos Botella 370ml,Abarrotes y Despensa,76.31,190
PROD-UNI-04418,Sabritas Donas Flaming Hot 413g,Snacks y Sabritas,18.03,38
PROD-UNI-04419,Totis Fritos Queso y Chile 396g,Snacks y Sabritas,36.41,245
PROD-UNI-04420,Sidral Mundet Té Negro Botella 1L,Bebidas y Refrescos,47.14,299
PROD-UNI-04421,Barcel Takis Con Limón 62g,Snacks y Sabritas,18.52,128
PROD-UNI-04422,Sonrics Crujitos Habanero 75g,Snacks y Sabritas,22.64,206
PROD-UNI-04423,Marinela Chokis Extreme 243g,Snacks y Sabritas,16.15,195
PROD-UNI-04424,Totis Bubulubu Queso Nacho 392g,Snacks y Sabritas,35.35,47
PROD-UNI-04425,La Corona Kranky Sal y Limón 444g,Snacks y Sabritas,14.29,118
PROD-UNI-04426,La Corona Gansito Sal y Limón 156g,Snacks y Sabritas,27.8,131
PROD-UNI-04427,Bimbo Totis Con Limón 246g,Snacks y Sabritas,14.82,121
PROD-UNI-04428,Jumex Néctar de Durazno No Retornable 500ml,Bebidas y Refrescos,30.78,194
PROD-UNI-04429,Boing Té Negro No Retornable 500ml,Bebidas y Refrescos,44.56,274
PROD-UNI-04430,Krilin Emperador Fuego 323g,Snacks y Sabritas,26.09,150
PROD-UNI-04431,Ricolino Cheetos Sal y Limón 47g,Snacks y Sabritas,16.71,223
PROD-UNI-04432,Del Valle Bebida Isotónica Botella 1L,Bebidas y Refrescos,24.03,29
PROD-UNI-04433,Totis Chips Habanero 39g,Snacks y Sabritas,53.45,114
PROD-UNI-04434,Peñafiel Agua Mineral Familia 2L,Bebidas y Refrescos,40.78,76
PROD-UNI-04435,Clamato Refrescos de Cola 600ml,Bebidas y Refrescos,22.98,177
PROD-UNI-04436,Marinela Papas Con Limón 76g,Snacks y Sabritas,53.08,91
PROD-UNI-04437,Mafer Cheetos Sal y Limón 361g,Snacks y Sabritas,13.49,95
PROD-UNI-04438,Barcel Fritos Queso y Chile 39g,Snacks y Sabritas,30.33,109
PROD-UNI-04439,Ciel Refresco de Toronja Familia 2L,Bebidas y Refrescos,43.09,130
PROD-UNI-04440,Mafer Bubulubu Con Limón 182g,Snacks y Sabritas,32.05,72
PROD-UNI-04441,Jumex Agua Mineral No Retornable 500ml,Bebidas y Refrescos,29.03,70
PROD-UNI-04442,Herdez Atún en Aceite Pouch 200g,Abarrotes y Despensa,83.48,122
PROD-UNI-04443,Peñafiel Té Negro Lata 355ml,Bebidas y Refrescos,32.9,296
PROD-UNI-04444,Gamesa Totis Queso y Chile 107g,Snacks y Sabritas,32.98,264
PROD-UNI-04445,Nestlé Salsa Valentina Lata 220g,Abarrotes y Despensa,64.71,300
PROD-UNI-04446,Herdez Chiles Jalapeños Pouch 200g,Abarrotes y Despensa,21.41,47
PROD-UNI-04447,PepsiCo Bebida Energética Lata 355ml,Bebidas y Refrescos,29.68,103
PROD-UNI-04448,Mafer Bubulubu Crujientes 415g,Snacks y Sabritas,35.8,235
PROD-UNI-04449,Sonrics Chips Queso y Chile 169g,Snacks y Sabritas,21.15,276
PROD-UNI-04450,La Corona Saladitas Queso Nacho 307g,Snacks y Sabritas,18.85,196
PROD-UNI-04451,Krilin Kranky Con Limón 87g,Snacks y Sabritas,29.92,131
PROD-UNI-04452,Knorr Frijoles Bayos Lata 140g,Abarrotes y Despensa,74.94,167
PROD-UNI-04453,Gamesa Fritos Adobadas 37g,Snacks y Sabritas,36.16,109
PROD-UNI-04454,Ciel Refresco de Toronja Lata 355ml,Bebidas y Refrescos,24.71,35
PROD-UNI-04455,Bonafont Agua Mineral No Retornable 500ml,Bebidas y Refrescos,24.42,209
PROD-UNI-04456,Marinela Crujitos Originales 43g,Snacks y Sabritas,54.37,185
PROD-UNI-04457,Bimbo Fritos Originales 200g,Snacks y Sabritas,21.3,155
PROD-UNI-04458,Del Valle Refrescos de Cola Lata 355ml,Bebidas y Refrescos,19.68,97
PROD-UNI-04459,Peñafiel Refresco de Manzana Familia 2L,Bebidas y Refrescos,36.1,226
PROD-UNI-04460,Clamato Agua Purificada Botella 1L,Bebidas y Refrescos,43.96,85
PROD-UNI-04461,Marinela Chips Flaming Hot 123g,Snacks y Sabritas,14.64,174
PROD-UNI-04462,Marinela Crujitos Sal Marina 62g,Snacks y Sabritas,47.41,284
PROD-UNI-04463,Peñafiel Refresco de Toronja Lata 355ml,Bebidas y Refrescos,27.18,41
PROD-UNI-04464,Marinela cacahuates Con Limón 221g,Snacks y Sabritas,15.16,154
PROD-UNI-04465,Mafer Gansito Crujientes 365g,Snacks y Sabritas,35.02,51
PROD-UNI-04466,Sonrics Chips Habanero 234g,Snacks y Sabritas,18.57,87
PROD-UNI-04467,Marinela Chokis Queso Nacho 309g,Snacks y Sabritas,17.38,83
PROD-UNI-04468,Totis Chips Crema y Especias 192g,Snacks y Sabritas,36.53,209
PROD-UNI-04469,Jarritos Agua Purificada 600ml,Bebidas y Refrescos,46.83,35
PROD-UNI-04470,Nestlé Frijoles Bayos Lata 140g,Abarrotes y Despensa,70.2,125
PROD-UNI-04471,Mafer Cheetos Crujientes 134g,Snacks y Sabritas,12.4,91
PROD-UNI-04472,La Corona Chokis Crujientes 247g,Snacks y Sabritas,28.08,271
PROD-UNI-04473,Alpura Cereal de Maíz Frasco 400g,Abarrotes y Despensa,52.42,250
PROD-UNI-04474,Mafer cacahuates Fuego 67g,Snacks y Sabritas,24.81,65
PROD-UNI-04475,Coca-Cola Company Agua Purificada No Retornable 500ml,Bebidas y Refrescos,21.54,146
PROD-UNI-04476,Krilin Crujitos Crujientes 163g,Snacks y Sabritas,25.35,41
PROD-UNI-04477,La Corona Cheetos Adobadas 38g,Snacks y Sabritas,30.66,255
PROD-UNI-04478,Bonafont Refresco de Naranja Pak 4x500ml,Bebidas y Refrescos,28.49,144
PROD-UNI-04479,La Corona Bubulubu Con Limón 236g,Snacks y Sabritas,34.61,296
PROD-UNI-04480,McCormick Mayonesa Frasco 400g,Abarrotes y Despensa,81.26,110
PROD-UNI-04481,Jumex Jugo de Manzana 600ml,Bebidas y Refrescos,16.79,281
PROD-UNI-04482,Mafer Crujitos Sal y Limón 108g,Snacks y Sabritas,17.12,261
PROD-UNI-04483,Clamato Néctar de Durazno Lata 473ml,Bebidas y Refrescos,31.59,194
PROD-UNI-04484,Sonrics Papas Sal Marina 81g,Snacks y Sabritas,16.18,26
PROD-UNI-04485,Barcel Paleta Payaso Sal Marina 377g,Snacks y Sabritas,26.45,179
PROD-UNI-04486,Bimbo Kranky Crujientes 440g,Snacks y Sabritas,53.37,144
PROD-UNI-04487,San Marcos Leche Entera Lata 220g,Abarrotes y Despensa,48.56,289
PROD-UNI-04488,Sabritas Bubulubu Queso Nacho 159g,Snacks y Sabritas,26.71,136
PROD-UNI-04489,Coca-Cola Company Néctar de Mango Familia 2L,Bebidas y Refrescos,44.98,47
PROD-UNI-04490,Barcel Kranky Extreme 156g,Snacks y Sabritas,53.5,245
PROD-UNI-04491,Sonrics Cheetos Crujientes 273g,Snacks y Sabritas,29.88,281
PROD-UNI-04492,PepsiCo Refresco de Naranja Lata 355ml,Bebidas y Refrescos,40.89,236
PROD-UNI-04493,Marinela cacahuates Flaming Hot 181g,Snacks y Sabritas,54.01,161
PROD-UNI-04494,Krilin cacahuates Queso Nacho 408g,Snacks y Sabritas,49.49,34
PROD-UNI-04495,Sonrics Bubulubu Habanero 173g,Snacks y Sabritas,47.35,22
PROD-UNI-04496,Churrumais Emperador Sal y Limón 221g,Snacks y Sabritas,53.6,28
PROD-UNI-04497,Totis Emperador Crema y Especias 262g,Snacks y Sabritas,14.45,88
PROD-UNI-04498,Peñafiel Bebida Isotónica Botella 1L,Bebidas y Refrescos,45.17,88
PROD-UNI-04499,Sabritas Saladitas Sal y Limón 119g,Snacks y Sabritas,41.91,193
PROD-UNI-04500,La Corona Totis Originales 147g,Snacks y Sabritas,34.03,205
PROD-UNI-04501,Ciel Agua Purificada Pak 4x500ml,Bebidas y Refrescos,39.6,118
PROD-UNI-04502,Sonrics Kranky Originales 289g,Snacks y Sabritas,40.47,84
PROD-UNI-04503,Duvalin Donas Sal Marina 237g,Snacks y Sabritas,48.93,270
PROD-UNI-04504,Del Valle Néctar de Durazno Familia 2L,Bebidas y Refrescos,32.06,154
PROD-UNI-04505,Krilin Donas Con Limón 57g,Snacks y Sabritas,36.46,20
PROD-UNI-04506,La Corona Saladitas Fuego 256g,Snacks y Sabritas,37.12,72
PROD-UNI-04507,Sabritas Paleta Payaso Queso Nacho 113g,Snacks y Sabritas,50.69,237
PROD-UNI-04508,La Costeña Frijoles Bayos Frasco 400g,Abarrotes y Despensa,30.61,131
PROD-UNI-04509,Nestlé Atún en Aceite Frasco 400g,Abarrotes y Despensa,84.23,148
PROD-UNI-04510,Ricolino Gansito Queso y Chile 75g,Snacks y Sabritas,30.9,62
PROD-UNI-04511,McCormick Chocolate en Polvo Lata 140g,Abarrotes y Despensa,76.49,110
PROD-UNI-04512,Fuze Tea Néctar de Mango Pak 4x500ml,Bebidas y Refrescos,40.02,263
PROD-UNI-04513,McCormick Chiles Jalapeños Lata 220g,Abarrotes y Despensa,50.72,270
PROD-UNI-04514,Nestlé Atún en Aceite Botella 370ml,Abarrotes y Despensa,49.94,16
PROD-UNI-04515,Ciel Refresco de Toronja 600ml,Bebidas y Refrescos,27.14,143
PROD-UNI-04516,Barcel Gansito Adobadas 249g,Snacks y Sabritas,41.29,49
PROD-UNI-04517,Bimex Sopa de Tomate Caja 500g,Abarrotes y Despensa,20.34,170
PROD-UNI-04518,PepsiCo Refresco de Naranja Botella 1L,Bebidas y Refrescos,22.93,137
PROD-UNI-04519,Mafer Saladitas Sal Marina 105g,Snacks y Sabritas,48.15,248
PROD-UNI-04520,Sabritas cacahuates Flaming Hot 226g,Snacks y Sabritas,47.04,276
PROD-UNI-04521,Duvalin Saladitas Queso y Chile 333g,Snacks y Sabritas,34.72,233
PROD-UNI-04522,Gamesa Fritos Flaming Hot 183g,Snacks y Sabritas,40.58,58
PROD-UNI-04523,Jarritos Té Negro Botella 1L,Bebidas y Refrescos,35.27,240
PROD-UNI-04524,Ciel Bebida Isotónica Familia 2L,Bebidas y Refrescos,47.71,60
PROD-UNI-04525,Ciel Refresco de Manzana No Retornable 500ml,Bebidas y Refrescos,21.39,212
PROD-UNI-04526,Mafer Donas Extreme 175g,Snacks y Sabritas,39.56,173
PROD-UNI-04527,Del Valle Refresco de Manzana Lata 355ml,Bebidas y Refrescos,14.21,233
PROD-UNI-04528,Ricolino Fritos Flaming Hot 402g,Snacks y Sabritas,48.49,228
PROD-UNI-04529,Gamesa Totis Queso Nacho 255g,Snacks y Sabritas,54.89,125
PROD-UNI-04530,Krilin Emperador Queso Nacho 308g,Snacks y Sabritas,39.87,162
PROD-UNI-04531,Lala Mayonesa 1L,Abarrotes y Despensa,75.08,81
PROD-UNI-04532,Sonrics Crujitos Originales 326g,Snacks y Sabritas,44.81,215
PROD-UNI-04533,Totis Fritos Con Limón 226g,Snacks y Sabritas,32.94,299
PROD-UNI-04534,Totis Crujitos Con Limón 81g,Snacks y Sabritas,50.19,157
PROD-UNI-04535,Marinela Papas Adobadas 179g,Snacks y Sabritas,44.83,79
PROD-UNI-04536,Alpura Atún en Aceite 1L,Abarrotes y Despensa,36.7,59
PROD-UNI-04537,Knorr Atún en Aceite Lata 220g,Abarrotes y Despensa,20.49,23
PROD-UNI-04538,Barcel Emperador Queso Nacho 196g,Snacks y Sabritas,32.54,143
PROD-UNI-04539,Totis Saladitas Con Limón 60g,Snacks y Sabritas,42.66,23
PROD-UNI-04540,Jumex Agua Purificada Botella 1L,Bebidas y Refrescos,46.57,104
PROD-UNI-04541,Clamato Bebida Energética Lata 473ml,Bebidas y Refrescos,45.6,135
PROD-UNI-04542,Churrumais Takis Adobadas 124g,Snacks y Sabritas,23.55,260
PROD-UNI-04543,Alpura Mayonesa Lata 140g,Abarrotes y Despensa,48.35,286
PROD-UNI-04544,Bonafont Té Verde No Retornable 500ml,Bebidas y Refrescos,35.43,119
PROD-UNI-04545,Nestlé Chocolate en Polvo Lata 140g,Abarrotes y Despensa,68.8,262
PROD-UNI-04546,La Costeña Cereal de Maíz 1L,Abarrotes y Despensa,24.02,214
PROD-UNI-04547,Jumex Jugo de Manzana Lata 355ml,Bebidas y Refrescos,35.31,100
PROD-UNI-04548,Churrumais Chokis Originales 176g,Snacks y Sabritas,34.49,189
PROD-UNI-04549,Coca-Cola Company Agua Purificada Vidrio 400ml,Bebidas y Refrescos,41.21,279
PROD-UNI-04550,PepsiCo Refresco de Naranja No Retornable 500ml,Bebidas y Refrescos,40.7,275
PROD-UNI-04551,Sabritas Fritos Con Limón 403g,Snacks y Sabritas,37.74,103
PROD-UNI-04552,Sidral Mundet Refresco de Manzana Botella 1L,Bebidas y Refrescos,40.63,100
PROD-UNI-04553,Gamesa Kranky Queso y Chile 202g,Snacks y Sabritas,37.12,258
PROD-UNI-04554,La Corona Takis Extreme 294g,Snacks y Sabritas,21.29,222
PROD-UNI-04555,Duvalin Cheetos Originales 100g,Snacks y Sabritas,33.26,187
PROD-UNI-04556,Herdez Sopa de Tomate Lata 140g,Abarrotes y Despensa,40.35,21
PROD-UNI-04557,La Corona Takis Crujientes 59g,Snacks y Sabritas,40.02,234
PROD-UNI-04558,Nestlé Chocolate en Polvo Lata 220g,Abarrotes y Despensa,25.14,291
PROD-UNI-04559,Bimbo Kranky Sal y Limón 60g,Snacks y Sabritas,35.57,84
PROD-UNI-04560,Sidral Mundet Refrescos de Cola Lata 355ml,Bebidas y Refrescos,35.53,179
PROD-UNI-04561,Totis Chips Originales 88g,Snacks y Sabritas,44.95,299
PROD-UNI-04562,Coca-Cola Company Néctar de Mango Vidrio 400ml,Bebidas y Refrescos,38,78
PROD-UNI-04563,Coca-Cola Company Néctar de Mango Botella 1L,Bebidas y Refrescos,32.6,148
PROD-UNI-04564,Sonrics Gansito Queso y Chile 36g,Snacks y Sabritas,44.49,240
PROD-UNI-04565,Ciel Bebida Energética Botella 1L,Bebidas y Refrescos,45.44,281
PROD-UNI-04566,Bonafont Néctar de Durazno Pak 4x500ml,Bebidas y Refrescos,45.08,64
PROD-UNI-04567,Churrumais Takis Fuego 279g,Snacks y Sabritas,36.6,133
PROD-UNI-04568,Marinela Kranky Originales 425g,Snacks y Sabritas,31.64,112
PROD-UNI-04569,Churrumais Totis Queso y Chile 293g,Snacks y Sabritas,53.2,101
PROD-UNI-04570,Jarritos Néctar de Durazno Pak 4x500ml,Bebidas y Refrescos,21.79,238
PROD-UNI-04571,Boing Bebida Isotónica Vidrio 400ml,Bebidas y Refrescos,24.66,78
PROD-UNI-04572,McCormick Frijoles Bayos 1L,Abarrotes y Despensa,33.89,224
PROD-UNI-04573,Peñafiel Refresco de Toronja Pak 4x500ml,Bebidas y Refrescos,42.34,286
PROD-UNI-04574,Fuze Tea Bebida Energética Lata 473ml,Bebidas y Refrescos,34.7,103
PROD-UNI-04575,Marinela Donas Adobadas 96g,Snacks y Sabritas,39.28,61
PROD-UNI-04576,Nestlé Chiles Jalapeños Frasco 400g,Abarrotes y Despensa,58,211
PROD-UNI-04577,Clamato Agua Purificada Pak 4x500ml,Bebidas y Refrescos,23.28,70
PROD-UNI-04578,Alpura Salsa Valentina Lata 220g,Abarrotes y Despensa,19.71,135
PROD-UNI-04579,Del Valle Agua Purificada Lata 473ml,Bebidas y Refrescos,15.74,188
PROD-UNI-04580,Ricolino Chips Sal Marina 128g,Snacks y Sabritas,18,48
PROD-UNI-04581,Peñafiel Refresco de Naranja Lata 355ml,Bebidas y Refrescos,29,260
PROD-UNI-04582,Sonrics Kranky Queso Nacho 69g,Snacks y Sabritas,42.81,113
PROD-UNI-04583,Gamesa Donas Crema y Especias 424g,Snacks y Sabritas,18.55,139
PROD-UNI-04584,Mafer Emperador Crujientes 109g,Snacks y Sabritas,16.81,259
PROD-UNI-04585,Churrumais Chips Fuego 156g,Snacks y Sabritas,42.38,189
PROD-UNI-04586,Ricolino Crujitos Sal y Limón 443g,Snacks y Sabritas,20.86,81
PROD-UNI-04587,Mafer Papas Crema y Especias 108g,Snacks y Sabritas,17.91,135
PROD-UNI-04588,Bimbo cacahuates Habanero 93g,Snacks y Sabritas,54.33,212
PROD-UNI-04589,Mafer Papas Fuego 94g,Snacks y Sabritas,35.72,111
PROD-UNI-04590,Duvalin Emperador Habanero 135g,Snacks y Sabritas,36.41,145
PROD-UNI-04591,Churrumais Kranky Sal Marina 336g,Snacks y Sabritas,54.36,65
PROD-UNI-04592,Fuze Tea Refrescos de Cola No Retornable 500ml,Bebidas y Refrescos,14.39,222
PROD-UNI-04593,Jarritos Refresco de Manzana Botella 1L,Bebidas y Refrescos,16.92,178
PROD-UNI-04594,Fuze Tea Néctar de Durazno Familia 2L,Bebidas y Refrescos,36.16,216
PROD-UNI-04595,La Corona Gansito Flaming Hot 189g,Snacks y Sabritas,24.35,75
PROD-UNI-04596,Peñafiel Néctar de Mango Familia 2L,Bebidas y Refrescos,47.07,204
PROD-UNI-04597,Del Valle Té Negro 600ml,Bebidas y Refrescos,24.79,295
PROD-UNI-04598,San Marcos Sopa de Tomate Caja 500g,Abarrotes y Despensa,55.44,122
PROD-UNI-04599,Ciel Agua Mineral No Retornable 500ml,Bebidas y Refrescos,42.86,123
PROD-UNI-04600,Duvalin Donas Queso Nacho 365g,Snacks y Sabritas,35.65,294
PROD-UNI-04601,Churrumais Chokis Queso Nacho 271g,Snacks y Sabritas,25.9,245
PROD-UNI-04602,Sabritas Fritos Crema y Especias 278g,Snacks y Sabritas,27.86,226
PROD-UNI-04603,Churrumais Bubulubu Con Limón 271g,Snacks y Sabritas,40.26,227
PROD-UNI-04604,Duvalin Takis Crema y Especias 86g,Snacks y Sabritas,43.17,228
PROD-UNI-04605,La Corona Crujitos Adobadas 299g,Snacks y Sabritas,23.37,284
PROD-UNI-04606,Barcel Totis Sal y Limón 319g,Snacks y Sabritas,45.69,103
PROD-UNI-04607,La Costeña Leche Entera Lata 220g,Abarrotes y Despensa,46.11,207
PROD-UNI-04608,Alpura Atún en Aceite Botella 370ml,Abarrotes y Despensa,41.39,265
PROD-UNI-04609,Mafer Bubulubu Fuego 272g,Snacks y Sabritas,40.9,234
PROD-UNI-04610,Sonrics Paleta Payaso Originales 420g,Snacks y Sabritas,26.02,74
PROD-UNI-04611,Barcel Kranky Sal y Limón 395g,Snacks y Sabritas,19.92,36
PROD-UNI-04612,Alpura Atún en Aceite Lata 220g,Abarrotes y Despensa,28.44,32
PROD-UNI-04613,Boing Refrescos de Cola 600ml,Bebidas y Refrescos,31.28,275
PROD-UNI-04614,Boing Refresco de Manzana Pak 4x500ml,Bebidas y Refrescos,21.7,65
PROD-UNI-04615,Gamesa Totis Sal Marina 42g,Snacks y Sabritas,50.07,208
PROD-UNI-04616,Churrumais Saladitas Sal Marina 31g,Snacks y Sabritas,35.97,228
PROD-UNI-04617,Clamato Agua Mineral No Retornable 500ml,Bebidas y Refrescos,19.32,114
PROD-UNI-04618,Churrumais Bubulubu Queso Nacho 297g,Snacks y Sabritas,33.6,38
PROD-UNI-04619,Grupo Modelo Té Verde No Retornable 500ml,Bebidas y Refrescos,34.25,273
PROD-UNI-04620,San Marcos Mayonesa Botella 370ml,Abarrotes y Despensa,51,158
PROD-UNI-04621,Krilin Cheetos Crema y Especias 450g,Snacks y Sabritas,41.56,24
PROD-UNI-04622,Duvalin Emperador Sal Marina 275g,Snacks y Sabritas,37.33,21
PROD-UNI-04623,Jumex Bebida Isotónica Botella 1L,Bebidas y Refrescos,35.76,229
PROD-UNI-04624,Sabritas Emperador Flaming Hot 47g,Snacks y Sabritas,17.76,104
PROD-UNI-04625,Mafer Chips Con Limón 121g,Snacks y Sabritas,12.38,162
PROD-UNI-04626,Ricolino Emperador Sal y Limón 124g,Snacks y Sabritas,19.48,261
PROD-UNI-04627,PepsiCo Refresco de Naranja Lata 473ml,Bebidas y Refrescos,16.93,97
PROD-UNI-04628,Ciel Bebida Energética 600ml,Bebidas y Refrescos,45.09,179
PROD-UNI-04629,Barcel Gansito Queso Nacho 389g,Snacks y Sabritas,19.93,194
PROD-UNI-04630,PepsiCo Refresco de Manzana Vidrio 400ml,Bebidas y Refrescos,42.01,289
PROD-UNI-04631,Churrumais Fritos Crujientes 246g,Snacks y Sabritas,46.03,131
PROD-UNI-04632,Gamesa cacahuates Crujientes 33g,Snacks y Sabritas,35.24,98
PROD-UNI-04633,Bimbo Totis Crujientes 355g,Snacks y Sabritas,42.23,299
PROD-UNI-04634,Jarritos Refrescos de Cola Botella 1L,Bebidas y Refrescos,19.3,252
PROD-UNI-04635,McCormick Atún en Aceite Caja 500g,Abarrotes y Despensa,71.22,297
PROD-UNI-04636,Sabritas Takis Crema y Especias 76g,Snacks y Sabritas,45.21,22
PROD-UNI-04637,Herdez Leche Entera Pouch 200g,Abarrotes y Despensa,75.59,55
PROD-UNI-04638,Krilin Papas Queso Nacho 368g,Snacks y Sabritas,21.38,162
PROD-UNI-04639,Gamesa Bubulubu Sal Marina 382g,Snacks y Sabritas,47.53,229
PROD-UNI-04640,Clamato Agua Mineral Vidrio 400ml,Bebidas y Refrescos,43.34,291
PROD-UNI-04641,Herdez Leche Entera Botella 370ml,Abarrotes y Despensa,40.95,167
PROD-UNI-04642,Sidral Mundet Bebida Energética Familia 2L,Bebidas y Refrescos,16.11,103
PROD-UNI-04643,Grupo Modelo Agua Purificada Botella 1L,Bebidas y Refrescos,28.96,101
PROD-UNI-04644,Marinela Chips Crema y Especias 359g,Snacks y Sabritas,49.24,262
PROD-UNI-04645,Krilin Fritos Adobadas 427g,Snacks y Sabritas,13.71,197
PROD-UNI-04646,Bimbo Cheetos Sal y Limón 122g,Snacks y Sabritas,27.7,296
PROD-UNI-04647,McCormick Salsa Valentina Caja 500g,Abarrotes y Despensa,34.55,54
PROD-UNI-04648,Ricolino Takis Fuego 326g,Snacks y Sabritas,17.01,112
PROD-UNI-04649,Nestlé Mayonesa Pouch 200g,Abarrotes y Despensa,75.97,113
PROD-UNI-04650,PepsiCo Té Negro Lata 473ml,Bebidas y Refrescos,15.47,143
PROD-UNI-04651,Bonafont Agua Purificada Vidrio 400ml,Bebidas y Refrescos,18.76,96
PROD-UNI-04652,Jarritos Refrescos de Cola Lata 355ml,Bebidas y Refrescos,30.85,25
PROD-UNI-04653,Boing Refresco de Toronja Lata 355ml,Bebidas y Refrescos,46.79,200
PROD-UNI-04654,Boing Agua Mineral Vidrio 400ml,Bebidas y Refrescos,27.17,236
PROD-UNI-04655,PepsiCo Té Verde Lata 355ml,Bebidas y Refrescos,32.31,51
PROD-UNI-04656,McCormick Atún en Aceite Lata 220g,Abarrotes y Despensa,40.39,268
PROD-UNI-04657,Barcel Chokis Flaming Hot 442g,Snacks y Sabritas,23.12,118
PROD-UNI-04658,La Costeña Sopa de Tomate Lata 220g,Abarrotes y Despensa,67.76,238
PROD-UNI-04659,Gamesa Emperador Fuego 337g,Snacks y Sabritas,18.71,77
PROD-UNI-04660,Duvalin Cheetos Flaming Hot 107g,Snacks y Sabritas,16.73,85
PROD-UNI-04661,Ricolino Fritos Habanero 275g,Snacks y Sabritas,29.42,271
PROD-UNI-04662,Duvalin cacahuates Queso Nacho 372g,Snacks y Sabritas,38.07,54
PROD-UNI-04663,Bimbo cacahuates Crema y Especias 274g,Snacks y Sabritas,28.25,205
PROD-UNI-04664,Ciel Refresco de Naranja Vidrio 400ml,Bebidas y Refrescos,29.74,79
PROD-UNI-04665,Knorr Mayonesa 1L,Abarrotes y Despensa,59.72,68
PROD-UNI-04666,Sidral Mundet Refresco de Manzana Pak 4x500ml,Bebidas y Refrescos,30.17,30
PROD-UNI-04667,La Corona Emperador Fuego 344g,Snacks y Sabritas,28.41,289
PROD-UNI-04668,Bimbo Emperador Queso y Chile 259g,Snacks y Sabritas,14.11,33
PROD-UNI-04669,Barcel Emperador Queso y Chile 276g,Snacks y Sabritas,45.96,55
PROD-UNI-04670,Gamesa Chokis Crujientes 143g,Snacks y Sabritas,35.35,228
PROD-UNI-04671,Ciel Bebida Energética Familia 2L,Bebidas y Refrescos,21.93,189
PROD-UNI-04672,Nestlé Mayonesa Lata 140g,Abarrotes y Despensa,83.78,213
PROD-UNI-04673,Churrumais Crujitos Sal y Limón 391g,Snacks y Sabritas,14.23,85
PROD-UNI-04674,Jumex Refresco de Toronja Pak 4x500ml,Bebidas y Refrescos,28.34,21
PROD-UNI-04675,Coca-Cola Company Bebida Energética Botella 1L,Bebidas y Refrescos,42.72,188
PROD-UNI-04676,Bimbo Fritos Con Limón 104g,Snacks y Sabritas,53.75,300
PROD-UNI-04677,Del Valle Agua Mineral 600ml,Bebidas y Refrescos,21.39,104
PROD-UNI-04678,Gamesa Chokis Flaming Hot 425g,Snacks y Sabritas,21.21,178
PROD-UNI-04679,Sabritas Paleta Payaso Queso y Chile 72g,Snacks y Sabritas,54.92,91
PROD-UNI-04680,Totis Gansito Flaming Hot 63g,Snacks y Sabritas,34.46,210
PROD-UNI-04681,Marinela Takis Con Limón 279g,Snacks y Sabritas,39.32,60
PROD-UNI-04682,Ricolino Fritos Extreme 73g,Snacks y Sabritas,17.73,69
PROD-UNI-04683,Sonrics Paleta Payaso Habanero 127g,Snacks y Sabritas,44.06,173
PROD-UNI-04684,Sabritas Saladitas Queso Nacho 195g,Snacks y Sabritas,17.63,116
PROD-UNI-04685,Mafer Takis Sal y Limón 239g,Snacks y Sabritas,49.26,55
PROD-UNI-04686,Sonrics Kranky Crujientes 309g,Snacks y Sabritas,17.01,112
PROD-UNI-04687,Producto Genérico Latam Edición Especial 4687,Varios,25.5,179
PROD-UNI-04688,Producto Genérico Latam Edición Especial 4688,Varios,25.5,114
PROD-UNI-04689,Producto Genérico Latam Edición Especial 4689,Varios,25.5,167
PROD-UNI-04690,Producto Genérico Latam Edición Especial 4690,Varios,25.5,82
PROD-UNI-04691,Producto Genérico Latam Edición Especial 4691,Varios,25.5,187
PROD-UNI-04692,Producto Genérico Latam Edición Especial 4692,Varios,25.5,174
PROD-UNI-04693,Producto Genérico Latam Edición Especial 4693,Varios,25.5,207
PROD-UNI-04694,Producto Genérico Latam Edición Especial 4694,Varios,25.5,120
PROD-UNI-04695,Producto Genérico Latam Edición Especial 4695,Varios,25.5,146
PROD-UNI-04696,Producto Genérico Latam Edición Especial 4696,Varios,25.5,64
PROD-UNI-04697,Producto Genérico Latam Edición Especial 4697,Varios,25.5,294
PROD-UNI-04698,Producto Genérico Latam Edición Especial 4698,Varios,25.5,228
PROD-UNI-04699,Producto Genérico Latam Edición Especial 4699,Varios,25.5,21
PROD-UNI-04700,Producto Genérico Latam Edición Especial 4700,Varios,25.5,192
PROD-UNI-04701,Producto Genérico Latam Edición Especial 4701,Varios,25.5,32
PROD-UNI-04702,Producto Genérico Latam Edición Especial 4702,Varios,25.5,170
PROD-UNI-04703,Producto Genérico Latam Edición Especial 4703,Varios,25.5,119
PROD-UNI-04704,Producto Genérico Latam Edición Especial 4704,Varios,25.5,229
PROD-UNI-04705,Producto Genérico Latam Edición Especial 4705,Varios,25.5,182
PROD-UNI-04706,Producto Genérico Latam Edición Especial 4706,Varios,25.5,169
PROD-UNI-04707,Producto Genérico Latam Edición Especial 4707,Varios,25.5,276
PROD-UNI-04708,Producto Genérico Latam Edición Especial 4708,Varios,25.5,253
PROD-UNI-04709,Producto Genérico Latam Edición Especial 4709,Varios,25.5,90
PROD-UNI-04710,Producto Genérico Latam Edición Especial 4710,Varios,25.5,226
PROD-UNI-04711,Producto Genérico Latam Edición Especial 4711,Varios,25.5,195
PROD-UNI-04712,Producto Genérico Latam Edición Especial 4712,Varios,25.5,93
PROD-UNI-04713,Producto Genérico Latam Edición Especial 4713,Varios,25.5,109
PROD-UNI-04714,Producto Genérico Latam Edición Especial 4714,Varios,25.5,222
PROD-UNI-04715,Producto Genérico Latam Edición Especial 4715,Varios,25.5,176
PROD-UNI-04716,Producto Genérico Latam Edición Especial 4716,Varios,25.5,299
PROD-UNI-04717,Producto Genérico Latam Edición Especial 4717,Varios,25.5,239
PROD-UNI-04718,Producto Genérico Latam Edición Especial 4718,Varios,25.5,276
PROD-UNI-04719,Producto Genérico Latam Edición Especial 4719,Varios,25.5,36
PROD-UNI-04720,Producto Genérico Latam Edición Especial 4720,Varios,25.5,94
PROD-UNI-04721,Producto Genérico Latam Edición Especial 4721,Varios,25.5,233
PROD-UNI-04722,Producto Genérico Latam Edición Especial 4722,Varios,25.5,248
PROD-UNI-04723,Producto Genérico Latam Edición Especial 4723,Varios,25.5,280
PROD-UNI-04724,Producto Genérico Latam Edición Especial 4724,Varios,25.5,62
PROD-UNI-04725,Producto Genérico Latam Edición Especial 4725,Varios,25.5,266
PROD-UNI-04726,Producto Genérico Latam Edición Especial 4726,Varios,25.5,125
PROD-UNI-04727,Producto Genérico Latam Edición Especial 4727,Varios,25.5,103
PROD-UNI-04728,Producto Genérico Latam Edición Especial 4728,Varios,25.5,42
PROD-UNI-04729,Producto Genérico Latam Edición Especial 4729,Varios,25.5,177
PROD-UNI-04730,Producto Genérico Latam Edición Especial 4730,Varios,25.5,196
PROD-UNI-04731,Producto Genérico Latam Edición Especial 4731,Varios,25.5,43
PROD-UNI-04732,Producto Genérico Latam Edición Especial 4732,Varios,25.5,144
PROD-UNI-04733,Producto Genérico Latam Edición Especial 4733,Varios,25.5,216
PROD-UNI-04734,Producto Genérico Latam Edición Especial 4734,Varios,25.5,262
PROD-UNI-04735,Producto Genérico Latam Edición Especial 4735,Varios,25.5,206
PROD-UNI-04736,Producto Genérico Latam Edición Especial 4736,Varios,25.5,257
PROD-UNI-04737,Producto Genérico Latam Edición Especial 4737,Varios,25.5,108
PROD-UNI-04738,Producto Genérico Latam Edición Especial 4738,Varios,25.5,207
PROD-UNI-04739,Producto Genérico Latam Edición Especial 4739,Varios,25.5,233
PROD-UNI-04740,Producto Genérico Latam Edición Especial 4740,Varios,25.5,129
PROD-UNI-04741,Producto Genérico Latam Edición Especial 4741,Varios,25.5,248
PROD-UNI-04742,Producto Genérico Latam Edición Especial 4742,Varios,25.5,26
PROD-UNI-04743,Producto Genérico Latam Edición Especial 4743,Varios,25.5,288
PROD-UNI-04744,Producto Genérico Latam Edición Especial 4744,Varios,25.5,42
PROD-UNI-04745,Producto Genérico Latam Edición Especial 4745,Varios,25.5,137
PROD-UNI-04746,Producto Genérico Latam Edición Especial 4746,Varios,25.5,74
PROD-UNI-04747,Producto Genérico Latam Edición Especial 4747,Varios,25.5,232
PROD-UNI-04748,Producto Genérico Latam Edición Especial 4748,Varios,25.5,136
PROD-UNI-04749,Producto Genérico Latam Edición Especial 4749,Varios,25.5,131
PROD-UNI-04750,Producto Genérico Latam Edición Especial 4750,Varios,25.5,203
PROD-UNI-04751,Producto Genérico Latam Edición Especial 4751,Varios,25.5,112
PROD-UNI-04752,Producto Genérico Latam Edición Especial 4752,Varios,25.5,146
PROD-UNI-04753,Producto Genérico Latam Edición Especial 4753,Varios,25.5,122
PROD-UNI-04754,Producto Genérico Latam Edición Especial 4754,Varios,25.5,231
PROD-UNI-04755,Producto Genérico Latam Edición Especial 4755,Varios,25.5,98
PROD-UNI-04756,Producto Genérico Latam Edición Especial 4756,Varios,25.5,18
PROD-UNI-04757,Producto Genérico Latam Edición Especial 4757,Varios,25.5,135
PROD-UNI-04758,Producto Genérico Latam Edición Especial 4758,Varios,25.5,197
PROD-UNI-04759,Producto Genérico Latam Edición Especial 4759,Varios,25.5,102
PROD-UNI-04760,Producto Genérico Latam Edición Especial 4760,Varios,25.5,201
PROD-UNI-04761,Producto Genérico Latam Edición Especial 4761,Varios,25.5,267
PROD-UNI-04762,Producto Genérico Latam Edición Especial 4762,Varios,25.5,26
PROD-UNI-04763,Producto Genérico Latam Edición Especial 4763,Varios,25.5,31
PROD-UNI-04764,Producto Genérico Latam Edición Especial 4764,Varios,25.5,164
PROD-UNI-04765,Producto Genérico Latam Edición Especial 4765,Varios,25.5,215
PROD-UNI-04766,Producto Genérico Latam Edición Especial 4766,Varios,25.5,238
PROD-UNI-04767,Producto Genérico Latam Edición Especial 4767,Varios,25.5,228
PROD-UNI-04768,Producto Genérico Latam Edición Especial 4768,Varios,25.5,205
PROD-UNI-04769,Producto Genérico Latam Edición Especial 4769,Varios,25.5,67
PROD-UNI-04770,Producto Genérico Latam Edición Especial 4770,Varios,25.5,42
PROD-UNI-04771,Producto Genérico Latam Edición Especial 4771,Varios,25.5,156
PROD-UNI-04772,Producto Genérico Latam Edición Especial 4772,Varios,25.5,227
PROD-UNI-04773,Producto Genérico Latam Edición Especial 4773,Varios,25.5,259
PROD-UNI-04774,Producto Genérico Latam Edición Especial 4774,Varios,25.5,242
PROD-UNI-04775,Producto Genérico Latam Edición Especial 4775,Varios,25.5,155
PROD-UNI-04776,Producto Genérico Latam Edición Especial 4776,Varios,25.5,88
PROD-UNI-04777,Producto Genérico Latam Edición Especial 4777,Varios,25.5,59
PROD-UNI-04778,Producto Genérico Latam Edición Especial 4778,Varios,25.5,80
PROD-UNI-04779,Producto Genérico Latam Edición Especial 4779,Varios,25.5,16
PROD-UNI-04780,Producto Genérico Latam Edición Especial 4780,Varios,25.5,90
PROD-UNI-04781,Producto Genérico Latam Edición Especial 4781,Varios,25.5,236
PROD-UNI-04782,Producto Genérico Latam Edición Especial 4782,Varios,25.5,239
PROD-UNI-04783,Producto Genérico Latam Edición Especial 4783,Varios,25.5,256
PROD-UNI-04784,Producto Genérico Latam Edición Especial 4784,Varios,25.5,15
PROD-UNI-04785,Producto Genérico Latam Edición Especial 4785,Varios,25.5,92
PROD-UNI-04786,Producto Genérico Latam Edición Especial 4786,Varios,25.5,151
PROD-UNI-04787,Producto Genérico Latam Edición Especial 4787,Varios,25.5,102
PROD-UNI-04788,Producto Genérico Latam Edición Especial 4788,Varios,25.5,170
PROD-UNI-04789,Producto Genérico Latam Edición Especial 4789,Varios,25.5,169
PROD-UNI-04790,Producto Genérico Latam Edición Especial 4790,Varios,25.5,67
PROD-UNI-04791,Producto Genérico Latam Edición Especial 4791,Varios,25.5,98
PROD-UNI-04792,Producto Genérico Latam Edición Especial 4792,Varios,25.5,18
PROD-UNI-04793,Producto Genérico Latam Edición Especial 4793,Varios,25.5,98
PROD-UNI-04794,Producto Genérico Latam Edición Especial 4794,Varios,25.5,156
PROD-UNI-04795,Producto Genérico Latam Edición Especial 4795,Varios,25.5,150
PROD-UNI-04796,Producto Genérico Latam Edición Especial 4796,Varios,25.5,273
PROD-UNI-04797,Producto Genérico Latam Edición Especial 4797,Varios,25.5,67
PROD-UNI-04798,Producto Genérico Latam Edición Especial 4798,Varios,25.5,227
PROD-UNI-04799,Producto Genérico Latam Edición Especial 4799,Varios,25.5,223
PROD-UNI-04800,Producto Genérico Latam Edición Especial 4800,Varios,25.5,27
PROD-UNI-04801,Producto Genérico Latam Edición Especial 4801,Varios,25.5,174
PROD-UNI-04802,Producto Genérico Latam Edición Especial 4802,Varios,25.5,35
PROD-UNI-04803,Producto Genérico Latam Edición Especial 4803,Varios,25.5,184
PROD-UNI-04804,Producto Genérico Latam Edición Especial 4804,Varios,25.5,86
PROD-UNI-04805,Producto Genérico Latam Edición Especial 4805,Varios,25.5,191
PROD-UNI-04806,Producto Genérico Latam Edición Especial 4806,Varios,25.5,121
PROD-UNI-04807,Producto Genérico Latam Edición Especial 4807,Varios,25.5,164
PROD-UNI-04808,Producto Genérico Latam Edición Especial 4808,Varios,25.5,160
PROD-UNI-04809,Producto Genérico Latam Edición Especial 4809,Varios,25.5,100
PROD-UNI-04810,Producto Genérico Latam Edición Especial 4810,Varios,25.5,16
PROD-UNI-04811,Producto Genérico Latam Edición Especial 4811,Varios,25.5,62
PROD-UNI-04812,Producto Genérico Latam Edición Especial 4812,Varios,25.5,273
PROD-UNI-04813,Producto Genérico Latam Edición Especial 4813,Varios,25.5,157
PROD-UNI-04814,Producto Genérico Latam Edición Especial 4814,Varios,25.5,175
PROD-UNI-04815,Producto Genérico Latam Edición Especial 4815,Varios,25.5,239
PROD-UNI-04816,Producto Genérico Latam Edición Especial 4816,Varios,25.5,154
PROD-UNI-04817,Producto Genérico Latam Edición Especial 4817,Varios,25.5,285
PROD-UNI-04818,Producto Genérico Latam Edición Especial 4818,Varios,25.5,220
PROD-UNI-04819,Producto Genérico Latam Edición Especial 4819,Varios,25.5,23
PROD-UNI-04820,Producto Genérico Latam Edición Especial 4820,Varios,25.5,231
PROD-UNI-04821,Producto Genérico Latam Edición Especial 4821,Varios,25.5,134
PROD-UNI-04822,Producto Genérico Latam Edición Especial 4822,Varios,25.5,72
PROD-UNI-04823,Producto Genérico Latam Edición Especial 4823,Varios,25.5,297
PROD-UNI-04824,Producto Genérico Latam Edición Especial 4824,Varios,25.5,110
PROD-UNI-04825,Producto Genérico Latam Edición Especial 4825,Varios,25.5,280
PROD-UNI-04826,Producto Genérico Latam Edición Especial 4826,Varios,25.5,16
PROD-UNI-04827,Producto Genérico Latam Edición Especial 4827,Varios,25.5,41
PROD-UNI-04828,Producto Genérico Latam Edición Especial 4828,Varios,25.5,149
PROD-UNI-04829,Producto Genérico Latam Edición Especial 4829,Varios,25.5,198
PROD-UNI-04830,Producto Genérico Latam Edición Especial 4830,Varios,25.5,46
PROD-UNI-04831,Producto Genérico Latam Edición Especial 4831,Varios,25.5,113
PROD-UNI-04832,Producto Genérico Latam Edición Especial 4832,Varios,25.5,16
PROD-UNI-04833,Producto Genérico Latam Edición Especial 4833,Varios,25.5,142
PROD-UNI-04834,Producto Genérico Latam Edición Especial 4834,Varios,25.5,160
PROD-UNI-04835,Producto Genérico Latam Edición Especial 4835,Varios,25.5,244
PROD-UNI-04836,Producto Genérico Latam Edición Especial 4836,Varios,25.5,253
PROD-UNI-04837,Producto Genérico Latam Edición Especial 4837,Varios,25.5,201
PROD-UNI-04838,Producto Genérico Latam Edición Especial 4838,Varios,25.5,17
PROD-UNI-04839,Producto Genérico Latam Edición Especial 4839,Varios,25.5,247
PROD-UNI-04840,Producto Genérico Latam Edición Especial 4840,Varios,25.5,256
PROD-UNI-04841,Producto Genérico Latam Edición Especial 4841,Varios,25.5,34
PROD-UNI-04842,Producto Genérico Latam Edición Especial 4842,Varios,25.5,255
PROD-UNI-04843,Producto Genérico Latam Edición Especial 4843,Varios,25.5,203
PROD-UNI-04844,Producto Genérico Latam Edición Especial 4844,Varios,25.5,269
PROD-UNI-04845,Producto Genérico Latam Edición Especial 4845,Varios,25.5,53
PROD-UNI-04846,Producto Genérico Latam Edición Especial 4846,Varios,25.5,110
PROD-UNI-04847,Producto Genérico Latam Edición Especial 4847,Varios,25.5,70
PROD-UNI-04848,Producto Genérico Latam Edición Especial 4848,Varios,25.5,135
PROD-UNI-04849,Producto Genérico Latam Edición Especial 4849,Varios,25.5,276
PROD-UNI-04850,Producto Genérico Latam Edición Especial 4850,Varios,25.5,217
PROD-UNI-04851,Producto Genérico Latam Edición Especial 4851,Varios,25.5,102
PROD-UNI-04852,Producto Genérico Latam Edición Especial 4852,Varios,25.5,77
PROD-UNI-04853,Producto Genérico Latam Edición Especial 4853,Varios,25.5,264
PROD-UNI-04854,Producto Genérico Latam Edición Especial 4854,Varios,25.5,211
PROD-UNI-04855,Producto Genérico Latam Edición Especial 4855,Varios,25.5,76
PROD-UNI-04856,Producto Genérico Latam Edición Especial 4856,Varios,25.5,118
PROD-UNI-04857,Producto Genérico Latam Edición Especial 4857,Varios,25.5,258
PROD-UNI-04858,Producto Genérico Latam Edición Especial 4858,Varios,25.5,201
PROD-UNI-04859,Producto Genérico Latam Edición Especial 4859,Varios,25.5,34
PROD-UNI-04860,Producto Genérico Latam Edición Especial 4860,Varios,25.5,193
PROD-UNI-04861,Producto Genérico Latam Edición Especial 4861,Varios,25.5,282
PROD-UNI-04862,Producto Genérico Latam Edición Especial 4862,Varios,25.5,39
PROD-UNI-04863,Producto Genérico Latam Edición Especial 4863,Varios,25.5,35
PROD-UNI-04864,Producto Genérico Latam Edición Especial 4864,Varios,25.5,27
PROD-UNI-04865,Producto Genérico Latam Edición Especial 4865,Varios,25.5,81
PROD-UNI-04866,Producto Genérico Latam Edición Especial 4866,Varios,25.5,151
PROD-UNI-04867,Producto Genérico Latam Edición Especial 4867,Varios,25.5,23
PROD-UNI-04868,Producto Genérico Latam Edición Especial 4868,Varios,25.5,52
PROD-UNI-04869,Producto Genérico Latam Edición Especial 4869,Varios,25.5,149
PROD-UNI-04870,Producto Genérico Latam Edición Especial 4870,Varios,25.5,208
PROD-UNI-04871,Producto Genérico Latam Edición Especial 4871,Varios,25.5,195
PROD-UNI-04872,Producto Genérico Latam Edición Especial 4872,Varios,25.5,51
PROD-UNI-04873,Producto Genérico Latam Edición Especial 4873,Varios,25.5,57
PROD-UNI-04874,Producto Genérico Latam Edición Especial 4874,Varios,25.5,37
PROD-UNI-04875,Producto Genérico Latam Edición Especial 4875,Varios,25.5,21
PROD-UNI-04876,Producto Genérico Latam Edición Especial 4876,Varios,25.5,50
PROD-UNI-04877,Producto Genérico Latam Edición Especial 4877,Varios,25.5,215
PROD-UNI-04878,Producto Genérico Latam Edición Especial 4878,Varios,25.5,158
PROD-UNI-04879,Producto Genérico Latam Edición Especial 4879,Varios,25.5,78
PROD-UNI-04880,Producto Genérico Latam Edición Especial 4880,Varios,25.5,183
PROD-UNI-04881,Producto Genérico Latam Edición Especial 4881,Varios,25.5,76
PROD-UNI-04882,Producto Genérico Latam Edición Especial 4882,Varios,25.5,255
PROD-UNI-04883,Producto Genérico Latam Edición Especial 4883,Varios,25.5,219
PROD-UNI-04884,Producto Genérico Latam Edición Especial 4884,Varios,25.5,69
PROD-UNI-04885,Producto Genérico Latam Edición Especial 4885,Varios,25.5,234
PROD-UNI-04886,Producto Genérico Latam Edición Especial 4886,Varios,25.5,178
PROD-UNI-04887,Producto Genérico Latam Edición Especial 4887,Varios,25.5,219
PROD-UNI-04888,Producto Genérico Latam Edición Especial 4888,Varios,25.5,96
PROD-UNI-04889,Producto Genérico Latam Edición Especial 4889,Varios,25.5,104
PROD-UNI-04890,Producto Genérico Latam Edición Especial 4890,Varios,25.5,251
PROD-UNI-04891,Producto Genérico Latam Edición Especial 4891,Varios,25.5,264
PROD-UNI-04892,Producto Genérico Latam Edición Especial 4892,Varios,25.5,139
PROD-UNI-04893,Producto Genérico Latam Edición Especial 4893,Varios,25.5,286
PROD-UNI-04894,Producto Genérico Latam Edición Especial 4894,Varios,25.5,134
PROD-UNI-04895,Producto Genérico Latam Edición Especial 4895,Varios,25.5,53
PROD-UNI-04896,Producto Genérico Latam Edición Especial 4896,Varios,25.5,253
PROD-UNI-04897,Producto Genérico Latam Edición Especial 4897,Varios,25.5,137
PROD-UNI-04898,Producto Genérico Latam Edición Especial 4898,Varios,25.5,183
PROD-UNI-04899,Producto Genérico Latam Edición Especial 4899,Varios,25.5,199
PROD-UNI-04900,Producto Genérico Latam Edición Especial 4900,Varios,25.5,56
PROD-UNI-04901,Producto Genérico Latam Edición Especial 4901,Varios,25.5,198
PROD-UNI-04902,Producto Genérico Latam Edición Especial 4902,Varios,25.5,133
PROD-UNI-04903,Producto Genérico Latam Edición Especial 4903,Varios,25.5,232
PROD-UNI-04904,Producto Genérico Latam Edición Especial 4904,Varios,25.5,66
PROD-UNI-04905,Producto Genérico Latam Edición Especial 4905,Varios,25.5,160
PROD-UNI-04906,Producto Genérico Latam Edición Especial 4906,Varios,25.5,128
PROD-UNI-04907,Producto Genérico Latam Edición Especial 4907,Varios,25.5,198
PROD-UNI-04908,Producto Genérico Latam Edición Especial 4908,Varios,25.5,284
PROD-UNI-04909,Producto Genérico Latam Edición Especial 4909,Varios,25.5,178
PROD-UNI-04910,Producto Genérico Latam Edición Especial 4910,Varios,25.5,156
PROD-UNI-04911,Producto Genérico Latam Edición Especial 4911,Varios,25.5,194
PROD-UNI-04912,Producto Genérico Latam Edición Especial 4912,Varios,25.5,227
PROD-UNI-04913,Producto Genérico Latam Edición Especial 4913,Varios,25.5,47
PROD-UNI-04914,Producto Genérico Latam Edición Especial 4914,Varios,25.5,177
PROD-UNI-04915,Producto Genérico Latam Edición Especial 4915,Varios,25.5,250
PROD-UNI-04916,Producto Genérico Latam Edición Especial 4916,Varios,25.5,261
PROD-UNI-04917,Producto Genérico Latam Edición Especial 4917,Varios,25.5,35
PROD-UNI-04918,Producto Genérico Latam Edición Especial 4918,Varios,25.5,107
PROD-UNI-04919,Producto Genérico Latam Edición Especial 4919,Varios,25.5,225
PROD-UNI-04920,Producto Genérico Latam Edición Especial 4920,Varios,25.5,199
PROD-UNI-04921,Producto Genérico Latam Edición Especial 4921,Varios,25.5,202
PROD-UNI-04922,Producto Genérico Latam Edición Especial 4922,Varios,25.5,205
PROD-UNI-04923,Producto Genérico Latam Edición Especial 4923,Varios,25.5,214
PROD-UNI-04924,Producto Genérico Latam Edición Especial 4924,Varios,25.5,100
PROD-UNI-04925,Producto Genérico Latam Edición Especial 4925,Varios,25.5,91
PROD-UNI-04926,Producto Genérico Latam Edición Especial 4926,Varios,25.5,215
PROD-UNI-04927,Producto Genérico Latam Edición Especial 4927,Varios,25.5,271
PROD-UNI-04928,Producto Genérico Latam Edición Especial 4928,Varios,25.5,161
PROD-UNI-04929,Producto Genérico Latam Edición Especial 4929,Varios,25.5,52
PROD-UNI-04930,Producto Genérico Latam Edición Especial 4930,Varios,25.5,173
PROD-UNI-04931,Producto Genérico Latam Edición Especial 4931,Varios,25.5,149
PROD-UNI-04932,Producto Genérico Latam Edición Especial 4932,Varios,25.5,33
PROD-UNI-04933,Producto Genérico Latam Edición Especial 4933,Varios,25.5,122
PROD-UNI-04934,Producto Genérico Latam Edición Especial 4934,Varios,25.5,103
PROD-UNI-04935,Producto Genérico Latam Edición Especial 4935,Varios,25.5,38
PROD-UNI-04936,Producto Genérico Latam Edición Especial 4936,Varios,25.5,207
PROD-UNI-04937,Producto Genérico Latam Edición Especial 4937,Varios,25.5,15
PROD-UNI-04938,Producto Genérico Latam Edición Especial 4938,Varios,25.5,287
PROD-UNI-04939,Producto Genérico Latam Edición Especial 4939,Varios,25.5,103
PROD-UNI-04940,Producto Genérico Latam Edición Especial 4940,Varios,25.5,200
PROD-UNI-04941,Producto Genérico Latam Edición Especial 4941,Varios,25.5,130
PROD-UNI-04942,Producto Genérico Latam Edición Especial 4942,Varios,25.5,134
PROD-UNI-04943,Producto Genérico Latam Edición Especial 4943,Varios,25.5,191
PROD-UNI-04944,Producto Genérico Latam Edición Especial 4944,Varios,25.5,55
PROD-UNI-04945,Producto Genérico Latam Edición Especial 4945,Varios,25.5,26
PROD-UNI-04946,Producto Genérico Latam Edición Especial 4946,Varios,25.5,267
PROD-UNI-04947,Producto Genérico Latam Edición Especial 4947,Varios,25.5,176
PROD-UNI-04948,Producto Genérico Latam Edición Especial 4948,Varios,25.5,135
PROD-UNI-04949,Producto Genérico Latam Edición Especial 4949,Varios,25.5,223
PROD-UNI-04950,Producto Genérico Latam Edición Especial 4950,Varios,25.5,18
PROD-UNI-04951,Producto Genérico Latam Edición Especial 4951,Varios,25.5,195
PROD-UNI-04952,Producto Genérico Latam Edición Especial 4952,Varios,25.5,108
PROD-UNI-04953,Producto Genérico Latam Edición Especial 4953,Varios,25.5,55
PROD-UNI-04954,Producto Genérico Latam Edición Especial 4954,Varios,25.5,43
PROD-UNI-04955,Producto Genérico Latam Edición Especial 4955,Varios,25.5,292
PROD-UNI-04956,Producto Genérico Latam Edición Especial 4956,Varios,25.5,246
PROD-UNI-04957,Producto Genérico Latam Edición Especial 4957,Varios,25.5,156
PROD-UNI-04958,Producto Genérico Latam Edición Especial 4958,Varios,25.5,159
PROD-UNI-04959,Producto Genérico Latam Edición Especial 4959,Varios,25.5,16
PROD-UNI-04960,Producto Genérico Latam Edición Especial 4960,Varios,25.5,285
PROD-UNI-04961,Producto Genérico Latam Edición Especial 4961,Varios,25.5,271
PROD-UNI-04962,Producto Genérico Latam Edición Especial 4962,Varios,25.5,214
PROD-UNI-04963,Producto Genérico Latam Edición Especial 4963,Varios,25.5,270
PROD-UNI-04964,Producto Genérico Latam Edición Especial 4964,Varios,25.5,82
PROD-UNI-04965,Producto Genérico Latam Edición Especial 4965,Varios,25.5,277
PROD-UNI-04966,Producto Genérico Latam Edición Especial 4966,Varios,25.5,63
PROD-UNI-04967,Producto Genérico Latam Edición Especial 4967,Varios,25.5,200
PROD-UNI-04968,Producto Genérico Latam Edición Especial 4968,Varios,25.5,18
PROD-UNI-04969,Producto Genérico Latam Edición Especial 4969,Varios,25.5,251
PROD-UNI-04970,Producto Genérico Latam Edición Especial 4970,Varios,25.5,233
PROD-UNI-04971,Producto Genérico Latam Edición Especial 4971,Varios,25.5,88
PROD-UNI-04972,Producto Genérico Latam Edición Especial 4972,Varios,25.5,109
PROD-UNI-04973,Producto Genérico Latam Edición Especial 4973,Varios,25.5,31
PROD-UNI-04974,Producto Genérico Latam Edición Especial 4974,Varios,25.5,53
PROD-UNI-04975,Producto Genérico Latam Edición Especial 4975,Varios,25.5,149
PROD-UNI-04976,Producto Genérico Latam Edición Especial 4976,Varios,25.5,55
PROD-UNI-04977,Producto Genérico Latam Edición Especial 4977,Varios,25.5,29
PROD-UNI-04978,Producto Genérico Latam Edición Especial 4978,Varios,25.5,274
PROD-UNI-04979,Producto Genérico Latam Edición Especial 4979,Varios,25.5,168
PROD-UNI-04980,Producto Genérico Latam Edición Especial 4980,Varios,25.5,70
PROD-UNI-04981,Producto Genérico Latam Edición Especial 4981,Varios,25.5,168
PROD-UNI-04982,Producto Genérico Latam Edición Especial 4982,Varios,25.5,69
PROD-UNI-04983,Producto Genérico Latam Edición Especial 4983,Varios,25.5,78
PROD-UNI-04984,Producto Genérico Latam Edición Especial 4984,Varios,25.5,122
PROD-UNI-04985,Producto Genérico Latam Edición Especial 4985,Varios,25.5,279
PROD-UNI-04986,Producto Genérico Latam Edición Especial 4986,Varios,25.5,89
PROD-UNI-04987,Producto Genérico Latam Edición Especial 4987,Varios,25.5,204
PROD-UNI-04988,Producto Genérico Latam Edición Especial 4988,Varios,25.5,116
PROD-UNI-04989,Producto Genérico Latam Edición Especial 4989,Varios,25.5,250
PROD-UNI-04990,Producto Genérico Latam Edición Especial 4990,Varios,25.5,116
PROD-UNI-04991,Producto Genérico Latam Edición Especial 4991,Varios,25.5,150
PROD-UNI-04992,Producto Genérico Latam Edición Especial 4992,Varios,25.5,139
PROD-UNI-04993,Producto Genérico Latam Edición Especial 4993,Varios,25.5,253
PROD-UNI-04994,Producto Genérico Latam Edición Especial 4994,Varios,25.5,259
PROD-UNI-04995,Producto Genérico Latam Edición Especial 4995,Varios,25.5,107
PROD-UNI-04996,Producto Genérico Latam Edición Especial 4996,Varios,25.5,270
PROD-UNI-04997,Producto Genérico Latam Edición Especial 4997,Varios,25.5,47
PROD-UNI-04998,Producto Genérico Latam Edición Especial 4998,Varios,25.5,136
PROD-UNI-04999,Producto Genérico Latam Edición Especial 4999,Varios,25.5,223
PROD-UNI-05000,Producto Genérico Latam Edición Especial 5000,Varios,25.5,185
